N,sigma_trunc_Q0,sigma_model
1000000,1.7604309799873963,0.0011001636607006079
1000002,2.6406469021995114,0.0016502457611614707
1000004,1.3617092766591268,0.0008509865366207128
1000006,1.5843876588875812,0.0009901471552057706
1000008,3.0552056125995524,0.0019093200637577007
1000010,1.9562231085587032,0.0012225219850848534
1000012,1.4404046819194198,0.0009001664397897094
1000014,2.6406469021995114,0.0016502457611614707
1000016,1.3203238032220197,0.0008251231006360079
1000018,1.3203238032220197,0.0008251231006360079
1000020,4.226609509038432,0.002641377164272019
1000022,1.333202756474564,0.0008331716731261447
1000024,1.3203238032220197,0.0008251231006360079
1000026,2.6410520229148533,0.0016504989372838424
1000028,1.3203238032220197,0.0008251231006360079
1000030,1.7604309799873963,0.0011001636607006079
1000032,2.9371403168818144,0.0018355363429443708
1000034,1.6126415885608758,0.0010078041647971219
1000036,1.4145231572246062,0.000883992040863281
1000038,2.8808616024338503,0.0018003655255647314
1000040,1.8460007841855162,0.0011536396504452963
1000042,1.433300872577235,0.0008957269854858131
1000044,2.640682903207493,0.001650268259629846
1000046,1.3980277927991758,0.0008736834285307476
1000048,1.5845836933871946,0.0009902696649975035
1000050,3.614914418532605,0.002259104460795568
1000052,1.3203238032220197,0.0008251231006360079
1000054,1.4826497658085556,0.0009265670806932276
1000056,2.6406469021995114,0.0016502457611614707
1000058,1.3203238032220197,0.0008251231006360079
1000060,1.8222848473252389,0.0011388186138867747
1000062,3.169092064287882,0.001980492257963538
1000064,1.4428096193877196,0.0009016693813074163
1000066,1.3498515179518602,0.0008435761494056547
1000068,2.6406469021995114,0.0016502457611614707
1000070,1.7807426235002004,0.001112857218321397
1000072,1.3546403754882224,0.0008465688978278709
1000074,2.6406469021995114,0.0016502457611614707
1000076,1.887714560408509,0.001179708255958852
1000078,1.3240540155279124,0.000827454259353557
1000080,3.52864087785914,0.0022051886780083316
1000082,1.3203238032220197,0.0008251231006360079
1000084,1.398141801995021,0.0008737546774326814
1000086,2.7667379793579543,0.0017290451134821783
1000088,1.330872172352951,0.000831715197985709
1000090,2.3196209543712656,0.0014496238191725073
1000092,2.6406469021995114,0.0016502457611614707
1000094,1.4061505772334277,0.0008787596810847287
1000096,1.3203238032220197,0.0008251231006360079
1000098,2.934535553453333,0.001833908522199727
1000100,1.7984603666347905,0.0011239297439517078
1000102,1.333949911342103,0.0008336386000568374
1000104,3.169186599445996,0.001980551336761172
1000106,1.3397067523686739,0.0008372362800396726
1000108,1.3203238032220197,0.0008251231006360079
1000110,3.93892923610424,0.002461594266913046
1000112,1.3203238032220197,0.0008251231006360079
1000114,1.3203238032220197,0.0008251231006360079
1000116,2.8820605147711116,0.0018011147737890668
1000118,1.5843876588875812,0.0009901471552057706
1000120,1.9569399813277557,0.0012229699875222241
1000122,2.9026689664884597,0.0018139938187164014
1000124,1.3203238032220197,0.0008251231006360079
1000126,1.3277488057290634,0.0008297632813824969
1000128,2.6411150220209314,0.0016505383079424775
1000130,1.7796909816182906,0.001112200005289077
1000132,1.6609264765206384,0.0010379793205960225
1000134,2.6407009007953905,0.0016502795070416504
1000136,1.3203238032220197,0.0008251231006360079
1000138,1.3203238032220197,0.0008251231006360079
1000140,3.583694126285946,0.0022395936527055665
1000142,1.6063552897533269,0.0010038756054914792
1000144,1.4087288335478703,0.0008803709364746683
1000146,3.168819001827599,0.001980321610321387
1000148,1.3203238032220197,0.0008251231006360079
1000150,1.7895756863837848,0.0011183773522588675
1000152,2.7441801576760003,0.001714947829373245
1000154,1.3543417180951438,0.0008463822548895224
1000156,1.3430451970318311,0.0008393226075034688
1000158,2.6406469021995114,0.0016502457611614707
1000160,2.2865124936462498,0.001428933019155084
1000162,1.326791045047203,0.0008291647384632861
1000164,2.9343828176046918,0.001833813071465065
1000166,1.3203238032220197,0.0008251231006360079
1000168,1.4747331321697772,0.0009216196600084777
1000170,3.521044141669186,0.002200441174021452
1000172,1.3203238032220197,0.0008251231006360079
1000174,1.5968674235374425,0.0009979462587877649
1000176,2.6898927914823254,0.0016810214850857483
1000178,1.476516027580801,0.0009227338625897412
1000180,1.8049590453276403,0.0011279910279337097
1000182,2.6724829867369997,0.001670141402459142
1000184,1.4180173609895994,0.0008861757084134603
1000186,1.467367380186514,0.0009170165072817643
1000188,3.1687770044315116,0.001980295364470487
1000190,1.7604309799873963,0.0011001636607006079
1000192,1.3206848076086586,0.0008253487067018227
1000194,2.8808615780959035,0.0018003655103549761
1000196,1.3203238032220197,0.0008251231006360079
1000198,1.398027787023707,0.0008736834249214263
1000200,3.5229954266402856,0.002201660609967126
1000202,1.5843876588875812,0.0009901471552057706
1000204,1.3203238032220197,0.0008251231006360079
1000206,2.664092907587806,0.0016648981067575344
1000208,1.4673231684998496,0.0009169888776322073
1000210,1.8261230488465419,0.0011412172593799445
1000212,2.8172880604953683,0.0017606358790078157
1000214,1.3203238032220197,0.0008251231006360079
1000216,1.6202287733767242,0.00101254569974868
1000218,2.6406469021995114,0.0016502457611614707
1000220,1.9209139744883152,0.0012004558963618949
1000222,1.3203238032220197,0.0008251231006360079
1000224,2.785049363238356,0.0017404886289345712
1000226,1.3203238032220197,0.0008251231006360079
1000228,1.3203238032220197,0.0008251231006360079
1000230,4.705332704718577,0.002940550417531589
1000232,1.3203238032220197,0.0008251231006360079
1000234,1.3250379214937482,0.0008280691415054076
1000236,2.8951698797498127,0.0018093073397734097
1000238,1.3203238032220197,0.0008251231006360079
1000240,1.7605909671873963,0.0011002636430944752
1000242,2.6407008949643234,0.0016502795033975833
1000244,1.602172259561908,0.0010012614627840806
1000246,1.6117011440569344,0.0010072164434493929
1000248,2.6834702211547308,0.001677007764262246
1000250,1.7608616431818411,0.0011004327993387685
1000252,1.4870750884493544,0.0009293326416334909
1000254,2.700149931892583,0.001687431581971313
1000256,1.3203877950308063,0.0008251630916742308
1000258,1.6305368260620872,0.001018987613749253
1000260,3.521359189359539,0.002200638059911472
1000262,1.3240588183805364,0.0008274572608480687
1000264,1.3352354503263149,0.0008344419847341816
1000266,2.70580418783637,0.0016909651524369383
1000268,1.369426780625945,0.0008558095132168569
1000270,1.8446582359807118,0.001152800638428094
1000272,3.472148391075547,0.002169884265754485
1000274,1.553922960806644,0.0009711085481011044
1000276,1.3328177870950693,0.000832931090378728
1000278,2.6883715839865108,0.001680070821738928
1000280,1.879097345034299,0.0011743230137545798
1000282,1.3251971984045905,0.0008281686800111994
1000284,2.6406469021995114,0.0016502457611614707
1000286,1.6216367498046291,0.0010134256004768044
1000288,1.3203238032220197,0.0008251231006360079
1000290,3.5208641398706253,0.0022003286837052236
1000292,1.3203238032220197,0.0008251231006360079
1000294,1.3244593942679672,0.0008277075967258817
1000296,2.9411606846364777,0.0018380488313955595
1000298,1.4620720393497944,0.0009137072372076689
1000300,2.114087129808365,0.001321177519715464
1000302,2.6544377394680816,0.0016588642064092503
1000304,1.3357886592444717,0.0008347877070916329
1000306,1.3203238032220197,0.0008251231006360079
1000308,2.732760925009385,0.0017078114946031165
1000310,1.788752010588436,0.00111786260434285
1000312,1.3982557895250696,0.0008738259127947934
1000314,3.387362290045131,0.0021168980434336177
1000316,1.4112068069627801,0.0008819195210736996
1000318,1.506003191250461,0.000941161569381588
1000320,3.5277775144446832,0.0022046491277133403
1000322,1.346396145637876,0.000841416749180794
1000324,1.440404665697496,0.000900166429651981
1000326,2.738873964544638,0.0017116317772666034
1000328,1.5844436467940177,0.0009901821442856041
1000330,1.7740596840254839,0.0011086807824143231
1000332,2.7197159013943284,0.0016996591381077944
1000334,1.3203238032220197,0.0008251231006360079
1000336,1.3355667251616197,0.000834649011615468
1000338,2.6406469021995114,0.0016502457611614707
1000340,1.9564156066127616,0.0012226422848104536
1000342,1.5843876588875812,0.0009901471552057706
1000344,2.6406469021995114,0.0016502457611614707
1000346,1.3203238032220197,0.0008251231006360079
1000348,1.4443715064875031,0.0009026454669641862
1000350,4.067089334201371,0.002541686633089934
1000352,1.3543336038624296,0.00084637718398128
1000354,1.3203238032220197,0.0008251231006360079
1000356,3.1689449728522643,0.0019804003346481076
1000358,1.3203238032220197,0.0008251231006360079
1000360,1.7870193338399711,0.0011167797854104
1000362,3.0783509604216617,0.0019237845164273206
1000364,1.3203238032220197,0.0008251231006360079
1000366,1.3276159062647848,0.000829680227197023
1000368,2.6410068733943537,0.0016504707215444488
1000370,2.190108559074498,0.001368686348442007
1000372,1.3256353538248489,0.0008284425008406366
1000374,2.6624705231470713,0.00166388421389512
1000376,1.4405346465622892,0.0009002476598880184
1000378,1.3268857168361694,0.0008292239026469994
1000380,3.5209241242744644,0.0022003661703559716
1000382,1.4083792250199718,0.0008801524521363232
1000384,1.8256137215680512,0.0011408989604124935
1000386,2.6657605339033736,0.0016659402730752554
1000388,1.398141755794783,0.0008737546485603067
1000390,1.7872620973837425,0.0011169314980489732
1000392,2.682520804863429,0.0016764144360861112
1000394,1.3203238032220197,0.0008251231006360079
1000396,1.3258065022078214,0.0008285494583037093
1000398,3.1688189912475773,0.0019803216037095083
1000400,1.8362403161464012,0.0011475399439699304
1000402,1.4579309776302045,0.000911119322275245
1000404,2.704298072772685,0.001690023920954002
1000406,1.5101770403314396,0.000943769974446224
1000408,1.383505552470957,0.0008646079002864186
1000410,3.5208641398706253,0.0022003286837052236
1000412,1.5843876588875812,0.0009901471552057706
1000414,1.3246300854449398,0.0008278142684626565
1000416,2.821268736276305,0.0017631235623586559
1000418,1.3203238032220197,0.0008251231006360079
1000420,1.7604309799873963,0.0011001636607006079
1000422,2.6406469021995114,0.0016502457611614707
1000424,1.3203238032220197,0.0008251231006360079
1000426,1.6780079011260085,0.001048654185352129
1000428,3.2636241601023253,0.0020395691418443607
1000430,1.7604309799873963,0.0011001636607006079
1000432,1.3664969357229582,0.0008539785360695574
1000434,2.6406469021995114,0.0016502457611614707
1000436,1.3203238032220197,0.0008251231006360079
1000438,1.352698820113651,0.0008453555422958314
1000440,4.235830701315645,0.0026471398557760023
1000442,1.4035137851827988,0.0008771118443743415
1000444,1.3410150809566475,0.0008380539068510086
1000446,2.6406469021995114,0.0016502457611614707
1000448,1.3216708948379543,0.0008259649520123659
1000450,2.106392596208727,0.0013163688982195947
1000452,2.6591872009742747,0.0016618323346780722
1000454,1.818348662533121,0.0011363587347325683
1000456,1.3383020509581884,0.0008363584260007928
1000458,2.6824833468414253,0.001676391027071456
1000460,1.7604309799873963,0.0011001636607006079
1000462,1.3203238032220197,0.0008251231006360079
1000464,2.7985266619344444,0.0017489111314003879
1000466,1.3203238032220197,0.0008251231006360079
1000468,1.5843876588875812,0.0009901471552057706
1000470,3.5208641398706253,0.0022003286837052236
1000472,1.4672020736529452,0.0009169132006238061
1000474,1.3203238032220197,0.0008251231006360079
1000476,2.640682887661338,0.0016502682499144326
1000478,1.3203238032220197,0.0008251231006360079
1000480,1.9753515268322954,0.0012344760979756855
1000482,3.2902460842516024,0.0020562062459739258
1000484,1.4084811883804957,0.000880216173114451
1000486,1.3262822816031967,0.0008288467918585333
1000488,2.6406469021995114,0.0016502457611614707
1000490,1.7604309799873963,0.0011001636607006079
1000492,1.3203238032220197,0.0008251231006360079
1000494,3.0540968386571445,0.001908627146617957
1000496,1.584583605587622,0.0009902696101280423
1000498,1.3203238032220197,0.0008251231006360079
1000500,3.8253466665718574,0.0023906119808086387
1000502,1.4166970979557392,0.0008853506232900266
1000504,1.3203238032220197,0.0008251231006360079
1000506,2.933184593369039,0.0018330642532629195
1000508,1.325776680812627,0.0008285308217222828
1000510,2.11265251943029,0.001320280974367669
1000512,2.654483296769373,0.0016588926769871544
1000514,1.3203238032220197,0.0008251231006360079
1000516,1.4670701069108625,0.0009168307293337011
1000518,2.8216098327963683,0.0017633367272031917
1000520,1.760470962395073,0.0011001886473047367
1000522,1.3763560035090519,0.0008601398614665473
1000524,3.257916234653441,0.002036002031160535
1000526,1.32960893309568,0.0008309257492987573
1000528,1.3203238032220197,0.0008251231006360079
1000530,3.521044076891211,0.002200441133539107
1000532,1.466648446096556,0.000916567216642596
1000534,1.3463961063288608,0.0008414167246150197
1000536,2.7023717548609643,0.0016888200879213394
1000538,1.8058962476867861,0.00112857672313561
1000540,1.8647245956735632,0.0011653409083890217
1000542,2.6685060750126,0.0016676560714176318
1000544,1.3203238032220197,0.0008251231006360079
1000546,1.3832410440263467,0.000864442598390453
1000548,2.6406828850716173,0.0016502682482960125
1000550,1.760480957497392,0.001100194893643549
1000552,1.6916355483772,0.0010571706466374871
1000554,2.7167474400357103,0.0016978040279943783
1000556,1.3660674670781388,0.0008537101439531882
1000558,1.4947525056195214,0.0009341305663886647
1000560,3.9225011820491615,0.0024513277195204568
1000562,1.327200787832734,0.0008294208031020025
1000564,1.3544646487324998,0.0008464590791567293
1000566,3.16992319204348,0.0019810116629072724
1000568,1.3296044154086828,0.0008309229260156401
1000570,1.7604309799873963,0.0011001636607006079
1000572,2.660427483181753,0.0016626074365873166
1000574,1.3203238032220197,0.0008251231006360079
1000576,1.3205477315612848,0.0008252630424026894
1000578,2.8611403206486345,0.0017880409085765173
1000580,2.114656772764337,0.0013215335123597989
1000582,1.4670261257348909,0.0009168032437394864
1000584,2.8834346476458586,0.0018019735243285408
1000586,1.4083792180897388,0.0008801524478053436
1000588,1.3203238032220197,0.0008251231006360079
1000590,3.5208641398706253,0.0022003286837052236
1000592,1.3836872334844088,0.0008647214400111288
1000594,1.5843876588875812,0.0009901471552057706
1000596,2.6406469021995114,0.0016502457611614707
1000598,1.3203238032220197,0.0008251231006360079
1000600,1.7608308999874087,0.0011004135866881659
1000602,2.6406469021995114,0.0016502457611614707
1000604,1.467070103042515,0.0009168307269162162
1000606,1.3240519897452465,0.0008274529933610252
1000608,3.1708974784026243,0.001981620533382532
1000610,1.978512030164117,0.001236451222791552
1000612,1.3203238032220197,0.0008251231006360079
1000614,2.676269976331775,0.0016725080435731564
1000616,1.4562821123409193,0.0009100888804724796
1000618,1.365912503283777,0.0008536133008862237
1000620,3.7908350424661292,0.0023690442879285957
1000622,1.5843876588875812,0.0009901471552057706
1000624,1.3203238032220197,0.0008251231006360079
1000626,2.934118752018953,0.0018336480463293037
1000628,1.358305393613091,0.0008488593140967431
1000630,1.80045042412855,0.0011251734103960207
1000632,2.667165334532106,0.001666818189119582
1000634,1.3203238032220197,0.0008251231006360079
1000636,1.7289811876956582,0.0010805094288623338
1000638,2.76756774681911,0.0017295636683235627
1000640,1.8264038399278317,0.0011413927369461744
1000642,1.3203238032220197,0.0008251231006360079
1000644,2.68741871826069,0.0016794753378733336
1000646,1.3543416374452117,0.0008463822044881573
1000648,1.4961667545292345,0.0009350143870413
1000650,4.229406126968219,0.0026431248825604338
1000652,1.3347395861297653,0.000834132099384578
1000654,1.4921176407841052,0.0009324839340720695
1000656,2.641006769760792,0.001650470656779695
1000658,1.324286757339298,0.0008275997090111256
1000660,1.7604309799873963,0.0011001636607006079
1000662,2.880861505127602,0.0018003654647541687
1000664,1.6091236373993387,0.0010056056565499708
1000666,1.3203238032220197,0.0008251231006360079
1000668,2.6406469021995114,0.0016502457611614707
1000670,1.958412629968051,0.0012238903044999706
1000672,1.3203238032220197,0.0008251231006360079
1000674,2.778221986349568,0.0017362219283161774
1000676,1.3203238032220197,0.0008251231006360079
1000678,1.584583564459215,0.0009902695844252575
1000680,3.655948595029803,0.0022847483572857987
1000682,1.3203238032220197,0.0008251231006360079
1000684,1.4122966715465863,0.0008826006209996944
1000686,2.6406469021995114,0.0016502457611614707
1000688,1.5418521279252297,0.0009635650023208449
1000690,1.7604309799873963,0.0011001636607006079
1000692,3.728159058398866,0.002329875561149005
1000694,1.3242552575920419,0.000827580023560434
1000696,1.3529903065368702,0.0008455377038085854
1000698,2.6406469021995114,0.0016502457611614707
1000700,1.760630880035375,0.0011002885862279694
1000702,1.358194397630808,0.0008487899482723626
1000704,2.64275166831045,0.0016515611136040558
1000706,1.5843876588875812,0.0009901471552057706
1000708,1.334199740353044,0.0008337947281881589
1000710,3.5210440445197047,0.0022004411133088593
1000712,1.3413440099009286,0.00083825946769126
1000714,1.600789722150288,0.001000397459913696
1000716,2.6738870874383185,0.0016710188810908609
1000718,1.3292845836172782,0.0008307230503497151
1000720,2.113775253666883,0.0013209826158530585
1000722,2.8169435610200244,0.0017604205875205536
1000724,1.3499806346389327,0.0008436568395825046
1000726,1.3203238032220197,0.0008251231006360079
1000728,2.7328284501794284,0.0017078536937799708
1000730,1.961384031435849,0.0012257472520050907
1000732,1.369426686484411,0.0008558094543840506
1000734,3.1688189771491713,0.0019803215948988513
1000736,1.4675003327237761,0.0009170995946346664
1000738,1.3203238032220197,0.0008251231006360079
1000740,3.843794169166963,0.002402140562284727
1000742,1.365912495604319,0.0008536132960870236
1000744,1.3203238032220197,0.0008251231006360079
1000746,2.6950346185746628,0.001684234818287051
1000748,1.6046584903294232,0.001002815207732693
1000750,1.7608614279040904,0.0011004326648031
1000752,2.6406948707320437,0.0016502757386141224
1000754,1.3240569411616747,0.0008274560876989943
1000756,1.4084811514242785,0.0008802161500190343
1000758,2.9972406302225565,0.0018730954301712259
1000760,1.7835634881156746,0.001114620089332519
1000762,1.5843876588875812,0.0009901471552057706
1000764,2.640682877304692,0.0016502682434421504
1000766,1.4670977555441307,0.0009168480080693831
1000768,1.3996600406240989,0.0008747034854160512
1000770,3.5208641398706253,0.0022003286837052236
1000772,1.3379162032043463,0.0008361172943221496
1000774,1.324082475083604,0.0008274720448670634
1000776,3.4145791837466155,0.0021339069678094767
1000778,1.3203238032220197,0.0008251231006360079
1000780,1.9564154372534266,0.0012226421789710382
1000782,2.711295557330648,0.0016943969286518329
1000784,1.3203238032220197,0.0008251231006360079
1000786,1.3203238032220197,0.0008251231006360079
1000788,2.6406469021995114,0.0016502457611614707
1000790,2.336795554053548,0.0014603569127571603
1000792,1.4405345709071915,0.0009002476126081249
1000794,2.6406469021995114,0.0016502457611614707
1000796,1.3203238032220197,0.0008251231006360079
1000798,1.3254059374463687,0.0008282991293789647
1000800,3.5466582187355624,0.0022164484342385004
1000802,1.4670261257348909,0.0009168032437394864
1000804,1.6404432401868914,0.0010251785277651147
1000806,2.7962635543425973,0.0017474968250395537
1000808,1.3203238032220197,0.0008251231006360079
1000810,1.8063671669046353,0.0011288710193713004
1000812,2.6406469021995114,0.0016502457611614707
1000814,1.3369126346560607,0.0008354901242368709
1000816,1.3409495581333082,0.0008380129590206172
1000818,3.533866668398301,0.0022084544833224705
1000820,1.777130039237524,0.0011105995700681018
1000822,1.3832410313453654,0.000864442590465601
1000824,3.1439410455364407,0.001964774381389852
1000826,1.3203238032220197,0.0008251231006360079
1000828,1.3299772534029637,0.0008311559273757044
1000830,3.5784004212876663,0.002236285404932275
1000832,1.5858579213773227,0.0009910659809826928
1000834,1.3203238032220197,0.0008251231006360079
1000836,2.641589474896978,0.0016508348125023693
1000838,1.3329738724736342,0.000833028634368476
1000840,1.7834188955267478,0.0011145297276462319
1000842,2.6406469021995114,0.0016502457611614707
1000844,1.526596240476531,0.0009540309886766876
1000846,1.8064645809681796,0.00112893189731197
1000848,2.742242829382211,0.0017137371155128871
1000850,1.8140622656667356,0.0011336799940597744
1000852,1.3465152856518436,0.000841491204535984
1000854,2.6406469021995114,0.0016502457611614707
1000856,1.3203238032220197,0.0008251231006360079
1000858,1.4083792088538232,0.000880152442033451
1000860,4.226608217934209,0.0026413763574094015
1000862,1.3203238032220197,0.0008251231006360079
1000864,1.3203238032220197,0.0008251231006360079
1000866,2.7321581692410675,0.0017074348084392629
1000868,1.5744279450344376,0.0009839229320599797
1000870,1.9206934236729378,0.001200318065344846
1000872,2.6407907974430285,0.0016503356870487475
1000874,1.5855544539592454,0.000990876332067529
1000876,1.3438202946468467,0.0008398069969735644
1000878,2.667574484631811,0.0016670738833652438
1000880,1.7605908648692588,0.0011002635791517827
1000882,1.3980277610558078,0.0008736834086930485
1000884,2.6406469021995114,0.0016502457611614707
1000886,1.3203238032220197,0.0008251231006360079
1000888,1.6167296951341834,0.0010103589859427123
1000890,3.9237955818837356,0.002452136641697244
1000892,1.4486132353500463,0.0009052962928165853
1000894,1.3357988087832595,0.0008347940499439652
1000896,2.8879090216415206,0.0018047697394203963
1000898,1.3277484070403667,0.0008297630322259999
1000900,1.7606308400833324,0.0011002885612603416
1000902,3.1688189701035183,0.001980321590495741
1000904,1.3203238032220197,0.0008251231006360079
1000906,1.3692817421523877,0.000855718872879448
1000908,2.6406828721286044,0.0016502682402074066
1000910,1.7800048652011353,0.001112396163681801
1000912,1.499619794541761,0.0009371723297177883
1000914,2.766737693825854,0.0017290449350417598
1000916,1.5843876588875812,0.0009901471552057706
1000918,1.3203238032220197,0.0008251231006360079
1000920,3.7365380951301987,0.0023351119560024707
1000922,1.456191095754308,0.0009100320005707687
1000924,1.358305317022639,0.0008488592662323092
1000926,2.8175787884710535,0.0017608175665364005
1000928,1.3671393019476048,0.0008543799763902809
1000930,2.1520064792576648,0.0013448748363247332
1000932,2.6594416530778577,0.00166199135196471
1000934,1.4670261257348909,0.0009168032437394864
1000936,1.3203238032220197,0.0008251231006360079
1000938,2.6406469021995114,0.0016502457611614707
1000940,1.7604309799873963,0.0011001636607006079
1000942,1.3203238032220197,0.0008251231006360079
1000944,3.1785215917016023,0.001986385146418744
1000946,1.3203238032220197,0.0008251231006360079
1000948,1.4404046332839902,0.000900166409395486
1000950,3.521238896270541,0.0022005628839536226
1000952,1.3203238032220197,0.0008251231006360079
1000954,1.3783315992338725,0.0008613744901736034
1000956,2.934382556399321,0.0018338129082273922
1000958,1.7353333808935747,0.0010844791682054504
1000960,1.9672073318612227,0.0012293864651217472
1000962,2.6406469021995114,0.0016502457611614707
1000964,1.369426639446381,0.0008558094249881062
1000966,1.3203238032220197,0.0008251231006360079
1000968,2.667022981300626,0.001666729226897241
1000970,1.7728947845423526,0.0011079527901815807
1000972,1.5847182171511023,0.0009903537342727175
1000974,2.9641449739569983,0.0018524126321721437
1000976,1.3404538187096557,0.0008377031516465826
1000978,1.481216736531519,0.0009256715234386472
1000980,3.619172979733472,0.002261765805848753
1000982,1.329723848679365,0.0008309975646386688
1000984,1.3288592019195098,0.0008304572123298597
1000986,3.1688189665815782,0.00198032158829474
1000988,1.326940254535062,0.0008292579854341928
1000990,1.8216632978319107,0.0011384301827732236
1000992,2.6408387487205283,0.00165036565371804
1000994,1.435938502825089,0.0008973753460191381
1000996,1.3981416634785044,0.0008737545908681756
1000998,2.732538744390894,0.0017076726450569802
1001000,2.560755631488096,0.001600318513889031
1001002,1.3203238032220197,0.0008251231006360079
1001004,2.6406469021995114,0.0016502457611614707
1001006,1.4170101057410551,0.000885546234361881
1001008,1.3203238032220197,0.0008251231006360079
1001010,3.5872024185377733,0.0022417861247141
1001012,1.3203238032220197,0.0008251231006360079
1001014,1.5999067943328327,0.0009998456830415388
1001016,2.640790776740167,0.001650335674110702
1001018,1.3203238032220197,0.0008251231006360079
1001020,1.7604309799873963,0.0011001636607006079
1001022,3.048457502484264,0.0019051029001133186
1001024,1.3203877459290925,0.0008251630609886078
1001026,1.4403526771351203,0.0009001339399220523
1001028,3.384882844830495,0.002115348539048129
1001030,1.7604309799873963,0.0011001636607006079
1001032,1.3304921100628782,0.0008314776818745441
1001034,2.7969521281741816,0.0017479271423401636
1001036,1.3203238032220197,0.0008251231006360079
1001038,1.3203238032220197,0.0008251231006360079
1001040,3.644774453921257,0.0022777651900233982
1001042,1.5843876588875812,0.0009901471552057706
1001044,1.4670700837109807,0.0009168307148351679
1001046,2.6406469021995114,0.0016502457611614707
1001048,1.3203238032220197,0.0008251231006360079
1001050,1.7604809325323538,0.001100194878041899
1001052,3.1220349307946886,0.0019510843749880183
1001054,1.3203238032220197,0.0008251231006360079
1001056,1.640152223842368,0.0010249966600233207
1001058,2.6406469021995114,0.0016502457611614707
1001060,1.7604309799873963,0.0011001636607006079
1001062,1.4083792019301806,0.0008801524377065901
1001064,2.6958484076037577,0.0016847433875677924
1001066,1.4670261257348909,0.0009168032437394864
1001068,1.3203238032220197,0.0008251231006360079
1001070,4.243949936136172,0.0026522138900345357
1001072,1.4544517913677266,0.0009089450397624398
1001074,1.3259378273606057,0.0008286315286390259
1001076,2.6406469021995114,0.0016502457611614707
1001078,1.4561108805628569,0.000909981870892483
1001080,1.82773333327964,0.0011422235904641085
1001082,2.6406469021995114,0.0016502457611614707
1001084,1.5843876588875812,0.0009901471552057706
1001086,1.3253396589893989,0.0008282577093229247
1001088,2.972223271569336,0.0018574610831335566
1001090,1.7604309799873963,0.0011001636607006079
1001092,1.333467202510345,0.0008333369360203392
1001094,2.6406469021995114,0.0016502457611614707
1001096,1.4116681877077957,0.000882207856336589
1001098,1.6603467034509551,0.0010376169972388621
1001100,3.651298711290898,0.002281842459142571
1001102,1.3309223670658925,0.0008317465666674496
1001104,1.4406514715516487,0.0009003206684918297
1001106,2.640700848361085,0.0016502794742733577
1001108,1.325940270537406,0.0008286330554778301
1001110,2.0754760714876404,0.0012970479265939222
1001112,3.2569405567743126,0.0020353922910688366
1001114,1.3926881144540961,0.0008703464501760899
1001116,1.3203238032220197,0.0008251231006360079
1001118,2.6406469021995114,0.0016502457611614707
1001120,1.7607107561593043,0.0011003385040094125
1001122,1.3391738639344783,0.0008369032567645915
1001124,2.6406828643672644,0.0016502682353570352
1001126,1.62404540334011,0.0010149308643133755
1001128,1.3203238032220197,0.0008251231006360079
1001130,4.1246663566465775,0.00257766881501337
1001132,1.4959066985685452,0.0009348518676804439
1001134,1.3203238032220197,0.0008251231006360079
1001136,2.640694852331264,0.00165027572711474
1001138,1.4076977633776067,0.000879726579526937
1001140,2.1127573606880734,0.0013203464938587861
1001142,2.6406469021995114,0.0016502457611614707
1001144,1.3835053241293138,0.000864607757586602
1001146,1.3835028240362846,0.0008646061951785722
1001148,2.7966480057999035,0.0017477370841167
1001150,1.7604809275423388,0.0011001948749234393
1001152,1.3203877377527986,0.0008251630558789151
1001154,3.538962463754214,0.002211639049452398
1001156,1.4413002156531922,0.000900726094602666
1001158,1.3203238032220197,0.0008251231006360079
1001160,3.5558174456663765,0.0022221724011215784
1001162,1.3247869514747994,0.0008279123003125909
1001164,1.4084810960276082,0.0008802161153994415
1001166,2.6406469021995114,0.0016502457611614707
1001168,1.5856788647116133,0.0009909540813177477
1001170,1.7959270892913581,0.0011223465977179712
1001172,2.6406469021995114,0.0016502457611614707
1001174,1.3203238032220197,0.0008251231006360079
1001176,1.5218326614182276,0.0009510540377854591
1001178,2.6406469021995114,0.0016502457611614707
1001180,1.7802964398445682,0.0011125783803268914
1001182,1.7287268434381693,0.0010803504789730293
1001184,2.6408387119225005,0.0016503656307214822
1001186,1.3980277495259095,0.0008736834014875543
1001188,1.3273257056184464,0.0008294988692176175
1001190,3.6910137188290295,0.002306661954240422
1001192,1.3203238032220197,0.0008251231006360079
1001194,1.3498513060751387,0.0008435760169954254
1001196,3.310577997636989,0.0020689124710480122
1001198,1.5653628191798803,0.000978257772699439
1001200,1.76121555492093,0.0011006539729257294
1001202,2.6406469021995114,0.0016502457611614707
1001204,1.3203238032220197,0.0008251231006360079
1001206,1.3203238032220197,0.0008251231006360079
1001208,2.8816128874045726,0.0018008350335619295
1001210,2.1126524215712466,0.0013202809132116427
1001212,1.3528168641276852,0.0008454293127168704
1001214,2.640700842541336,0.001650279470636364
1001216,1.3206844382002783,0.0008253484758437655
1001218,1.3259698695624234,0.0008286515530912477
1001220,4.127251142919388,0.0025792841512352104
1001222,1.3278157737502108,0.0008298051323747442
1001224,1.6794035356696921,0.0010495263731436608
1001226,2.6406469021995114,0.0016502457611614707
1001228,1.3203238032220197,0.0008251231006360079
1001230,1.7924020170994681,0.0011201436392544184
1001232,2.8236196703742,0.0017645927550123913
1001234,1.4592158207194728,0.000911922272060033
1001236,1.3833788715348345,0.0008645287323076624
1001238,3.282241761745423,0.0020512040250121647
1001240,1.7604709336410942,0.0011001886293352265
1001242,1.4906323484877673,0.0009315557155684612
1001244,2.6406469021995114,0.0016502457611614707
1001246,1.3377470364709831,0.0008360115752710982
1001248,1.3434603847996196,0.0008395820749291623
1001250,3.5614164114275875,0.002225671418542889
1001252,1.5843876588875812,0.0009901471552057706
1001254,1.3974066800571472,0.0008732952703605347
1001256,2.6406469021995114,0.0016502457611614707
1001258,1.3203238032220197,0.0008251231006360079
1001260,1.9209135090042302,0.001200455605462291
1001262,2.796263424591839,0.0017474967439531205
1001264,1.4673228551085222,0.0009169886817814448
1001266,1.692891026387473,0.0010579552450110743
1001268,2.6992539863575344,0.0016868716698072847
1001270,1.772351596002786,0.0011076133299590934
1001272,1.3282053798529185,0.0008300486127957655
1001274,2.6671374945521915,0.0016668007908037352
1001276,1.3465151566030895,0.0008414911238882613
1001278,1.3240494040787563,0.0008274513774747203
1001280,4.253877878173426,0.0026584182577030747
1001282,1.3832410102259332,0.0008644425772672239
1001284,1.3282408062072906,0.0008300707521401387
1001286,3.2090642491391366,0.0020054724734403597
1001288,1.3501660211453188,0.0008437726950178092
1001290,1.7604309799873963,0.0011001636607006079
1001292,2.661205308723233,0.001663093530847659
1001294,1.63053590952045,0.0010189870409657619
1001296,1.3203238032220197,0.0008251231006360079
1001298,2.7058034135173115,0.001690964668534019
1001300,2.056885940279092,0.0012854302107983009
1001302,1.354341530035277,0.0008463821373633974
1001304,2.6407907353523092,0.0016503356482457762
1001306,1.3332023616703252,0.0008331714263972007
1001308,1.7609203723989522,0.0011004695015731766
1001310,3.5208641398706253,0.0022003286837052236
1001312,1.512069310280105,0.0009449525295463237
1001314,1.333949559621395,0.0008336383802525133
1001316,2.6406469021995114,0.0016502457611614707
1001318,1.3248125951468435,0.000827928326067892
1001320,1.7604709304487602,0.0011001886273402095
1001322,3.1723852090679547,0.0019825502757203533
1001324,1.3289465063204917,0.0008305117723384437
1001326,1.328258260489002,0.0008300816600181986
1001328,2.769420801738751,0.0017307217163851152
1001330,1.9562228546871376,0.0012225218264303682
1001332,1.3291969504927197,0.0008306682849086334
1001334,2.816943405216884,0.0017604204901529457
1001336,1.5844435904272014,0.0009901821090597283
1001338,1.5257637679718714,0.0009535107433455328
1001340,3.5213586552295726,0.002200637726112314
1001342,1.3203238032220197,0.0008251231006360079
1001344,1.3205475597712333,0.0008252629350442221
1001346,2.660263129480724,0.0016625047253924843
1001348,1.3438201378158943,0.0008398068989636358
1001350,2.1132704118560204,0.0013206671200335534
1001352,2.934820318772234,0.0018340864834258384
1001354,1.3203238032220197,0.0008251231006360079
1001356,1.3306880640994319,0.0008316001413816958
1001358,2.6406469021995114,0.0016502457611614707
1001360,1.7605907882165,0.001100263531248411
1001362,1.3684520159439737,0.0008552003438185503
1001364,3.4837316630794906,0.0021771231152610078
1001366,1.333691125255674,0.0008334768742911467
1001368,1.4560001806316265,0.0009099126900822348
1001370,3.6543725132981053,0.0022837634008363726
1001372,1.3203238032220197,0.0008251231006360079
1001374,1.537601742389908,0.0009609087665677329
1001376,2.8434596107199495,0.0017769915264763073
1001378,1.5843876588875812,0.0009901471552057706
1001380,1.7604309799873963,0.0011001636607006079
1001382,2.7948403649702547,0.0017466074171345882
1001384,1.4073342570803264,0.0008794994099171939
1001386,1.3203238032220197,0.0008251231006360079
1001388,2.6406469021995114,0.0016502457611614707
1001390,1.9206933055785091,0.001200317991542919
1001392,1.5845834302242077,0.0009902695005364378
1001394,2.6406469021995114,0.0016502457611614707
1001396,1.467709483098082,0.0009172303010605637
1001398,1.3203238032220197,0.0008251231006360079
1001400,3.5229928696094066,0.002201659011976359
1001402,1.4083791903970448,0.0008801524304990727
1001404,1.3379159219225454,0.000836117118537913
1001406,3.212710255669259,0.002007751008604031
1001408,1.320387721406482,0.0008251630456634488
1001410,1.772090582470411,0.001107450212173429
1001412,2.64068285402402,0.0016502682288931283
1001414,1.417675559678678,0.0008859621031169561
1001416,1.440534457542425,0.0009002475417619526
1001418,2.934118699839866,0.001833648013720507
1001420,2.2203267090617436,0.001387570877791636
1001422,1.3241136111890819,0.0008274915030634778
1001424,2.735732705969646,0.00170966867926824
1001426,1.3203238032220197,0.0008251231006360079
1001428,1.3996001217865595,0.0008746660397403038
1001430,3.52173336619592,0.002200871897967461
1001432,1.3307703857477384,0.0008316515874690378
1001434,1.5964346553572226,0.000997675804659885
1001436,2.8172873276230614,0.001760635421006628
1001438,1.3203238032220197,0.0008251231006360079
1001440,1.959500173586988,0.0012245699539622798
1001442,2.9716694098172898,0.0018571149527941227
1001444,1.3203238032220197,0.0008251231006360079
1001446,1.3203238032220197,0.0008251231006360079
1001448,3.1703690135436915,0.0019812902745763848
1001450,1.7604809125782739,0.0011001948655717973
1001452,1.3981415943148687,0.0008737545476450561
1001454,2.6406469021995114,0.0016502457611614707
1001456,1.3203238032220197,0.0008251231006360079
1001458,1.3203238032220197,0.0008251231006360079
1001460,3.520924059578002,0.002200366129924567
1001462,1.7624466741436002,0.001101423348519643
1001464,1.3203238032220197,0.0008251231006360079
1001466,2.8872764782824456,0.0018043744378008597
1001468,1.4404046063035942,0.0009001663925343586
1001470,1.9379570595174198,0.0012111068011848637
1001472,2.65705561838185,0.0016605002235447037
1001474,1.3256244344441754,0.0008284356768833496
1001476,1.6217422989157044,0.0010134915623337274
1001478,2.674643505120654,0.001671491596724633
1001480,1.760470924065623,0.001100188623351132
1001482,1.3203238032220197,0.0008251231006360079
1001484,2.944685562618297,0.001840251668489479
1001486,1.4189256127397445,0.0008867433112230203
1001488,1.3473183926932932,0.0008419930982158272
1001490,4.491643541793448,0.002807007521270219
1001492,1.3332402650379118,0.0008331951137261054
1001494,1.440807666013427,0.0009004182806520363
1001496,2.6406469021995114,0.0016502457611614707
1001498,1.3429143431965402,0.0008392408317132863
1001500,1.7613942481128775,0.0011007656454413975
1001502,2.6406469021995114,0.0016502457611614707
1001504,1.6964517474665155,0.0010601804818886266
1001506,1.4670261257348909,0.0009168032437394864
1001508,2.6406469021995114,0.0016502457611614707
1001510,1.7604309799873963,0.0011001636607006079
1001512,1.3835052100843928,0.000864607686315374
1001514,2.6406469021995114,0.0016502457611614707
1001516,1.3929611163618985,0.0008705170599765766
1001518,1.5843876588875812,0.0009901471552057706
1001520,3.8776490842082043,0.0024232978514303356
1001522,1.331238837061972,0.0008319443414131492
1001524,1.3273665438616293,0.0008295243906675507
1001526,2.6801248318851565,0.0016749170968364151
1001528,1.556037122052585,0.0009724297719389526
1001530,1.7604309799873963,0.0011001636607006079
1001532,3.168944775590469,0.0019804002113713295
1001534,1.3241325136911055,0.0008275033159922771
1001536,1.320387713236458,0.0008251630405576743
1001538,2.8192578039500606,0.0017618668503974302
1001540,1.7604309799873963,0.0011001636607006079
1001542,1.3240786158644986,0.0008274696330868421
1001544,2.740373460006244,0.001712568871895702
1001546,1.7287267318679287,0.001080350409248328
1001548,1.4081612687909544,0.0008800162425799622
1001550,3.918498918947742,0.0024488265453904852
1001552,1.3203238032220197,0.0008251231006360079
1001554,1.3203238032220197,0.0008251231006360079
1001556,2.7092245227534644,0.0016931026563924978
1001558,1.3832409975635864,0.0008644425693540175
1001560,2.1422831949653567,0.0013387983674584929
1001562,2.676268717375891,0.0016725072568013206
1001564,1.3260251720539054,0.0008286861138278891
1001566,1.39802773512338,0.0008736833924868383
1001568,2.6408386383687783,0.0016503655847548222
1001570,1.800449572831862,0.0011251728783867052
1001572,1.7239454647379764,0.0010773624043743661
1001574,3.1690915885463258,0.0019804919606536305
1001576,1.3203238032220197,0.0008251231006360079
1001578,1.3297235986436307,0.0008309974083813477
1001580,3.52092405239812,0.002200366125437572
1001582,1.3203238032220197,0.0008251231006360079
1001584,1.3447144249041498,0.0008403657746979969
1001586,2.6406469021995114,0.0016502457611614707
1001588,1.5843876588875812,0.0009901471552057706
1001590,1.8114473265215056,0.0011320458141031448
1001592,2.6412806670028175,0.0016506418261103125
1001594,1.4975395595515844,0.0009358723077527541
1001596,1.3270940469026609,0.0008293540964297667
1001598,2.880861359395596,0.0018003653736804151
1001600,1.7660952269583463,0.0011037034749583172
1001602,1.6436865719407014,0.001027205415371446
1001604,2.9447792812465265,0.0018403102370049625
1001606,1.4289037133983158,0.0008929790250182022
1001608,1.3203238032220197,0.0008251231006360079
1001610,3.652502214666809,0.002282594576490402
1001612,1.3203238032220197,0.0008251231006360079
1001614,1.3203238032220197,0.0008251231006360079
1001616,3.534015073540598,0.002208547227625697
1001618,1.3203238032220197,0.0008251231006360079
1001620,1.7924211190419987,0.0011201555768215595
1001622,2.67005492983152,0.001668624012681361
1001624,1.4405344197855645,0.0009002475181661818
1001626,1.3309221738527093,0.0008317464459208112
1001628,2.6406828462704905,0.001650268224047638
1001630,2.1730484204514524,0.0013580247861467761
1001632,1.3370068589363981,0.0008355490087545608
1001634,2.6622153256242096,0.0016637247307661903
1001636,1.3203238032220197,0.0008251231006360079
1001638,1.4673668852562576,0.0009170161979800713
1001640,3.7633009058011417,0.002351837105748809
1001642,1.4344556213096007,0.0008964486341088099
1001644,1.6076566113240292,0.0010046888533377441
1001646,2.6522957244189103,0.0016575255756168129
1001648,1.3203238032220197,0.0008251231006360079
1001650,2.0429038349009416,0.0012766922344663698
1001652,2.6406469021995114,0.0016502457611614707
1001654,1.3281812614052437,0.0008300335402141159
1001656,1.3203238032220197,0.0008251231006360079
1001658,3.169688653887924,0.0019808650906424554
1001660,2.0415606884168924,0.0012758528485605622
1001662,1.3203238032220197,0.0008251231006360079
1001664,2.7765324786256267,0.001735166087432051
1001666,1.3287706345307146,0.0008304018630297263
1001668,1.339858129298437,0.0008373308815316294
1001670,3.560131823239921,0.002224868628056297
1001672,1.6418514091141074,0.0010260585487937505
1001674,1.4091428235261454,0.000880629655353835
1001676,2.8810950527797825,0.0018005114180138489
1001678,1.3203238032220197,0.0008251231006360079
1001680,1.8668610005210446,0.0011666760331422571
1001682,2.9345347897296894,0.0018339080449183062
1001684,1.328719753746744,0.0008303700655947862
1001686,1.5843876588875812,0.0009901471552057706
1001688,2.6406469021995114,0.0016502457611614707
1001690,1.7604309799873963,0.0011001636607006079
1001692,1.3203238032220197,0.0008251231006360079
1001694,2.6406469021995114,0.0016502457611614707
1001696,1.384157593280268,0.000865015386641665
1001698,1.3246707445748906,0.0008278396779775743
1001700,4.30813541762801,0.002692325962069531
1001702,1.4678754398739784,0.0009173340140809342
1001704,1.4672018572158294,0.0009169130653636043
1001706,2.679078172738745,0.0016742629977146025
1001708,1.4084810222355877,0.0008802160692838593
1001710,1.7788170299987038,0.0011116538380016284
1001712,2.713656623165124,0.0016958724530325904
1001714,1.5843876588875812,0.0009901471552057706
1001716,1.3274509528947058,0.0008295771412450408
1001718,2.9289559960482365,0.0018304216338356492
1001720,1.7889182818257099,0.0011179665138827
1001722,1.3203238032220197,0.0008251231006360079
1001724,2.6406469021995114,0.0016502457611614707
1001726,1.4670261257348909,0.0009168032437394864
1001728,1.7705878525342176,0.0011065110961919217
1001730,3.5208641398706253,0.0022003286837052236
1001732,1.3203238032220197,0.0008251231006360079
1001734,1.3881397080756777,0.0008675039692901476
1001736,2.6407906733151507,0.0016503356094762771
1001738,1.358194244630977,0.0008487898526566548
1001740,1.7604309799873963,0.0011001636607006079
1001742,3.6012258664160113,0.0022505499376262524
1001744,1.3329837898833117,0.0008330348321540521
1001746,1.3203238032220197,0.0008251231006360079
1001748,2.9343822956070866,0.0018338127452479044
1001750,1.7608609979936147,0.0011004323961348662
1001752,1.3203238032220197,0.0008251231006360079
1001754,2.882699018987571,0.0018015138005865604
1001756,1.6838891665230888,0.0010523296230957036
1001758,1.3498512003157446,0.0008435759509021543
1001760,3.522508024384928,0.0022013560128226863
1001762,1.3203238032220197,0.0008251231006360079
1001764,1.3203238032220197,0.0008251231006360079
1001766,2.6572748814450633,0.0016606372497939708
1001768,1.3203238032220197,0.0008251231006360079
1001770,2.3490815191268544,0.0014680349032401418
1001772,2.6406828411033283,0.0016502682208184719
1001774,1.3203238032220197,0.0008251231006360079
1001776,1.4721774414213578,0.0009200225067423952
1001778,2.668503960862883,0.0016676547502009987
1001780,1.9209132766248087,0.0012004554602391053
1001782,1.3203238032220197,0.0008251231006360079
1001784,3.2545254049428256,0.00203388296618744
1001786,1.3261733649923984,0.000828778725516479
1001788,1.3833787702360576,0.0008645286690020091
1001790,3.5210438505350026,0.002200440992080068
1001792,1.4680311053748987,0.0009174312956723651
1001794,1.4360928537494497,0.0008974718060791504
1001796,2.732759355471511,0.0017078105137361852
1001798,1.5978624947144582,0.0009985681185262086
1001800,1.7608304207543737,0.0011004132871962936
1001802,2.6406469021995114,0.0016502457611614707
1001804,1.3203238032220197,0.0008251231006360079
1001806,1.4706148220091326,0.0009190459634343197
1001808,2.644131582599409,0.0016524234771802778
1001810,1.9286941352523503,0.001205318029694189
1001812,1.6313644233926832,0.001019504812389339
1001814,3.0141881106316033,0.0018836865878470595
1001816,1.3352338758197748,0.0008344410007621323
1001818,1.3203238032220197,0.0008251231006360079
1001820,3.595419072695937,0.002246921040209294
1001822,1.3203238032220197,0.0008251231006360079
1001824,1.3203238032220197,0.0008251231006360079
1001826,3.1690915093957144,0.001980491911189251
1001828,1.3277384388918012,0.0008297568027316654
1001830,1.7604309799873963,0.0011001636607006079
1001832,3.0501946266360878,0.001906188498405832
1001834,1.436277138033113,0.0008975869726914343
1001836,1.4670700489570137,0.0009168306931160253
1001838,2.6406469021995114,0.0016502457611614707
1001840,2.113773840480912,0.0013209817326966789
1001842,1.3203238032220197,0.0008251231006360079
1001844,2.8184218728248647,0.0017613444436361066
1001846,1.3203238032220197,0.0008251231006360079
1001848,1.3203238032220197,0.0008251231006360079
1001850,3.5212385595117723,0.002200562673499612
1001852,1.368699201641541,0.0008553548200377261
1001854,1.5845833344556135,0.0009902694406868167
1001856,2.6417352112923727,0.0016509258889990212
1001858,1.670401561198282,0.00104390067960578
1001860,1.7604309799873963,0.0011001636607006079
1001862,2.640700807649196,0.0016502794488308713
1001864,1.343336166512784,0.0008395044459583453
1001866,1.3203238032220197,0.0008251231006360079
1001868,3.1689447193150286,0.0019804001762025584
1001870,1.864358221887635,0.0011651119467710465
1001872,1.3203238032220197,0.0008251231006360079
1001874,2.6406469021995114,0.0016502457611614707
1001876,1.3634628724202478,0.0008520824286800298
1001878,1.4305253825106894,0.0008939924708433414
1001880,4.098570456791912,0.002561360444483791
1001882,1.5843876588875812,0.0009901471552057706
1001884,1.4404045847394444,0.0009001663790580598
1001886,2.7167465727515006,0.0016978034859938217
1001888,1.3361173221359477,0.0008349931016648557
1001890,1.7604309799873963,0.0011001636607006079
1001892,2.739439479819315,0.0017119851903579677
1001894,1.3203238032220197,0.0008251231006360079
1001896,1.584443559161318,0.0009901820895204284
1001898,2.6406469021995114,0.0016502457611614707
1001900,1.811197204904902,0.001131889503110853
1001902,1.4670261257348909,0.0009168032437394864
1001904,2.6406948155720236,0.0016502757041424218
1001906,1.3203238032220197,0.0008251231006360079
1001908,1.398141525214199,0.0008737545044612866
1001910,4.6218089726671865,0.002888353100026024
1001912,1.4464785971823337,0.0009039622721321285
1001914,1.3203238032220197,0.0008251231006360079
1001916,2.640916443975355,0.0016504142085872401
1001918,1.340871354375097,0.0008379640863673338
1001920,1.839500647920106,0.0011495774555679613
1001922,2.6406469021995114,0.0016502457611614707
1001924,1.7609200686514752,0.0011004693117492414
1001926,1.3846340318161903,0.000865313132119754
1001928,2.6722874176423095,0.0016700191835175417
1001930,1.7604309799873963,0.0011001636607006079
1001932,1.325611060054182,0.0008284273186926439
1001934,2.6406469021995114,0.0016502457611614707
1001936,1.4406512233320097,0.0009003205133694592
1001938,1.613535434320645,0.0010083627647276777
1001940,3.5209240308687937,0.0022003661119830353
1001942,1.3276150765320167,0.0008296797086638627
1001944,1.3203238032220197,0.0008251231006360079
1001946,3.3875201417510628,0.002116996691271914
1001948,1.333466713245053,0.0008333366302589088
1001950,1.8282552345644991,0.0011425497474305572
1001952,3.2147736517543315,0.002009040507264436
1001954,1.3203238032220197,0.0008251231006360079
1001956,1.3203238032220197,0.0008251231006360079
1001958,2.7090721572943175,0.0016930074371290305
1001960,1.8133958172439717,0.0011332635038111983
1001962,1.4602965011693392,0.0009125976324537596
1001964,2.6406469021995114,0.0016502457611614707
1001966,1.5843876588875812,0.0009901471552057706
1001968,1.4673226465480897,0.0009169885514436971
1001970,3.5237139779449786,0.0022021096613884877
1001972,1.3833787364946062,0.0008645286479156279
1001974,1.3292840284428515,0.0008307227033990328
1001976,2.6785594647689828,0.0016739388363783525
1001978,1.3267899486361048,0.0008291640532721818
1001980,2.2587558282695173,0.0014115867698917778
1001982,2.7321576643373384,0.0017074344929047481
1001984,1.4118265187028771,0.0008823068037018258
1001986,1.3828428941748787,0.00086419377863945
1001988,2.8820579810073825,0.0018011131903388712
1001990,1.9562227280022437,0.0012225217472599161
1001992,1.32826440840627,0.0008300855020973508
1001994,3.1688189243643663,0.0019803215619115175
1001996,1.3203238032220197,0.0008251231006360079
1001998,1.3391736406829746,0.0008369031172458064
1002000,3.54232231537664,0.002213738754980396
1002002,1.3203238032220197,0.0008251231006360079
1002004,1.3203238032220197,0.0008251231006360079
1002006,2.6406469021995114,0.0016502457611614707
1002008,1.645715979872851,0.001028473673477029
1002010,1.7807391459580368,0.0011128550450663474
1002012,2.9343822087679805,0.001833812690978677
1002014,1.5369979357612622,0.000960531423679271
1002016,1.3354093656773156,0.0008345506713861345
1002018,2.8416813666748433,0.0017758802307194597
1002020,1.7604309799873963,0.0011001636607006079
1002022,1.6780072210407835,0.0010486537603396978
1002024,2.641280393651624,0.0016506416552822293
1002026,1.3203238032220197,0.0008251231006360079
1002028,1.3257454265432376,0.0008285112896805187
1002030,3.5627268354215493,0.002226490354857153
1002032,1.3203238032220197,0.0008251231006360079
1002034,1.5101750164258256,0.0009437687096267369
1002036,3.2315592661886114,0.0020195305084249804
1002038,1.3203238032220197,0.0008251231006360079
1002040,2.0135346630520146,0.0012583382654778826
1002042,2.6641466319862612,0.0016649316812807876
1002044,1.366067144860278,0.0008537099425863721
1002046,1.325786278356806,0.000828536819611128
1002048,2.8259018067910895,0.0017660189532463268
1002050,2.117800772422683,0.0013234983233706753
1002052,1.3410144743092263,0.0008380535277327955
1002054,2.6406469021995114,0.0016502457611614707
1002056,1.5006072549647085,0.0009377894331919129
1002058,1.3203238032220197,0.0008251231006360079
1002060,3.740798201345183,0.002337774266596712
1002062,1.3203238032220197,0.0008251231006360079
1002064,1.664133758301765,0.0010399836791339801
1002066,2.9941232588472735,0.0018711472602384181
1002068,1.3256013091793553,0.0008284212249813503
1002070,1.7604309799873963,0.0011001636607006079
1002072,2.707838461594385,0.0016922364513915278
1002074,1.3203238032220197,0.0008251231006360079
1002076,1.3258182399375351,0.0008285567936800103
1002078,3.5356484549005147,0.0022095679929023102
1002080,1.7607104880460724,0.001100338336454741
1002082,1.4083791673542543,0.0008801524160987122
1002084,2.668080581079489,0.0016673901632574264
1002086,1.3203238032220197,0.0008251231006360079
1002088,1.3203238032220197,0.0008251231006360079
1002090,3.5208641398706253,0.0022003286837052236
1002092,1.7289803716751908,0.0010805089188985382
1002094,1.3397062591554685,0.0008372359718110333
1002096,2.641006252486757,0.001650470333514482
1002098,1.3980277149781906,0.0008736833798973044
1002100,1.958231945659762,0.0012237773876561419
1002102,2.6406469021995114,0.0016502457611614707
1002104,1.3285466074719607,0.0008302618595692915
1002106,1.6396828845216762,0.0010247033511284916
1002108,2.762221438580664,0.0017262225466836306
1002110,1.8446574964602973,0.0011528001762722382
1002112,1.3205473882445624,0.0008252628278503517
1002114,2.6406469021995114,0.0016502457611614707
1002116,1.4084809669441554,0.000880216034730034
1002118,1.4403526771351203,0.0009001339399220523
1002120,4.228435723998011,0.002642518438970088
1002122,1.5197969372079108,0.0009497818323852706
1002124,1.404801978389978,0.0008779168877816722
1002126,2.6406469021995114,0.0016502457611614707
1002128,1.3203238032220197,0.0008251231006360079
1002130,1.7604309799873963,0.0011001636607006079
1002132,2.643300040972731,0.0016519038135919687
1002134,1.6207010591133906,0.0010128408499765812
1002136,1.402105505352148,0.0008762317540377179
1002138,2.6406469021995114,0.0016502457611614707
1002140,1.783819860151697,0.0011147803064616528
1002142,1.3369122497546224,0.0008354898836965826
1002144,3.245934385202818,0.0020285140946816765
1002146,1.3329734634433459,0.0008330283787491053
1002148,1.5847178290960389,0.0009903534917616028
1002150,3.7847948309614323,0.002365269518411383
1002152,1.3203238032220197,0.0008251231006360079
1002154,1.3203238032220197,0.0008251231006360079
1002156,2.767194710991764,0.0017293305433297111
1002158,1.357607694125427,0.0008484232938090161
1002160,1.7605906606251012,0.0011002634515114476
1002162,3.2135115107317223,0.0020082517449082063
1002164,1.3280593566331491,0.0008299573570511012
1002166,1.4670261257348909,0.0009168032437394864
1002168,2.7377983244008592,0.001710959566761546
1002170,1.92373471960875,0.0012022186926957921
1002172,1.3203238032220197,0.0008251231006360079
1002174,2.8645202586444443,0.0017901531668818318
1002176,1.5850698610876977,0.0009905734906192859
1002178,1.3203238032220197,0.0008251231006360079
1002180,3.5209240165245035,0.0022003661030187156
1002182,1.4113619603097813,0.0008820164825996823
1002184,1.4085827815006906,0.0008802796627146036
1002186,2.6909518073309013,0.0016816833064044786
1002188,1.4670700335284397,0.000916830683474093
1002190,2.1490340369020537,0.0013430172383272281
1002192,2.6406948018018346,0.0016502756955368806
1002194,1.337746775083435,0.0008360114119195753
1002196,1.4404045685780817,0.0009001663689581784
1002198,2.6406469021995114,0.0016502457611614707
1002200,1.7608302612651598,0.0011004131875251113
1002202,1.3832409680452358,0.0008644425509068208
1002204,3.2843363515471142,0.0020525130178724875
1002206,1.3203238032220197,0.0008251231006360079
1002208,1.3203238032220197,0.0008251231006360079
1002210,3.9131648870555065,0.0024454930957298246
1002212,1.398141479182025,0.0008737544756939417
1002214,1.3243820914786932,0.0008276592871240871
1002216,2.6406469021995114,0.0016502457611614707
1002218,1.6903906048917765,0.0010563926317094046
1002220,1.7604309799873963,0.0011001636607006079
1002222,2.881385266823864,0.0018006927843660396
1002224,1.3203238032220197,0.0008251231006360079
1002226,1.325382606289679,0.0008282845488069093
1002228,2.700890402955047,0.0016878943319251505
1002230,1.888380005095853,0.0011801241189330581
1002232,1.7615423889065884,0.0011008582245426294
1002234,2.6406469021995114,0.0016502457611614707
1002236,1.3398579025215154,0.0008373307398096699
1002238,1.3251395193309659,0.0008281326340534162
1002240,3.6513154156260645,0.002281852898349069
1002242,1.3203238032220197,0.0008251231006360079
1002244,1.3528165654170354,0.0008454291260406498
1002246,3.1754402550482066,0.0019844594960234784
1002248,1.5126582154009407,0.0009453205598871374
1002250,1.8728803965054794,0.0011704377942091352
1002252,2.8166886930442856,0.0017602613103387887
1002254,1.4670261257348909,0.0009168032437394864
1002256,1.3588236636651152,0.0008491832017607005
1002258,2.6406469021995114,0.0016502457611614707
1002260,2.112757087065643,0.0013203463228611961
1002262,1.3203238032220197,0.0008251231006360079
1002264,2.6406469021995114,0.0016502457611614707
1002266,1.3203238032220197,0.0008251231006360079
1002268,1.326064098977958,0.0008287104408181275
1002270,3.5208641398706253,0.0022003286837052236
1002272,1.3203238032220197,0.0008251231006360079
1002274,1.7287265089706523,0.0010803502699509137
1002276,2.9352181550151237,0.0018343351071903099
1002278,1.3203238032220197,0.0008251231006360079
1002280,1.7604708921805077,0.0011001886034248494
1002282,2.6406469021995114,0.0016502457611614707
1002284,1.3315498896961375,0.0008321387306329279
1002286,1.446501211712908,0.00090397640485589
1002288,3.376912670064908,0.002110367658373901
1002290,1.7865784729467533,0.001116504273822808
1002292,1.4001716016124544,0.0008750231803180489
1002294,2.7767499964779754,0.0017353020230293156
1002296,1.3203238032220197,0.0008251231006360079
1002298,1.5222590448614834,0.0009513205018360962
1002300,3.8560368522211466,0.0024097915041045447
1002302,1.5843876588875812,0.0009901471552057706
1002304,1.32038766426014,0.0008251630099504162
1002306,2.6406469021995114,0.0016502457611614707
1002308,1.3370895341692846,0.0008356006758110348
1002310,1.7782976085972182,0.0011113292308133882
1002312,2.6407905906821383,0.0016503355578356058
1002314,1.3203238032220197,0.0008251231006360079
1002316,1.5843876588875812,0.0009901471552057706
1002318,2.6724798269321073,0.0016701394277708087
1002320,2.11863966927908,0.001324022583535928
1002322,1.3498510946753934,0.0008435758848832777
1002324,2.6705842205784767,0.001668954787617934
1002326,1.5257630893423761,0.0009535103192428452
1002328,1.3278125051164809,0.0008298030896749219
1002330,4.452002191439729,0.0027822340574900173
1002332,1.3203238032220197,0.0008251231006360079
1002334,1.3287911750262669,0.0008304146996061306
1002336,2.706177706008317,0.0016911985788672038
1002338,1.3296081629373357,0.0008309252679960349
1002340,1.8451538117245045,0.0011531103435120443
1002342,2.934118639068496,0.00183364797574205
1002344,1.584987136943245,0.0009905217929960198
1002346,1.3203238032220197,0.0008251231006360079
1002348,2.6409163277810364,0.0016504141359727678
1002350,1.760480867739829,0.0011001948375504614
1002352,1.4837588781919473,0.000927260209338265
1002354,2.9230586420697673,0.0018267361416947155
1002356,1.3694263576755679,0.0008558092488982664
1002358,1.5843876588875812,0.0009901471552057706
1002360,3.5211635052118018,0.0022005157690686257
1002362,1.3285045104197368,0.0008302355514392905
1002364,1.5677916362163966,0.0009797756375134771
1002366,2.663250833506836,0.0016643718610176942
1002368,1.3613963639638451,0.0008507909849744203
1002370,1.7604309799873963,0.0011001636607006079
1002372,3.168944634972619,0.0019804001234936166
1002374,1.3203238032220197,0.0008251231006360079
1002376,1.3340122090271553,0.0008336775323694469
1002378,2.9388791252776936,0.0018366229937882915
1002380,1.7604309799873963,0.0011001636607006079
1002382,1.3203238032220197,0.0008251231006360079
1002384,2.6410061492103454,0.0016504702689729258
1002386,1.8508209463964225,0.0011566519624094719
1002388,1.4084809301082104,0.0008802160117097801
1002390,3.5208641398706253,0.0022003286837052236
1002392,1.3203238032220197,0.0008251231006360079
1002394,1.3203238032220197,0.0008251231006360079
1002396,2.670120438388335,0.0016686649515960312
1002398,1.3345473979251885,0.0008340119932962994
1002400,2.1245406284886763,0.001327710328729847
1002402,2.798806894828888,0.001749086260133354
1002404,1.4843866871428106,0.0009276525522369382
1002406,1.3203238032220197,0.0008251231006360079
1002408,2.9348195097771796,0.0018340859778525039
1002410,1.792400723063794,0.00112014283055982
1002412,1.3312429897115612,0.0008319469365698043
1002414,3.2900717229217853,0.002056097280611991
1002416,1.4301999285372946,0.000893789081651246
1002418,1.3203238032220197,0.0008251231006360079
1002420,3.5213581222509562,0.0022006373930326807
1002422,1.408379155844583,0.0008801524089058588
1002424,1.3203238032220197,0.0008251231006360079
1002426,2.6406469021995114,0.0016502457611614707
1002428,1.5843876588875812,0.0009901471552057706
1002430,2.1368832565795848,0.0013354237301966042
1002432,2.778660074172025,0.0017364957069010475
1002434,1.3203238032220197,0.0008251231006360079
1002436,1.339329453737097,0.000837000491049129
1002438,2.6406469021995114,0.0016502457611614707
1002440,1.8654317809175323,0.0011657828567048847
1002442,1.6239400379657534,0.0010148650172808697
1002444,2.6406469021995114,0.0016502457611614707
1002446,1.3203238032220197,0.0008251231006360079
1002448,1.3203238032220197,0.0008251231006360079
1002450,3.6335822129624726,0.0022707707114413707
1002452,1.4670700219641204,0.0009168306762470877
1002454,1.3408712291638658,0.0008379640081178324
1002456,3.6874910441346347,0.002304460494068851
1002458,1.3203238032220197,0.0008251231006360079
1002460,1.7604309799873963,0.0011001636607006079
1002462,2.6406469021995114,0.0016502457611614707
1002464,1.3203238032220197,0.0008251231006360079
1002466,1.3203238032220197,0.0008251231006360079
1002468,2.6643815788460947,0.0016650785089612381
1002470,2.112652245769414,0.001320280803346053
1002472,1.3785656017329389,0.0008615207276852766
1002474,3.020631034465546,0.0018877130283899406
1002476,1.3203238032220197,0.0008251231006360079
1002478,1.558285058572273,0.000973834597290606
1002480,3.521635929580194,0.002200811005933032
1002482,1.4403526771351203,0.0009001339399220523
1002484,1.5843876588875812,0.0009901471552057706
1002486,2.6406469021995114,0.0016502457611614707
1002488,1.3203238032220197,0.0008251231006360079
1002490,1.8781266001471502,0.0011737163564866761
1002492,2.6406828152897863,0.001650268204686558
1002494,1.3262809542023177,0.0008288459623126853
1002496,1.4838866280148917,0.0009273400453071056
1002498,3.1688189032875993,0.0019803215487398038
1002500,1.7648486223734083,0.001102924421942776
1002502,1.3526984660250925,0.0008453553210117429
1002504,2.6406469021995114,0.0016502457611614707
1002506,1.3245162608689542,0.0008277431349370497
1002508,1.4412989360614903,0.000900725294934683
1002510,3.645898695798848,0.002278467773693888
1002512,1.584583211460847,0.0009902693638224726
1002514,1.3203238032220197,0.0008251231006360079
1002516,2.7966470920978574,0.0017477365131077828
1002518,1.4670261257348909,0.0009168032437394864
1002520,1.7910027184009525,0.001119269161586124
1002522,2.6406469021995114,0.0016502457611614707
1002524,1.477817318218377,0.0009235470911046593
1002526,1.6026457456302792,0.0010015573631472258
1002528,2.6869732975809835,0.0016791969766929702
1002530,1.8261218919627644,0.0011412165363970466
1002532,1.354464085291634,0.0008464587270400189
1002534,2.8808612139357543,0.0018003652827767481
1002536,1.333389624410803,0.0008332884543661576
1002538,1.3312384743682728,0.0008319441147513644
1002540,4.85683928535267,0.003035232933498122
1002542,1.3203238032220197,0.0008251231006360079
1002544,1.3203238032220197,0.0008251231006360079
1002546,2.6406469021995114,0.0016502457611614707
1002548,1.3465147701120386,0.0008414908823545606
1002550,1.7604808577866635,0.0011001948313303306
1002552,2.7185189500009286,0.0016989111153556313
1002554,1.6780069948271414,0.0010486536189697542
1002556,1.3267568806144197,0.0008291433877441361
1002558,2.8169430941813687,0.0017604202957744242
1002560,1.9284847464372898,0.0012051871742571369
1002562,1.4809350673137271,0.0009254954970898296
1002564,2.640916269721436,0.0016504140996890036
1002566,1.3304831312626921,0.000831472070663543
1002568,1.5844435216883677,0.0009901820661020846
1002570,3.691010346173651,0.0023066598465333156
1002572,1.3203238032220197,0.0008251231006360079
1002574,1.3203238032220197,0.0008251231006360079
1002576,2.6406947834538905,0.0016502756840705171
1002578,1.3241338461215553,0.0008275041486813049
1002580,1.7604309799873963,0.0011001636607006079
1002582,3.243489806836381,0.002026986379982797
1002584,1.4672017029436162,0.000916912968952734
1002586,1.4403526771351203,0.0009001339399220523
1002588,2.848595237012771,0.0017802009845502282
1002590,1.7790922364357744,0.0011118258255005409
1002592,1.5068210085168103,0.0009416726560687454
1002594,2.6406469021995114,0.0016502457611614707
1002596,1.613958450842452,0.0010086271246545699
1002598,1.3203238032220197,0.0008251231006360079
1002600,3.5273363673723312,0.0022043734372809726
1002602,1.3883041977272177,0.0008676067654458861
1002604,1.349980039741912,0.000843656467807586
1002606,2.9361270173405565,0.0018349030915727638
1002608,1.33101447944397,0.0008318041313730323
1002610,2.112652226263156,0.0013202807911558128
1002612,2.88109468907357,0.0018005111907193041
1002614,1.3543413156371396,0.0008463820033774345
1002616,1.3835048684521227,0.0008646074728157179
1002618,2.642006678687078,0.0016510955398209592
1002620,1.7604309799873963,0.0011001636607006079
1002622,1.324284252739946,0.0008275981437869146
1002624,3.177423470285847,0.001985698886468547
1002626,1.4504279341854798,0.0009064303706285277
1002628,1.4670700142579576,0.0009168306714311987
1002630,3.7300344132057153,0.002331047545301108
1002632,1.3203238032220197,0.0008251231006360079
1002634,1.3203238032220197,0.0008251231006360079
1002636,2.640682810131527,0.0016502682014629558
1002638,1.7307351975519458,0.0010816055797062665
1002640,1.794122333245692,0.001121218733552637
1002642,2.6406469021995114,0.0016502457611614707
1002644,1.32586868515845,0.000828588318914193
1002646,1.3980537658344092,0.000873699660118266
1002648,2.6406469021995114,0.0016502457611614707
1002650,1.9571151367190103,0.0012230794491248798
1002652,1.5843876588875812,0.0009901471552057706
1002654,2.6950296448097917,0.001684231709982647
1002656,1.3203238032220197,0.0008251231006360079
1002658,1.324396308644149,0.0008276681719988538
1002660,3.7594021360653027,0.0023494006087582597
1002662,1.4078744524462214,0.000879836999585856
1002664,1.4948879394062933,0.0009342152043735283
1002666,3.1688188962667194,0.001980321544352175
1002668,1.4247932053498065,0.0008904102042956655
1002670,1.7604309799873963,0.0011001636607006079
1002672,2.948195067319109,0.0018424448982058289
1002674,1.3788230557811894,0.0008616816210070855
1002676,1.3256445650313355,0.0008284482572916211
1002678,2.6406469021995114,0.0016502457611614707
1002680,2.1130481025102568,0.0013205281900406007
1002682,1.3203238032220197,0.0008251231006360079
1002684,2.6406469021995114,0.0016502457611614707
1002686,1.3203238032220197,0.0008251231006360079
1002688,1.3203876398001189,0.0008251629946643716
1002690,3.8454205446295733,0.0024031569492961803
1002692,1.3203238032220197,0.0008251231006360079
1002694,1.882709201099538,0.0011765802069282
1002696,2.7110418576707067,0.001694238381597292
1002698,1.3498510243145279,0.0008435758409119614
1002700,1.8174804199697125,0.0011358161352624417
1002702,2.6406469021995114,0.0016502457611614707
1002704,1.369839942402672,0.0008560677145197837
1002706,1.3980276919812946,0.0008736833655256252
1002708,3.3392142588096965,0.0020868084148701156
1002710,1.7604309799873963,0.0011001636607006079
1002712,1.3203238032220197,0.0008251231006360079
1002714,2.6406469021995114,0.0016502457611614707
1002716,1.6012515309296569,0.0010006860626723556
1002718,1.3429140836947795,0.0008392406695402672
1002720,3.5225064490291453,0.002201355028319911
1002722,1.6102831052362414,0.0010063302543299533
1002724,1.3203238032220197,0.0008251231006360079
1002726,2.7362276952999083,0.0017099780178789438
1002728,1.4426335479357337,0.0009015593472218069
1002730,1.7729448790985953,0.0011079840962713982
1002732,2.6406469021995114,0.0016502457611614707
1002734,1.3203238032220197,0.0008251231006360079
1002736,1.5856768424653447,0.0009909528175352518
1002738,2.934118613057913,0.0018336479594869973
1002740,1.7766730079139827,0.001110313952932481
1002742,1.4403526771351203,0.0009001339399220523
1002744,2.7998097717830137,0.0017497129980138084
1002746,1.33034641196018,0.0008313866293085283
1002748,1.3203238032220197,0.0008251231006360079
1002750,4.247519847377866,0.0026544448702119387
1002752,1.3206838855030656,0.0008253481304411932
1002754,1.3832409427739722,0.0008644425351137984
1002756,2.6406469021995114,0.0016502457611614707
1002758,1.3282575716553557,0.0008300812295385294
1002760,2.0431219588393223,0.0012768285488310132
1002762,2.9474780049697595,0.0018419967772921556
1002764,1.6148094376280053,0.0010091589402996279
1002766,1.3203238032220197,0.0008251231006360079
1002768,2.8824860328843434,0.001801380697060396
1002770,1.7750398040513058,0.0011092932985809847
1002772,1.3203238032220197,0.0008251231006360079
1002774,2.716745995842624,0.0016978031254604132
1002776,1.3302298543835933,0.0008313137878216436
1002778,1.6259806801956582,0.0010161402961480074
1002780,3.526689766158111,0.002203969350346048
1002782,1.5539214457159323,0.0009711076012603803
1002784,1.3203238032220197,0.0008251231006360079
1002786,2.67005305899466,0.0016686228435206544
1002788,1.3660669841100317,0.0008537098421271202
1002790,1.7604309799873963,0.0011001636607006079
1002792,3.265107878159089,0.0020404963765427576
1002794,1.4403526771351203,0.0009001339399220523
1002796,1.4084808748917648,0.000880215977202817
1002798,2.6406469021995114,0.0016502457611614707
1002800,1.861570833598657,0.001163369996453961
1002802,1.3203238032220197,0.0008251231006360079
1002804,3.00503154515213,0.0018779642842112678
1002806,1.6058552500761798,0.0010035631107172113
1002808,1.3344701876674228,0.0008339637415211416
1002810,3.5208641398706253,0.0022003286837052236
1002812,1.3203238032220197,0.0008251231006360079
1002814,1.3261726702745444,0.0008287782913595332
1002816,2.6422382436807994,0.0016512402540381475
1002818,1.3203238032220197,0.0008251231006360079
1002820,2.53063298851711,0.001581493670690024
1002822,2.6537029177842797,0.0016584049869778704
1002824,1.3203238032220197,0.0008251231006360079
1002826,1.4886917305162986,0.0009303429458570763
1002828,2.6606400386426508,0.0016627402709878817
1002830,1.8832800233448943,0.0011769369365575916
1002832,1.3309691519487437,0.0008317758044101205
1002834,3.1772858626862024,0.001985612889981161
1002836,1.3203238032220197,0.0008251231006360079
1002838,1.3203238032220197,0.0008251231006360079
1002840,3.6071009821432884,0.0022542215321954455
1002842,1.3247412240600693,0.0008278837234240019
1002844,1.3271286419211759,0.0008293757162391452
1002846,3.0915658373664257,0.001932043021055184
1002848,1.8107150525419422,0.0011315881868339415
1002850,1.8239338057326413,0.0011398491138827722
1002852,2.6795540409235072,0.001674560386757462
1002854,1.3203238032220197,0.0008251231006360079
1002856,1.3413424972870605,0.0008382585223984145
1002858,2.8020654659586217,0.001751122671434618
1002860,1.8070801617394643,0.0011293165983326248
1002862,1.5843876588875812,0.0009901471552057706
1002864,2.818974517588498,0.0017616898134308545
1002866,1.3463956750267982,0.0008414164550771273
1002868,1.3257105816397172,0.0008284895137080156
1002870,3.915793930143368,0.002447136089803754
1002872,1.440534193573371,0.0009002473767971435
1002874,1.3391734178216004,0.0008369029779708288
1002876,3.168944550714997,0.001980400070837662
1002878,1.3692816281814624,0.0008557188016544628
1002880,1.7616182046344289,0.001100905604820316
1002882,2.687979027664776,0.0016798254976081554
1002884,1.3203238032220197,0.0008251231006360079
1002886,1.355723773620853,0.0008472459566101468
1002888,2.641279847656025,0.0016506413140677633
1002890,2.1126521872669826,0.001320280766785546
1002892,1.5384778912778614,0.0009614563070159796
1002894,2.6406469021995114,0.0016502457611614707
1002896,1.3984173688786725,0.0008739268901890646
1002898,1.5369973824516199,0.000960531077893967
1002900,3.5218285882195395,0.0022009314060147944
1002902,1.3203238032220197,0.0008251231006360079
1002904,1.5844435029707264,0.0009901820544046826
1002906,2.6406469021995114,0.0016502457611614707
1002908,1.3203238032220197,0.0008251231006360079
1002910,1.7604309799873963,0.0011001636607006079
1002912,2.7398177946319984,0.0017122216144006884
1002914,1.4670261257348909,0.0009168032437394864
1002916,1.3296659319935409,0.0008309613701875279
1002918,3.1688188857398103,0.001980321537773489
1002920,1.7604708667090432,0.0011001885875067134
1002922,1.3581940701611352,0.0008487897436234795
1002924,2.882069691880309,0.0018011205089312927
1002926,1.3203238032220197,0.0008251231006360079
1002928,1.3203238032220197,0.0008251231006360079
1002930,3.5673509286165515,0.0022293801354589865
1002932,1.731306044672334,0.0010819623248810595
1002934,1.3980276833646474,0.0008736833601407381
1002936,3.0664370252154596,0.0019163390222734409
1002938,1.3832409343564,0.0008644425298533213
1002940,1.7604309799873963,0.0011001636607006079
1002942,2.7265158352330303,0.001703908688467651
1002944,1.3203876235038454,0.0008251629844801792
1002946,1.6089638317373767,0.001005505787606477
1002948,2.6406469021995114,0.0016502457611614707
1002950,1.9217303610619474,0.0012009660889520074
1002952,1.3279954800061209,0.0008299174379945614
1002954,2.6406469021995114,0.0016502457611614707
1002956,1.3203238032220197,0.0008251231006360079
1002958,1.4670261257348909,0.0009168032437394864
1002960,4.246618629337241,0.0026538816630485027
1002962,1.3429140318702035,0.0008392406371530189
1002964,1.3203238032220197,0.0008251231006360079
1002966,2.8169429906716013,0.0017604202310870347
1002968,1.3203238032220197,0.0008251231006360079
1002970,1.7604309799873963,0.0011001636607006079
1002972,2.886214781354558,0.0018037109409685397
1002974,1.6396823094493285,0.0010247029917428033
1002976,1.440907771361765,0.0009004808404841088
1002978,2.6406469021995114,0.0016502457611614707
1002980,2.020610281382605,0.001262760102092209
1002982,1.324266875041998,0.0008275872837691083
1002984,2.80239715923078,0.0017513299598138138
1002986,1.3203238032220197,0.0008251231006360079
1002988,1.6036807483906979,0.001002204177727679
1002990,3.5823177431225575,0.002238733495870806
1002992,1.3203238032220197,0.0008251231006360079
1002994,1.3692816214912482,0.0008557187974734806
1002996,2.727003922396014,0.0017042137136382334
1002998,1.3240538737221819,0.0008274541707334899
1003000,1.9108133633368745,0.0011941436208645834
1003002,3.864304090085429,0.0024149580313788587
1003004,1.3203238032220197,0.0008251231006360079
1003006,1.3203238032220197,0.0008251231006360079
1003008,2.6447454180448884,0.0016528070874770992
1003010,1.8643577904668265,0.0011651116771589452
1003012,1.3203238032220197,0.0008251231006360079
1003014,2.671736959500581,0.0016696751802301928
1003016,1.5844434967342995,0.0009901820505072902
1003018,1.3782740272903693,0.0008613385111657137
1003020,3.586210959483912,0.0022411665223357447
1003022,1.3203238032220197,0.0008251231006360079
1003024,1.5156388451960272,0.0009471832745427153
1003026,2.653859679250328,0.001658502953481701
1003028,1.440404525530273,0.0009001663420558827
1003030,2.238672395385711,0.0013990358302116313
1003032,2.640790487524351,0.0016503354933681826
1003034,1.4083791351468395,0.0008801523959710118
1003036,1.3660669305796231,0.000853709808673829
1003038,2.6406469021995114,0.0016502457611614707
1003040,1.7607102204462215,0.0011003381692209016
1003042,1.3264678353145842,0.0008289627517869244
1003044,3.1689445226479425,0.0019804000532974383
1003046,1.4828772698251398,0.0009267092570435388
1003048,1.3982550637464788,0.0008738254592267522
1003050,3.525738679354998,0.002203374978200334
1003052,1.3694262170835028,0.0008558091610366673
1003054,1.455292601622399,0.0009094704956867282
1003056,2.640694760538717,0.0016502756697499097
1003058,1.5843876588875812,0.0009901471552057706
1003060,1.7604309799873963,0.0011001636607006079
1003062,2.6406469021995114,0.0016502457611614707
1003064,1.3203238032220197,0.0008251231006360079
1003066,1.3244322745616137,0.000827690648537763
1003068,3.1510634343139445,0.0019692254467252547
1003070,1.811446255417289,0.0011320451447273219
1003072,1.5850692511619677,0.0009905731094523266
1003074,2.7001476230433057,0.0016874301390791453
1003076,1.3833785343058995,0.0008645285215598263
1003078,1.3463956359169833,0.0008414164306358413
1003080,3.8469365336811783,0.0024041043514287015
1003082,1.3260688903724758,0.0008287134351520108
1003084,1.3430441921555183,0.0008393219795161093
1003086,3.363265904754367,0.0021018392494493577
1003088,1.3409506064337002,0.000838013614145419
1003090,1.958406869254891,0.0012238867044001367
1003092,2.6406469021995114,0.0016502457611614707
1003094,1.327199361811706,0.0008294199119244827
1003096,1.3203238032220197,0.0008251231006360079
1003098,2.7321571605574912,0.0017074341780725921
1003100,2.114082728530769,0.001321174769181233
1003102,1.4250262071597375,0.0008905558164367136
1003104,2.705053291829004,0.0016904958875184834
1003106,1.4788679708108043,0.0009242036858904531
1003108,1.3203238032220197,0.0008251231006360079
1003110,3.6543672012337,0.0022837600811150723
1003112,1.4672016105102357,0.0009169129111874212
1003114,1.5991834383629093,0.0009993936289928954
1003116,2.6612953688268535,0.001663149813004931
1003118,1.3436936411495721,0.0008397278461424406
1003120,1.7605905077841,0.0011002633559949989
1003122,2.767564835214114,0.001729561848745262
1003124,1.4268307024744273,0.0008916835176608426
1003126,1.3203238032220197,0.0008251231006360079
1003128,3.1724955768109906,0.0019826192489329256
1003130,1.7604309799873963,0.0011001636607006079
1003132,1.462560909575744,0.0009140127517455874
1003134,2.934118587067869,0.0018336479432447803
1003136,1.4114594105880924,0.0008820773831724068
1003138,1.3369119617475498,0.0008354897037094551
1003140,3.521357767569678,0.002200637171378178
1003142,1.6067827627966238,0.0010041427504767191
1003144,1.3584626951375358,0.0008489576181046446
1003146,2.6406469021995114,0.0016502457611614707
1003148,1.3203238032220197,0.0008251231006360079
1003150,1.7604808279509832,0.0011001948126848217
1003152,2.6406947559583145,0.001650275666887433
1003154,1.3203238032220197,0.0008251231006360079
1003156,1.7609194622763276,0.001100468932801183
1003158,2.882705958031763,0.0018015181370725382
1003160,1.8233679880851468,0.0011394955118265524
1003162,1.3980276747519176,0.0008736833547582991
1003164,2.6406469021995114,0.0016502457611614707
1003166,1.3391733436209938,0.000836902931599905
1003168,1.4662024096654769,0.0009162884706545962
1003170,4.5229776039719365,0.0028265894287365107
1003172,1.3203238032220197,0.0008251231006360079
1003174,1.3345471450962,0.0008340118352933623
1003176,2.6407904669105657,0.0016503354804858045
1003178,1.4670261257348909,0.0009168032437394864
1003180,1.7604309799873963,0.0011001636607006079
1003182,2.6406469021995114,0.0016502457611614707
1003184,1.762322726406416,0.0011013458886261133
1003186,1.3203238032220197,0.0008251231006360079
1003188,2.7097332108957795,0.001693420555938215
1003190,1.8042049011165118,0.0011275197330829357
1003192,1.3203238032220197,0.0008251231006360079
1003194,2.6406469021995114,0.0016502457611614707
1003196,1.3203238032220197,0.0008251231006360079
1003198,1.5995927848335343,0.0009996494459585915
1003200,4.1424092715914576,0.002588757071513718
1003202,1.3203238032220197,0.0008251231006360079
1003204,1.4084808197202383,0.0008802159427239257
1003206,2.6864433088486828,0.0016788657655574662
1003208,1.3364353942484966,0.0008351918776371526
1003210,1.920692893212359,0.0012003177338388348
1003212,3.1712120819541116,0.0019818171417124286
1003214,1.402973126445823,0.000876773965126576
1003216,1.3203238032220197,0.0008251231006360079
1003218,2.716745707771345,0.0016978029454331606
1003220,1.781502970548172,0.0011133323895727604
1003222,1.5185744513211823,0.0009490178521079481
1003224,2.6406469021995114,0.0016502457611614707
1003226,1.647786047468688,0.0010297673414310833
1003228,1.3203238032220197,0.0008251231006360079
1003230,3.5949828985185617,0.0022466484575376982
1003232,1.3374257383504555,0.0008358107832375143
1003234,1.3203238032220197,0.0008251231006360079
1003236,2.9587265929456708,0.0018490264693766358
1003238,1.4921152465512821,0.0009324824378203122
1003240,2.1130478034143527,0.0013205280031236193
1003242,2.654821080846755,0.001659103771753904
1003244,1.4768630540345806,0.000922950733286798
1003246,1.3203238032220197,0.0008251231006360079
1003248,2.6410058397369816,0.0016504700755706552
1003250,1.7608603547356452,0.0011004319941372582
1003252,1.3203238032220197,0.0008251231006360079
1003254,3.1688188717121584,0.001980321529007049
1003256,1.3203238032220197,0.0008251231006360079
1003258,1.340871041597943,0.0008379638909003928
1003260,3.693613653703354,0.00230828675742864
1003262,1.4741751863959884,0.0009212709774006721
1003264,1.3206837016469335,0.00082534801554215
1003266,2.9392903409990456,0.0018368799789234564
1003268,1.5843876588875812,0.0009901471552057706
1003270,1.8063651926254893,0.0011288697855653762
1003272,2.8178434434523516,0.0017609829600089976
1003274,1.3203238032220197,0.0008251231006360079
1003276,1.4368778407393974,0.0008979623758147894
1003278,2.6406469021995114,0.0016502457611614707
1003280,1.760590482339042,0.0011002633400933656
1003282,1.5843876588875812,0.0009901471552057706
1003284,2.8329417641466454,0.0017704185038924533
1003286,1.3254039068868169,0.0008282978604011659
1003288,1.6023111151047358,0.0010013482391610263
1003290,3.59568131452087,0.0022470849256040564
1003292,1.3583047059264415,0.0008488588843338779
1003294,1.3258431865426843,0.0008285723838103562
1003296,3.1708917896781035,0.0019816169782712755
1003298,1.3266505820354,0.0008290769575147486
1003300,1.797561490843196,0.00112336800055328
1003302,2.6665834375036983,0.001666454538415748
1003304,1.3374911492068677,0.0008358516610952991
1003306,1.4765125555112208,0.0009227316927547276
1003308,2.6406469021995114,0.0016502457611614707
1003310,2.349078663315505,0.0014680331185295203
1003312,1.3404482100910178,0.0008376996465966929
1003314,3.0546555331510747,0.0019089762971308956
1003316,1.3203238032220197,0.0008251231006360079
1003318,1.3203238032220197,0.0008251231006360079
1003320,3.5247856253492733,0.0022027793766711042
1003322,1.326509017405777,0.000828988488121218
1003324,1.5847174419510122,0.0009903532498192066
1003326,2.6406469021995114,0.0016502457611614707
1003328,1.3479401172483294,0.0008423816387324346
1003330,1.7604309799873963,0.0011001636607006079
1003332,2.9383243867987425,0.0018362763155471834
1003334,1.3339489753092832,0.0008336380150925274
1003336,1.330070790837477,0.0008312143826559946
1003338,3.169091035327198,0.0019804916149248923
1003340,2.057609597989965,0.00128588245341692
1003342,1.3692816014298892,0.0008557187849363358
1003344,2.640694746800139,0.0016502756611641231
1003346,1.3659123347742284,0.0008536131955778738
1003348,1.3203238032220197,0.0008251231006360079
1003350,3.5212379995900966,0.002200562323582184
1003352,1.8026675894722342,0.0011265590056102697
1003354,1.494706416100685,0.0009341017632067512
1003356,2.7038770299852013,0.001689760794492553
1003358,1.32755122141939,0.000829639803052532
1003360,1.7607101313601006,0.0011003381135474251
1003362,2.7058018696601684,0.0016909637037160028
1003364,1.3203238032220197,0.0008251231006360079
1003366,1.7899643778401386,0.0011186202610808358
1003368,2.674630517951135,0.0016714834805234742
1003370,1.7717830053373516,0.0011072579949331616
1003372,1.3398574497383666,0.0008373304568473883
1003374,2.81925309431377,0.0017618639071575299
1003376,1.4673222303055278,0.0009169882913170884
1003378,1.3249014712627927,0.0008279838683039598
1003380,4.226604357602895,0.002641373944934117
1003382,1.3203238032220197,0.0008251231006360079
1003384,1.3203238032220197,0.0008251231006360079
1003386,2.6724782520799604,0.001670138443582776
1003388,1.330818325797953,0.000831681547121951
1003390,1.8643576468778205,0.001165111587424438
1003392,2.925084217006174,0.001828002004408104
1003394,1.5843876588875812,0.0009901471552057706
1003396,1.3465145129959595,0.0008414907216724492
1003398,3.078337145660982,0.0019237758830313774
1003400,1.836338267210413,0.0011476011575036488
1003402,1.3203238032220197,0.0008251231006360079
1003404,2.6406469021995114,0.0016502457611614707
1003406,1.3203238032220197,0.0008251231006360079
1003408,1.7483060369419197,0.0010925862993167532
1003410,3.5210435603410573,0.002200440810726276
1003412,1.3203238032220197,0.0008251231006360079
1003414,1.3203238032220197,0.0008251231006360079
1003416,2.6406469021995114,0.0016502457611614707
1003418,1.4403526771351203,0.0009001339399220523
1003420,1.9564144242178776,0.0012226415458846459
1003422,3.1696870502831755,0.001980864088485773
1003424,1.3203238032220197,0.0008251231006360079
1003426,1.333690517650973,0.0008334764945746911
1003428,2.8134472199893312,0.00175823558430764
1003430,1.7604309799873963,0.0011001636607006079
1003432,1.3203238032220197,0.0008251231006360079
1003434,2.709071105427176,0.0016930067797752246
1003436,1.5843876588875812,0.0009901471552057706
1003438,1.3203238032220197,0.0008251231006360079
1003440,3.6541560646467026,0.002283628133425501
1003442,1.5653616083986184,0.0009782570160338493
1003444,1.5107747046309254,0.0009441434787477657
1003446,2.6709288808792717,0.0016691701796114468
1003448,1.3529890346587972,0.0008455369089611572
1003450,2.1961146146204107,0.0013724397725358103
1003452,2.6406469021995114,0.0016502457611614707
1003454,1.3329730554798604,0.0008330281237964223
1003456,1.3203875909362464,0.0008251629641273853
1003458,2.813201589075861,0.0017580820797351707
1003460,1.7787033695390992,0.0011115828070389056
1003462,1.3203238032220197,0.0008251231006360079
1003464,3.5406496740182867,0.002212693454562053
1003466,1.3980276632743664,0.0008736833475855187
1003468,1.3203238032220197,0.0008251231006360079
1003470,4.0225513386340745,0.0025138530600611665
1003472,1.3447121125796357,0.0008403643296340148
1003474,1.3282572279763052,0.0008300810147597584
1003476,2.8172861101438484,0.0017606346601552211
1003478,1.5964581364766925,0.0009976904789496736
1003480,1.760470844448166,0.0011001885735950018
1003482,2.6407007206160173,0.0016502793944403605
1003484,1.3203238032220197,0.0008251231006360079
1003486,1.4670261257348909,0.0009168032437394864
1003488,2.640838271444722,0.0016503653554493182
1003490,1.844656943600533,0.0011527998307680808
1003492,1.5843876588875812,0.0009901471552057706
1003494,2.6406469021995114,0.0016502457611614707
1003496,1.4405340806783151,0.000900247306244512
1003498,1.3262802924959707,0.0008288455487859493
1003500,3.5369116293662657,0.0022103574010984522
1003502,1.3463955577469378,0.0008414163817842564
1003504,1.3984171096624618,0.000873926728194497
1003506,3.1688188611975843,0.0019803215224360716
1003508,1.467069975767694,0.000916830647377095
1003510,1.8781262551847315,0.0011737161409058772
1003512,2.6406469021995114,0.0016502457611614707
1003514,1.385133110831223,0.0008656250265378818
1003516,1.4111524134654025,0.0008818855284037947
1003518,2.663615786496934,0.0016645999347235845
1003520,2.112512571211816,0.001320193515134052
1003522,1.4408067459147917,0.0009004177056456348
1003524,2.659390922275552,0.0016619596482593051
1003526,1.3408709791427746,0.0008379638518696625
1003528,1.3203238032220197,0.0008251231006360079
1003530,3.913163489638761,0.0024454922224282642
1003532,1.3660668235981992,0.0008537097418168625
1003534,1.62404294003761,0.0010149293248972173
1003536,2.7944307123010375,0.0017463514088131573
1003538,1.3203238032220197,0.0008251231006360079
1003540,1.7604309799873963,0.0011001636607006079
1003542,2.796262777607171,0.0017474963396265498
1003544,1.4489732585301178,0.0009055212856872103
1003546,1.3296076510444752,0.0008309249480937327
1003548,3.460540823476269,0.0021626302329596616
1003550,1.7604808080803516,0.0011001948002668702
1003552,1.4674990011495486,0.000917098762480726
1003554,2.667854305917332,0.001667248754867348
1003556,1.3203238032220197,0.0008251231006360079
1003558,1.3203238032220197,0.0008251231006360079
1003560,3.521163147162127,0.0022005155453090775
1003562,1.6032834578643647,0.0010019558950032886
1003564,1.3359768423976273,0.0008349053102632491
1003566,2.6406469021995114,0.0016502457611614707
1003568,1.3203238032220197,0.0008251231006360079
1003570,1.7604309799873963,0.0011001636607006079
1003572,2.691286795567687,0.0016818926539387267
1003574,1.6596760762348153,0.0010371978954953338
1003576,1.5844434655730484,0.0009901820310333795
1003578,2.8169428355647868,0.0017604201341545887
1003580,1.8776623687456762,0.0011734262397346627
1003582,1.3832409049192067,0.0008644425114568429
1003584,2.6411134093594626,0.0016505373001258886
1003586,1.325138331817588,0.0008281318919288571
1003588,1.3583046297422443,0.000848858836723329
1003590,4.299421607078134,0.0026868803536803446
1003592,1.3278253977538184,0.0008298111467991435
1003594,1.3659123195006104,0.0008536131860327796
1003596,2.9343816886930174,0.0018338123659630522
1003598,1.3543411552064668,0.0008463819031178969
1003600,1.9306024189976576,0.0012065105924556714
1003602,2.6406469021995114,0.0016502457611614707
1003604,1.60994936643048,0.001006121687615076
1003606,1.3203238032220197,0.0008251231006360079
1003608,2.702709847636238,0.001689031375605736
1003610,1.7604309799873963,0.0011001636607006079
1003612,1.408480764593576,0.0008802159082730716
1003614,2.6406469021995114,0.0016502457611614707
1003616,1.3408038267587072,0.0008379218856616599
1003618,1.863976319717963,0.0011648732808456044
1003620,3.616075717376127,0.002259830202844748
1003622,1.325337550538142,0.0008282563916674872
1003624,1.3203238032220197,0.0008251231006360079
1003626,2.8813907950906965,0.0018006962392008753
1003628,1.3833784333783847,0.0008645284584861896
1003630,1.7604309799873963,0.0011001636607006079
1003632,3.318728199845524,0.0020740058580646713
1003634,1.3203238032220197,0.0008251231006360079
1003636,1.337088915487458,0.0008356002891720407
1003638,2.7001471628312905,0.0016874298514742683
1003640,1.956936789005334,0.0012229679925123877
1003642,1.3203238032220197,0.0008251231006360079
1003644,2.640915979798376,0.001650413918504499
1003646,1.6903900623612746,0.001056392292660416
1003648,1.3205470459789441,0.000825262613954891
1003650,3.521237887806661,0.0022005622537242487
1003652,1.4404044932912587,0.0009001663219084345
1003654,1.3203238032220197,0.0008251231006360079
1003656,2.934449570750074,0.0018338547881728612
1003658,1.3203238032220197,0.0008251231006360079
1003660,2.1654197860381057,0.0013532573476855454
1003662,3.040279210861271,0.0018999919588992
1003664,1.3324483374934368,0.0008327002065606194
1003666,1.332539957998328,0.0008327574638749941
1003668,2.6406469021995114,0.0016502457611614707
1003670,1.7740497636332273,0.001108674582764814
1003672,1.333791228490578,0.0008335394328024498
1003674,3.322852963823685,0.00207658358788727
1003676,1.3203238032220197,0.0008251231006360079
1003678,1.4403526771351203,0.0009001339399220523
1003680,3.852091618737481,0.0024073259700614327
1003682,1.3203238032220197,0.0008251231006360079
1003684,1.4670699680777415,0.0009168306425713364
1003686,2.6471699811812845,0.0016543222938589799
1003688,1.5844434593449712,0.0009901820271412051
1003690,1.8261213155276117,0.0011412161761596871
1003692,2.6406469021995114,0.0016502457611614707
1003694,1.4249986315475653,0.0008905385833348322
1003696,1.3203238032220197,0.0008251231006360079
1003698,2.6407007090328234,0.0016502793872015598
1003700,1.7606302824268727,0.0011002882127585378
1003702,1.5843876588875812,0.0009901471552057706
1003704,2.881610629729414,0.0018008336226505133
1003706,1.5042304544959757,0.0009400537153507034
1003708,1.3438193558746951,0.0008398064102973365
1003710,3.5208641398706253,0.0022003286837052236
1003712,1.3203875746649083,0.000825162953958776
1003714,1.4385613997131963,0.0008990144990872583
1003716,3.1744821522096767,0.0019838607392768937
1003718,1.3659123118666323,0.0008536131812620016
1003720,1.8459943741883342,0.001153635644581934
1003722,2.6632700224573784,0.0016643838529596185
1003724,1.3259485837009513,0.0008286382507058975
1003726,1.3203238032220197,0.0008251231006360079
1003728,2.9355700301057563,0.0018345550079942724
1003730,2.306698664897808,0.001441548164146342
1003732,1.4342823661968649,0.0008963403600661299
1003734,2.6406469021995114,0.0016502457611614707
1003736,1.3584624495102202,0.0008489574646023206
1003738,1.3339488587291939,0.0008336379422369714
1003740,3.5209239234538394,0.0022003660448551387
1003742,1.335797956660622,0.0008347935174184808
1003744,1.5847086010461828,0.000990347724784524
1003746,2.6588970516562553,0.001661651008775784
1003748,1.4634640419359974,0.0009145771552438494
1003750,1.9835896011514231,0.0012396243997853482
1003752,2.6424337516996377,0.0016513624348110073
1003754,1.3289793841958106,0.0008305323190364273
1003756,1.4628598828349717,0.0009141995920813135
1003758,3.1688188506882904,0.0019803215158683937
1003760,1.7605904060525452,0.0011002632924188855
1003762,1.3543411284986069,0.000846381886427088
1003764,2.659516550194146,0.0016620381581653324
1003766,1.3832408965155185,0.0008644425062050423
1003768,1.3203238032220197,0.0008251231006360079
1003770,3.7343561621144037,0.002333748378877693
1003772,1.7609191596472806,0.0011004687436761992
1003774,1.33774634053504,0.0008360111403529199
1003776,2.6427468001571395,0.0016515580713005358
1003778,1.3203238032220197,0.0008251231006360079
1003780,1.8222805607204835,0.0011388159350161839
1003782,3.0768147619093265,0.0019228244845952828
1003784,1.3280710364082173,0.0008299646562092285
1003786,1.5843876588875812,0.0009901471552057706
1003788,2.640682768918736,0.0016502681757074359
1003790,1.7604309799873963,0.0011001636607006079
1003792,1.3534267503526733,0.0008458104549880082
1003794,2.9924732851654787,0.0018701161257568856
1003796,1.3203238032220197,0.0008251231006360079
1003798,1.3397058379566353,0.0008372357085870527
1003800,4.243003185113909,0.002651622227491519
1003802,1.33691177006046,0.0008354895839165335
1003804,1.3203238032220197,0.0008251231006360079
1003806,2.742679966647052,0.001714010300056322
1003808,1.537214716399356,0.0009606668985618909
1003810,1.8114457210504664,0.0011320448107801427
1003812,2.7671933875303023,0.0017293297162457623
1003814,1.5845829523140955,0.0009902692018713129
1003816,1.5913987734373864,0.0009945286808301153
1003818,2.654421227169773,0.0016588538872142576
1003820,1.796823460035415,0.0011229067756120988
1003822,1.3203238032220197,0.0008251231006360079
1003824,2.6410056337174534,0.0016504699468208202
1003826,1.3811355753075494,0.000863126806860143
1003828,1.5843876588875812,0.0009901471552057706
1003830,3.5208641398706253,0.0022003286837052236
1003832,1.3296601249846427,0.0008309577411556376
1003834,1.4403526771351203,0.0009001339399220523
1003836,2.6406469021995114,0.0016502457611614707
1003838,1.4848755475867617,0.000927958060661695
1003840,1.7609803331124685,0.0011005069734188952
1003842,3.2909464800942785,0.0020566439513216377
1003844,1.354463710892131,0.0008464584930628096
1003846,1.3980276489372039,0.000873683338625653
1003848,2.6679986287341766,0.0016673389479622816
1003850,1.8794152265611364,0.0011745216706222504
1003852,1.3203238032220197,0.0008251231006360079
1003854,2.6406469021995114,0.0016502457611614707
1003856,1.5845829495893122,0.0009902692001684868
1003858,1.402313023467258,0.0008763614403996239
1003860,4.267946308784741,0.002667210182122496
1003862,1.3203238032220197,0.0008251231006360079
1003864,1.369556157860849,0.0008558903662204574
1003866,2.6406469021995114,0.0016502457611614707
1003868,1.3203238032220197,0.0008251231006360079
1003870,2.1126520509517053,0.0013202806815966824
1003872,2.640838198228369,0.0016503653096934937
1003874,1.3332015750929744,0.0008331709348335849
1003876,1.3203238032220197,0.0008251231006360079
1003878,2.707167809740464,0.0016918173342508657
1003880,1.7604708285627464,0.0011001885636675683
1003882,1.4670261257348909,0.0009168032437394864
1003884,3.6814244390789708,0.002300669230167035
1003886,1.4403526771351203,0.0009001339399220523
1003888,1.3203238032220197,0.0008251231006360079
1003890,3.5655416399049873,0.0022282494386496217
1003892,1.3328156179629107,0.0008329297348013705
1003894,1.3203238032220197,0.0008251231006360079
1003896,2.6919711349064976,0.0016823203249356053
1003898,1.5843876588875812,0.0009901471552057706
1003900,1.7606302427133256,0.0011002881879399553
1003902,2.6406469021995114,0.0016502457611614707
1003904,1.5899359935867148,0.0009936145312533307
1003906,1.3203238032220197,0.0008251231006360079
1003908,2.6591294145806783,0.0016617962216517504
1003910,1.7604309799873963,0.0011001636607006079
1003912,1.7372568298022935,0.001085681208283501
1003914,2.641050453440009,0.0016504979564563008
1003916,1.3203238032220197,0.0008251231006360079
1003918,1.408379105294653,0.0008801523773151876
1003920,3.640537592492897,0.0022751174060251077
1003922,1.4513058078922023,0.0009069789889849415
1003924,1.3256838486812215,0.0008284728072140864
1003926,3.6821517146642146,0.0023011237337399078
1003928,1.3413417434054815,0.000838258051267693
1003930,1.7604309799873963,0.0011001636607006079
1003932,2.682527952201718,0.001676418902743393
1003934,1.3203238032220197,0.0008251231006360079
1003936,1.3359088372375632,0.0008348628111214518
1003938,2.9436340547994475,0.001839594539238522
1003940,2.164758286484356,0.0013528439501829578
1003942,1.3203238032220197,0.0008251231006360079
1003944,2.69074798168459,0.0016815559276138646
1003946,1.3268836052891673,0.0008292225830569069
1003948,1.4670699565478684,0.000916830635365858
1003950,3.7274528996478242,0.002329434254329588
1003952,1.4087273777687475,0.0008803700267001262
1003954,1.5843876588875812,0.0009901471552057706
1003956,2.6406469021995114,0.0016502457611614707
1003958,1.3581939178376459,0.0008487896484304446
1003960,1.8654295777454455,0.001165781479854616
1003962,2.661052164504394,0.0016629978249061432
1003964,1.47881485251383,0.0009241704901442332
1003966,1.3659122966043336,0.0008536131717239813
1003968,3.207967750457112,0.0020047872276013107
1003970,1.9562223489471577,0.001222521510373247
1003972,1.3203238032220197,0.0008251231006360079
1003974,2.6406469021995114,0.0016502457611614707
1003976,1.3203238032220197,0.0008251231006360079
1003978,1.3240863156153024,0.0008274744449687773
1003980,3.6576274966037463,0.0022857975699630026
1003982,1.5843876588875812,0.0009901471552057706
1003984,1.333305355495483,0.0008332357913538523
1003986,2.831536702796294,0.0017695404249127693
1003988,1.325591028913206,0.0008284148004322664
1003990,1.9206927169417949,0.001200317623680316
1003992,2.9348182994771577,0.0018340852214876603
1003994,1.3203238032220197,0.0008251231006360079
1003996,1.6609222527080174,0.0010379766809667454
1003998,2.796262648562937,0.001747496258981652
1004000,1.7675037258498527,0.0011045837021948224
1004002,1.3203238032220197,0.0008251231006360079
1004004,2.656657709089654,0.0016602515541288018
1004006,1.3264672331976275,0.0008289623754999795
1004008,1.354638560546347,0.0008465677635981735
1004010,4.2312822798874885,0.0026442973654848775
1004012,1.3203238032220197,0.0008251231006360079
1004014,1.5012022652069898,0.0009381612788670596
1004016,2.882483817019399,0.0018013793122778532
1004018,1.3240755508578357,0.0008274677176417104
1004020,1.878455652867487,0.0011739219946795304
1004022,2.640700691667378,0.0016502793763491991
1004024,1.5844434406690777,0.000990182015469893
1004026,1.3203238032220197,0.0008251231006360079
1004028,2.732757009894052,0.0017078090478911093
1004030,1.7604309799873963,0.0011001636607006079
1004032,1.3846709451059802,0.0008653362007094832
1004034,2.6406469021995114,0.0016502457611614707
1004036,1.5546393261718459,0.0009715562334415346
1004038,1.643685063161708,0.001027204472475167
1004040,3.522110003442752,0.0022011072736322504
1004042,1.530154535299937,0.000956254709290147
1004044,1.3339444496467057,0.0008336351868251514
1004046,2.6406469021995114,0.0016502457611614707
1004048,1.3203238032220197,0.0008251231006360079
1004050,1.8072213450895365,0.0011294048294493294
1004052,3.168944354442891,0.0019803999481793804
1004054,1.408379100706675,0.0008801523744479769
1004056,1.3203238032220197,0.0008251231006360079
1004058,2.9404317470368135,0.0018375932891634666
1004060,1.7924158462916966,0.0011201522816692133
1004062,1.3751996377139084,0.000859417202276408
1004064,2.6408381616411982,0.0016503652868287088
1004066,1.5843876588875812,0.0009901471552057706
1004068,1.4404044718208466,0.0009001663084907161
1004070,3.5208641398706253,0.0022003286837052236
1004072,1.3203238032220197,0.0008251231006360079
1004074,1.3980276403401155,0.000873683333252989
1004076,2.6432948942534478,0.0016519005972014417
1004078,1.3203238032220197,0.0008251231006360079
1004080,2.3619822711627316,0.0014760970986609943
1004082,2.680121754580884,0.0016749151737060158
1004084,1.3264982173909852,0.0008289817387604399
1004086,1.3203238032220197,0.0008251231006360079
1004088,2.9790460539522674,0.0018617249124616585
1004090,1.8921986781264546,0.0011825105602920915
1004092,1.3289440015400462,0.0008305102070010601
1004094,3.4625388062693,0.0021638788522401592
1004096,1.3717320315095292,0.0008572501566046115
1004098,1.3357978504852954,0.0008347934510652768
1004100,3.5218274349182828,0.0022009306852707566
1004102,1.4670261257348909,0.0009168032437394864
1004104,1.3278603261293043,0.0008298329749366132
1004106,2.716745132393407,0.0016978025858564968
1004108,1.6347369362013073,0.0010216124303984938
1004110,1.7604309799873963,0.0011001636607006079
1004112,2.803642726474056,0.0017521083645531015
1004114,1.3203238032220197,0.0008251231006360079
1004116,1.325839075392284,0.0008285698145882024
1004118,2.666308857304766,0.0016662829422780707
1004120,1.9214796845822364,0.0012008094312035893
1004122,1.6903898818608492,0.001056392179858488
1004124,2.934381515699421,0.0018338122578524414
1004126,1.3203238032220197,0.0008251231006360079
1004128,1.3203238032220197,0.0008251231006360079
1004130,3.5217310276804517,0.002200870436535705
1004132,1.3203238032220197,0.0008251231006360079
1004134,1.405685804464612,0.0008784692260106321
1004136,3.269764094321857,0.002043406232070681
1004138,1.3463954406156737,0.0008414163085842493
1004140,1.7604309799873963,0.0011001636607006079
1004142,2.6689950616898512,0.0016679616587306218
1004144,1.3362581925511423,0.0008350811372160512
1004146,1.6007883435585066,0.0010003965983766076
1004148,2.640682756059133,0.0016502681676709562
1004150,2.251902228606148,0.0014073036816137684
1004152,1.3661988714645208,0.000853792263804746
1004154,2.7523209632193804,0.0017200353440383874
1004156,1.4084806911610532,0.000880215862382154
1004158,1.3203238032220197,0.0008251231006360079
1004160,3.5277509757735452,0.002204632542637344
1004162,1.3203238032220197,0.0008251231006360079
1004164,1.5843876588875812,0.0009901471552057706
1004166,2.6406469021995114,0.0016502457611614707
1004168,1.4672014259351396,0.0009169127958390686
1004170,1.7604309799873963,0.0011001636607006079
1004172,2.9737117457755726,0.0018583912901397998
1004174,1.3203238032220197,0.0008251231006360079
1004176,1.3203238032220197,0.0008251231006360079
1004178,3.1688188331845235,0.0019803215049295905
1004180,1.9303524999786665,0.0012063544080747229
1004182,1.3429137731251912,0.000839240475452922
1004184,2.6412790304250393,0.0016506408033474666
1004186,1.3203238032220197,0.0008251231006360079
1004188,1.4256649333487406,0.000890954981953719
1004190,4.196535179473801,0.0026225825140510956
1004192,1.5847084578004225,0.0009903476352645245
1004194,1.3242940352530945,0.0008276042572702596
1004196,2.683468552149296,0.0016770067212340618
1004198,1.4408064400416516,0.0009004175144932879
1004200,1.760829465725718,0.0011004126903607267
1004202,2.7016399378519043,0.0016883627462312629
1004204,1.3203238032220197,0.0008251231006360079
1004206,1.5845828760648335,0.0009902691542201024
1004208,2.6406947056316885,0.0016502756354363135
1004210,1.775886683135615,0.0011098225471594045
1004212,1.5233128601233985,0.0009519790731004232
1004214,2.732156657897777,0.0017074338639404521
1004216,1.3203238032220197,0.0008251231006360079
1004218,1.3250494176846948,0.000828076325934482
1004220,4.230296744049559,0.002643681464760831
1004222,1.3526981720633486,0.0008453551373033034
1004224,1.5585872519078616,0.0009740234499807143
1004226,2.936809753467912,0.0018353297606587449
1004228,1.3203238032220197,0.0008251231006360079
1004230,1.772181661683847,0.0011075071312131454
1004232,2.6406469021995114,0.0016502457611614707
1004234,1.7606950768559677,0.0011003287053862616
1004236,1.3203238032220197,0.0008251231006360079
1004238,2.6410503231991758,0.0016504978750636003
1004240,1.7605903298389862,0.0011002632447899873
1004242,1.3203238032220197,0.0008251231006360079
1004244,2.6941806887766426,0.0016837011634359088
1004246,1.3309212108128399,0.0008317458440787167
1004248,1.6120582315207126,0.0010074396016736041
1004250,3.87908316378092,0.0024241940650566525
1004252,1.3203238032220197,0.0008251231006360079
1004254,1.3971934334149732,0.0008731620040131724
1004256,2.9434753871290407,0.0018394953814714217
1004258,1.408379093827038,0.0008801523701486168
1004260,1.7776532821189763,0.0011109265654518675
1004262,3.168818829685527,0.0019803215027429277
1004264,1.398254742447977,0.0008738252584344804
1004266,1.3203238032220197,0.0008251231006360079
1004268,2.6406469021995114,0.0016502457611614707
1004270,1.8261210278096902,0.0011412159963532617
1004272,1.3836890957191528,0.0008647226037960293
1004274,2.6406469021995114,0.0016502457611614707
1004276,1.808545325064525,0.0011302322374377913
1004278,1.4809607499081985,0.0009255115471693108
1004280,3.521162932743136,0.0022005154113100825
1004282,1.3203238032220197,0.0008251231006360079
1004284,1.3203238032220197,0.0008251231006360079
1004286,2.6406469021995114,0.0016502457611614707
1004288,1.3206833344973508,0.0008253477860957055
1004290,2.112651992612324,0.001320280645138072
1004292,2.821880040885053,0.0017635055910344792
1004294,1.3257846198622905,0.0008285357831516371
1004296,1.3501645148853278,0.0008437717536957554
1004298,2.6879776086456104,0.0016798246108063791
1004300,1.9802009822506828,0.001237506716435681
1004302,1.5395641065932077,0.0009621351263683003
1004304,3.222546515382536,0.002013898080324979
1004306,1.3276138368193904,0.0008296789339179075
1004308,1.3528159698380493,0.0008454287538395439
1004310,3.5210433995267993,0.002200440710227021
1004312,1.3203238032220197,0.0008251231006360079
1004314,1.3240543294570626,0.0008274544555404266
1004316,2.6658408177696598,0.0016659904456711894
1004318,1.660345047027781,0.001037615962073835
1004320,1.760709864442467,0.0011003379467399307
1004322,2.934118509220726,0.00183364789459499
1004324,1.3203238032220197,0.0008251231006360079
1004326,1.4267892333530683,0.0008916576019499292
1004328,3.0728616178610433,0.0019203540069242598
1004330,1.7887470160121945,0.0011178594830325889
1004332,1.5843876588875812,0.0009901471552057706
1004334,2.6790749288289457,0.0016742609704657524
1004336,1.3550352257892244,0.000846815655557948
1004338,1.3886718365311541,0.0008678365176241607
1004340,3.73220693434521,0.0023324052405683158
1004342,1.3203238032220197,0.0008251231006360079
1004344,1.4952155016423696,0.0009344199111032131
1004346,3.1699188749538876,0.0019810089649854885
1004348,1.3203238032220197,0.0008251231006360079
1004350,1.7996710770853295,0.0011246863652884462
1004352,2.6411130524980178,0.0016505370771089127
1004354,1.4403526771351203,0.0009001339399220523
1004356,1.3268434537050753,0.0008291974907276763
1004358,2.6406469021995114,0.0016502457611614707
1004360,2.26414888800993,0.0014149571084133325
1004362,1.3203238032220197,0.0008251231006360079
1004364,2.768693344099618,0.0017302670990394927
1004366,1.4906249915948717,0.0009315511179521323
1004368,1.3203238032220197,0.0008251231006360079
1004370,3.5208641398706253,0.0022003286837052236
1004372,1.3282377007395632,0.000830068811409271
1004374,1.5843876588875812,0.0009901471552057706
1004376,2.6406469021995114,0.0016502457611614707
1004378,1.3980276288834033,0.0008736833260932317
1004380,1.9209121183388784,0.001200454736379946
1004382,2.6406469021995114,0.0016502457611614707
1004384,1.3203238032220197,0.0008251231006360079
1004386,1.3692815413292323,0.0008557187473770338
1004388,3.524056273827654,0.002202323575762643
1004390,1.800447028511404,0.001125171288339188
1004392,1.3286349403299633,0.0008303170623017616
1004394,2.8982186410314417,0.0018112126325172486
1004396,1.3203238032220197,0.0008251231006360079
1004398,1.3247396495535293,0.0008278827394519526
1004400,3.6423237573975125,0.0022762336518435556
1004402,1.635621545434416,0.001022165258054477
1004404,1.326389777910904,0.0008289139705964353
1004406,2.936361735814208,0.0018350497765255635
1004408,1.3203238032220197,0.0008251231006360079
1004410,2.0543455925399057,0.0012838426459917463
1004412,2.6406469021995114,0.0016502457611614707
1004414,1.330345762201727,0.0008313862232485087
1004416,1.7070587194186417,0.0010668092024828774
1004418,2.7103738718809463,0.0016938209305866513
1004420,1.7604309799873963,0.0011001636607006079
1004422,1.325034095883321,0.0008280667507285924
1004424,2.6406469021995114,0.0016502457611614707
1004426,1.342913721451634,0.0008392404431600514
1004428,1.4084806544746242,0.0008802158394553387
1004430,4.225752222996375,0.0026408414119698733
1004432,1.6041072688964089,0.0010024707274341208
1004434,1.3203238032220197,0.0008251231006360079
1004436,2.640682745778088,0.0016502681612459204
1004438,1.3285035479345892,0.0008302349499438639
1004440,1.7604708063444163,0.0011001885497824461
1004442,2.6406469021995114,0.0016502457611614707
1004444,1.644398232456917,0.0010276501604637538
1004446,1.3259675884365727,0.000828650127524557
1004448,2.640838088508825,0.0016503652411253668
1004450,1.7604807634293,0.001100194772362644
1004452,1.3299743849297043,0.0008311541347521494
1004454,3.1424039550720013,0.0019638137921413044
1004456,1.4243283513504543,0.0008901196984573608
1004458,1.7287258422181146,0.0010803498532706115
1004460,3.520923880595664,0.0022003660180713526
1004462,1.458383848349745,0.0009114023392831809
1004464,1.3420407733891881,0.0008386949030355594
1004466,2.6746393513590947,0.0016714890008730635
1004468,1.3203238032220197,0.0008251231006360079
1004470,1.7604309799873963,0.0011001636607006079
1004472,3.1703642159295002,0.001981287276355579
1004474,1.3203238032220197,0.0008251231006360079
1004476,1.5114289124669595,0.0009445523193645989
1004478,2.6406469021995114,0.0016502457611614707
1004480,1.8287414912050945,0.001142853628634557
1004482,1.3249581261541716,0.0008280192742093344
1004484,2.966607635350297,0.0018539516476770497
1004486,1.598096849406187,0.0009987145761371492
1004488,1.3283764476804323,0.0008301555199165132
1004490,3.521043367398535,0.0022004406901487846
1004492,1.3981411348289692,0.0008737542604939578
1004494,1.3203238032220197,0.0008251231006360079
1004496,2.818970797781303,0.0017616874887747063
1004498,1.4670261257348909,0.0009168032437394864
1004500,2.1667056946910255,0.001354060963383636
1004502,2.880350174885225,0.0018000459140545529
1004504,1.3278803567410342,0.0008298454928662438
1004506,1.3245647928186595,0.0008277734644916052
1004508,2.699673216383934,0.0016871336634019002
1004510,1.920692599580207,0.0012003175503363704
1004512,1.3203238032220197,0.0008251231006360079
1004514,3.168818819192049,0.001980321496185134
1004516,1.3334652504565803,0.0008333357161039437
1004518,1.3203238032220197,0.0008251231006360079
1004520,3.91722445582868,0.0024480300824638304
1004522,1.3203238032220197,0.0008251231006360079
1004524,1.3660666099523715,0.0008537096083010482
1004526,2.6406469021995114,0.0016502457611614707
1004528,1.58458281891638,0.0009902691185057504
1004530,1.9947606376347653,0.0012466056268434075
1004532,2.671567967229489,0.0016695695702075857
1004534,1.3436933508336486,0.0008397276647124198
1004536,1.4423344530927573,0.000901372430903538
1004538,2.6406469021995114,0.0016502457611614707
1004540,1.7604309799873963,0.0011001636607006079
1004542,1.7634481793092003,0.0011020492291146352
1004544,2.6653296095623977,0.001665670971236193
1004546,1.3339486258504403,0.0008336377967017332
1004548,1.4146560727606021,0.0008840751050926132
1004550,3.6417045828959216,0.002275846704957238
1004552,1.3291089570539532,0.0008306132942928061
1004554,1.3203238032220197,0.0008251231006360079
1004556,3.168944270466973,0.001980399895699474
1004558,1.3297223529179545,0.0008309966298775974
1004560,1.8299035427085624,0.0011435798410510116
1004562,2.9372365446328588,0.001835596479510958
1004564,1.5851871856125752,0.0009906468114028023
1004566,1.3526981133918166,0.0008453551006371186
1004568,2.797264624112473,0.0017481224335383606
1004570,2.148630372354421,0.0013427649722222417
1004572,1.3203238032220197,0.0008251231006360079
1004574,2.6406469021995114,0.0016502457611614707
1004576,1.3203238032220197,0.0008251231006360079
1004578,1.3498506733004025,0.0008435756215492091
1004580,3.5213570597329085,0.0022006367290226974
1004582,1.3543409950901328,0.000846381803054802
1004584,1.5844434095703537,0.0009901819960350577
1004586,3.0413259427673927,0.0019006461034914628
1004588,1.4404044450078397,0.0009001662917341967
1004590,1.7604309799873963,0.0011001636607006079
1004592,2.6406946873573323,0.0016502756240159382
1004594,1.3832408587370206,0.0008644424825957495
1004596,1.3203238032220197,0.0008251231006360079
1004598,3.4321715487816817,0.002144901139655679
1004600,1.7608293069980914,0.0011004125911654905
1004602,1.3203238032220197,0.0008251231006360079
1004604,2.6406469021995114,0.0016502457611614707
1004606,1.3980276202954198,0.0008736833207262577
1004608,1.4680282843821937,0.0009174295327213056
1004610,3.5208641398706253,0.0022003286837052236
1004612,1.5843876588875812,0.0009901471552057706
1004614,1.4403526771351203,0.0009001339399220523
1004616,2.6412787584834745,0.0016506406334003167
1004618,1.3692815279904964,0.0008557187390411248
1004620,1.7604309799873963,0.0011001636607006079
1004622,2.6406469021995114,0.0016502457611614707
1004624,1.3588218296036494,0.0008491820555824071
1004626,1.6083766279280787,0.0010051388204832222
1004628,2.6406469021995114,0.0016502457611614707
1004630,1.956222222927566,0.0012225214316185689
1004632,1.4421540297708249,0.0009012596771605118
1004634,2.6406469021995114,0.0016502457611614707
1004636,1.3203238032220197,0.0008251231006360079
1004638,1.3250052807358923,0.000828048742991601
1004640,4.829076673938462,0.003017882968318412
1004642,1.3203238032220197,0.0008251231006360079
1004644,1.3981411119276803,0.0008737542461820274
1004646,2.6406469021995114,0.0016502457611614707
1004648,1.3661986994035054,0.0008537921562769424
1004650,1.7922643913109226,0.001120057631400061
1004652,3.058435156715525,0.0019113383349182364
1004654,1.5843876588875812,0.0009901471552057706
1004656,1.3203238032220197,0.0008251231006360079
1004658,2.6406469021995114,0.0016502457611614707
1004660,1.7764874008838354,0.0011101979596830666
1004662,1.3336901542846666,0.0008334762674925673
1004664,2.711036588899314,0.0016942350889315252
1004666,1.5369962787560303,0.0009605303881504928
1004668,1.6178092958469548,0.0010110336715655852
1004670,3.5806114353562775,0.0022376671559689453
1004672,1.3578963730775564,0.0008486037008209083
1004674,1.4670261257348909,0.0009168032437394864
1004676,2.7394367355576725,0.0017119834753592154
1004678,1.3203238032220197,0.0008251231006360079
1004680,1.7604707968298576,0.0011001885438364182
1004682,3.357818451522581,0.0020984349182616505
1004684,1.3203238032220197,0.0008251231006360079
1004686,1.383240854543254,0.0008644424799748972
1004688,2.641005325131214,0.001650469753972949
1004690,1.7604309799873963,0.0011001636607006079
1004692,1.4508573639213598,0.0009066987384291459
1004694,2.6406469021995114,0.0016502457611614707
1004696,1.7680220641253914,0.00110490763249438
1004698,1.3581938092275108,0.0008487895805556314
1004700,3.7749011870400087,0.0023590865850058713
1004702,1.326788311457791,0.0008291630301340369
1004704,1.3203238032220197,0.0008251231006360079
1004706,2.6406469021995114,0.0016502457611614707
1004708,1.3203238032220197,0.0008251231006360079
1004710,2.190091747305592,0.001368675842095872
1004712,2.6406469021995114,0.0016502457611614707
1004714,1.3240409364794739,0.00082744608573359
1004716,1.3203238032220197,0.0008251231006360079
1004718,3.2034175379787,0.0020019436180113166
1004720,1.866852253328241,0.0011666705666719638
1004722,1.3377460804622345,0.0008360109778230322
1004724,3.1760916689846503,0.0019848665906208223
1004726,1.334546640610312,0.0008340115200199731
1004728,1.3203238032220197,0.0008251231006360079
1004730,3.56594470995741,0.0022285013332307975
1004732,1.4132714059437617,0.0008832097714718219
1004734,1.4618740757310678,0.0009135835218323207
1004736,2.6411128742719554,0.001650536965728325
1004738,1.6240417128194133,0.0010149285579595304
1004740,1.9564139196973256,0.0012226412305895939
1004742,2.6406469021995114,0.0016502457611614707
1004744,1.4405338553089735,0.0009002471654022053
1004746,1.3543409684345724,0.0008463817863966773
1004748,2.6705763336140467,0.0016689498587387234
1004750,1.7608597133992825,0.0011004315933405395
1004752,1.5845827753975883,0.0009902690913091185
1004754,2.6608427426748205,0.0016628669488370025
1004756,1.3271262763395932,0.000829374237892693
1004758,1.4157245615613914,0.0008847428464376913
1004760,3.5221091100305952,0.0022011067153032957
1004762,1.4842647169585064,0.0009275763281952201
1004764,1.3203238032220197,0.0008251231006360079
1004766,3.245664578311603,0.002028345481574718
1004768,1.4090596663773174,0.0008805776871288332
1004770,1.9693476997948447,0.0012307240665658642
1004772,2.849545503422561,0.0017807948439993743
1004774,1.3463953236327242,0.0008414162354769299
1004776,1.3203238032220197,0.0008251231006360079
1004778,2.7697848543032717,0.001730949227379084
1004780,2.112756473646103,0.0013203459395108152
1004782,1.3271984151271545,0.00082941932030348
1004784,2.951296418698871,0.0018443830566033266
1004786,1.3203238032220197,0.0008251231006360079
1004788,1.3203238032220197,0.0008251231006360079
1004790,3.5208641398706253,0.0022003286837052236
1004792,1.4126127075824446,0.000882798124546312
1004794,1.5845827618025135,0.000990269082813013
1004796,3.0777840782012422,0.0019234302490769432
1004798,1.3369114830050044,0.0008354894045241094
1004800,1.7717732054637274,0.0011072518706005618
1004802,2.8169425259181042,0.0017604199406440044
1004804,1.3203238032220197,0.0008251231006360079
1004806,1.4670261257348909,0.0009168032437394864
1004808,3.169184681289153,0.0019805501380283177
1004810,1.7822948657139202,0.001113827276503486
1004812,1.3203238032220197,0.0008251231006360079
1004814,2.6406469021995114,0.0016502457611614707
1004816,1.3203238032220197,0.0008251231006360079
1004818,1.3203238032220197,0.0008251231006360079
1004820,3.520923859189612,0.002200366004693855
1004822,1.728725731374582,0.001080349784000059
1004824,1.428320482823577,0.0008926145409279814
1004826,2.6406469021995114,0.0016502457611614707
1004828,1.5073921323799255,0.0009420295741911263
1004830,1.7604309799873963,0.0011001636607006079
1004832,2.6430054726539898,0.00165171972607956
1004834,1.4478366618877043,0.0009048109810305253
1004836,1.6908114631877271,0.0010566556428747232
1004838,2.656193716606614,0.0016599615866864643
1004840,1.7604707904893435,0.0011001885398739775
1004842,1.3203238032220197,0.0008251231006360079
1004844,2.6406469021995114,0.0016502457611614707
1004846,1.3618149579317023,0.0008510525810706378
1004848,1.4406503578015895,0.0009003199724649157
1004850,4.868827324506479,0.0030427247381698227
1004852,1.3273213559984005,0.0008294961509662536
1004854,1.3241348944219473,0.0008275048038061067
1004856,2.668101219859317,0.0016674030612556017
1004858,1.3203238032220197,0.0008251231006360079
1004860,1.8012742461425846,0.0011256882496899377
1004862,2.6537309997875185,0.001658422536543763
1004864,1.5850680345765096,0.000990572349159463
1004866,1.340870667366774,0.0008379636570283822
1004868,2.67667135099748,0.0016727588786394298
1004870,1.9749428331036758,0.0012342206889345503
1004872,1.5560280421691541,0.0009724240975569929
1004874,2.8836169945288854,0.0018020874801817543
1004876,1.3203238032220197,0.0008251231006360079
1004878,1.5843876588875812,0.0009901471552057706
1004880,3.636593503284901,0.0022726525870855833
1004882,1.3203238032220197,0.0008251231006360079
1004884,1.3203238032220197,0.0008251231006360079
1004886,2.6410500629695495,0.0016504977124357086
1004888,1.3441000992730476,0.0008399818580645936
1004890,1.7660257509728554,0.0011036600566389414
1004892,3.1706259977279228,0.001981450874261394
1004894,1.4670261257348909,0.0009168032437394864
1004896,1.367134202974187,0.0008543767898380531
1004898,2.6406469021995114,0.0016502457611614707
1004900,1.922994464648306,0.0012017560777927417
1004902,1.3203238032220197,0.0008251231006360079
1004904,2.820136018345961,0.001762415681664124
1004906,1.5972978795512613,0.000998215267950474
1004908,1.369425843123652,0.0008558089273342143
1004910,3.91710641279721,0.002447956312656835
1004912,1.3315122770415186,0.0008321152249821728
1004914,1.3429136181798176,0.0008392403786213669
1004916,3.0831842587388043,0.001926805037669161
1004918,1.3391728993231633,0.000836902653940438
1004920,2.1957145460568945,0.0013721897537049828
1004922,2.6406469021995114,0.0016502457611614707
1004924,1.3203238032220197,0.0008251231006360079
1004926,1.4403526771351203,0.0009001339399220523
1004928,2.641731881858263,0.0016509238083026124
1004930,1.7604309799873963,0.0011001636607006079
1004932,1.3203238032220197,0.0008251231006360079
1004934,3.224386964952738,0.002015048250799997
1004936,1.3203238032220197,0.0008251231006360079
1004938,1.5653608042173943,0.00097825651346887
1004940,3.5227751129599993,0.0022015229271452707
1004942,1.3243166752807112,0.0008276184059281418
1004944,1.3351423554656943,0.0008343838060360008
1004946,2.6406469021995114,0.0016502457611614707
1004948,1.6784857651863474,0.0010489528216973854
1004950,1.7871828332473814,0.0011168819627230145
1004952,2.881609505099989,0.001800832919824649
1004954,1.3498506032552036,0.0008435755777751655
1004956,1.3265673593255727,0.0008290249483180588
1004958,2.7332454567707956,0.0017081142978611931
1004960,1.9594879782122898,0.001224562332585342
1004962,1.6603447170177263,0.0010376157558373658
1004964,2.6759596348130357,0.0016723140987578214
1004966,1.3692815079939409,0.0008557187265444782
1004968,1.3203238032220197,0.0008251231006360079
1004970,3.5615067169801438,0.0022257278540910087
1004972,1.4084805811613506,0.0008802157936389447
1004974,1.3203238032220197,0.0008251231006360079
1004976,3.1719779494280353,0.0019822957628985484
1004978,1.4403526771351203,0.0009001339399220523
1004980,1.780726552166724,0.0011128471747029473
1004982,2.9341184660518502,0.0018336478676170347
1004984,1.3280839633352637,0.0008299727347624593
1004986,1.4282619962727336,0.0008925779903454201
1004988,2.6738747966883767,0.0016710112001101225
1004990,2.1198937942498652,0.0013248063363410763
1004992,1.3577057643718708,0.0008484845818245986
1004994,2.72146330328964,0.0017007511593728798
1004996,1.352815771855535,0.0008454286301123599
1004998,1.3203238032220197,0.0008251231006360079
1005000,3.5751015108557227,0.002234223783989228
1005002,1.3203238032220197,0.0008251231006360079
1005004,1.9280845255951677,0.0012049370602613238
1005006,2.8836216900837988,0.0018020904146216392
1005008,1.3836887336592874,0.0008647223775303526
1005010,1.7604309799873963,0.0011001636607006079
1005012,2.6406827252336766,0.0016502681484068967
1005014,1.3203238032220197,0.0008251231006360079
1005016,1.3203238032220197,0.0008251231006360079
1005018,3.1688187982208813,0.0019803214830794134
1005020,1.8222791389127224,0.0011388150464717028
1005022,1.3325395208768689,0.0008327571907003284
1005024,2.899574866570963,0.0018120601920474189
1005026,1.4673657359831318,0.0009170154797533737
1005028,1.3203238032220197,0.0008251231006360079
1005030,3.845418275965884,0.0024031555315175922
1005032,1.6084596227338273,0.001005190687253547
1005034,1.3203238032220197,0.0008251231006360079
1005036,2.687409900235696,0.0016794698271371741
1005038,1.3377459938803618,0.0008360109237145603
1005040,1.8803699496570916,0.0011751183152326566
1005042,2.6577024156421376,0.0016609044329966495
1005044,1.3203238032220197,0.0008251231006360079
1005046,1.5843876588875812,0.0009901471552057706
1005048,2.9992975277203695,0.001874380867604789
1005050,1.7604807337063637,0.0011001947537875934
1005052,1.3203238032220197,0.0008251231006360079
1005054,2.7667362732242444,0.0017290440472510513
1005056,1.4500148498621082,0.0009061722177292974
1005058,1.328978789391366,0.0008305319473193634
1005060,4.2266017948121855,0.002641372343343801
1005062,1.398027603131143,0.0008736833099996153
1005064,1.339683100730592,0.0008372214991859899
1005066,2.6406469021995114,0.0016502457611614707
1005068,1.3583042494945596,0.0008488585990913573
1005070,1.956222139006473,0.0012225213791729245
1005072,2.6406946645340255,0.0016502756097527417
1005074,1.7505687857055658,0.001094000381431507
1005076,1.3398567724838435,0.0008373300336039759
1005078,2.6638604956324614,0.001664752863240186
1005080,1.760470780982358,0.0011001885339326826
1005082,1.5828259628050614,0.0009891711889233213
1005084,2.6406827226672807,0.0016502681468030533
1005086,1.3203238032220197,0.0008251231006360079
1005088,1.586881726139642,0.0009917057974866967
1005090,3.5208641398706253,0.0022003286837052236
1005092,1.499267138317596,0.0009369519407522697
1005094,1.3276134248787874,0.0008296786764797648
1005096,2.6406469021995114,0.0016502457611614707
1005098,1.3203238032220197,0.0008251231006360079
1005100,1.9527631902189215,0.001220359743866827
1005102,3.169918015435483,0.001981008427838094
1005104,1.3203238032220197,0.0008251231006360079
1005106,1.3203238032220197,0.0008251231006360079
1005108,3.080960960435533,0.0019254156097234121
1005110,1.7604309799873963,0.0011001636607006079
1005112,1.3203238032220197,0.0008251231006360079
1005114,2.9841171373276123,0.0018648940350875153
1005116,1.5843876588875812,0.0009901471552057706
1005118,1.32544750081766,0.0008283251039904267
1005120,3.5311345799795673,0.0022067470921039107
1005122,1.3240926025427386,0.0008274783739209381
1005124,1.343818888473338,0.0008398061181995525
1005126,2.6406469021995114,0.0016502457611614707
1005128,1.3203238032220197,0.0008251231006360079
1005130,2.151202665739216,0.0013443725011391845
1005132,2.6406469021995114,0.0016502457611614707
1005134,1.4650668650904137,0.0009155788234768357
1005136,1.4673217116427983,0.0009169879671840246
1005138,2.796948151018035,0.001747924656856373
1005140,1.82669857447995,0.0011415769283444625
1005142,1.4807365302506537,0.000925371423346196
1005144,3.2952169524345556,0.0020593127401217722
1005146,1.3832408335859367,0.0008644424668778322
1005148,1.3203238032220197,0.0008251231006360079
1005150,3.521237329890675,0.0022005619050602565
1005152,1.337923774369623,0.0008361220258458511
1005154,1.3297221046597196,0.0008309964747311068
1005156,2.720394493419644,0.0017000832173788255
1005158,1.8073917691036536,0.0011295113342253609
1005160,1.9214786347410435,0.0012008087751158795
1005162,2.6558350346172044,0.0016597374319794736
1005164,1.3203238032220197,0.0008251231006360079
1005166,1.3357975324107243,0.0008347932522877681
1005168,2.710589116005951,0.001693955445240848
1005170,1.7604309799873963,0.0011001636607006079
1005172,1.5843876588875812,0.0009901471552057706
1005174,2.6406469021995114,0.0016502457611614707
1005176,1.4951573861837455,0.0009343835924310072
1005178,1.324179065488462,0.0008275324080705091
1005180,3.9145065562923773,0.0024463315584448446
1005182,1.3203238032220197,0.0008251231006360079
1005184,1.3205467047596091,0.0008252624007132945
1005186,3.470185323965582,0.0021686574666794564
1005188,1.3203238032220197,0.0008251231006360079
1005190,1.7604309799873963,0.0011001636607006079
1005192,2.770955947176033,0.0017316810901084746
1005194,1.3203238032220197,0.0008251231006360079
1005196,1.3379142416641607,0.0008361160684773105
1005198,2.8183679290531995,0.0017613107320177688
1005200,2.1185368115332572,0.00132395830362069
1005202,1.4670261257348909,0.0009168032437394864
1005204,2.660009973448142,0.0016623465180724021
1005206,1.368442029521893,0.000855194102904366
1005208,1.3203238032220197,0.0008251231006360079
1005210,3.808583348993485,0.002380135913844263
1005212,1.4412963872182072,0.0009007237020606716
1005214,1.6780058673524783,0.0010486529143657868
1005216,2.725716661625465,0.00170340925294781
1005218,1.3397054880487451,0.0008372354899156308
1005220,1.7604309799873963,0.0011001636607006079
1005222,2.6406469021995114,0.0016502457611614707
1005224,1.4672012417479083,0.0009169126807331082
1005226,1.3203238032220197,0.0008251231006360079
1005228,3.169555576408307,0.001980781925208084
1005230,1.7604309799873963,0.0011001636607006079
1005232,1.3203238032220197,0.0008251231006360079
1005234,2.655621995562459,0.0016596042953617902
1005236,1.349979210625753,0.0008436559496597695
1005238,1.5476798058627126,0.00096720695111973
1005240,3.521162647329057,0.0022005152329434203
1005242,1.6135309587891837,0.0010083599677892393
1005244,1.4084805445344735,0.0008802157707493456
1005246,2.934533080155004,0.001833906976536776
1005248,1.3419134366947318,0.0008386153252472183
1005250,1.7608595000460312,0.0011004314600075679
1005252,2.7966452721576327,0.0017477353757544172
1005254,1.3526979961692378,0.0008453550273800454
1005256,1.6457073874587946,0.0010284683037341592
1005258,2.6406469021995114,0.0016502457611614707
1005260,1.7604309799873963,0.0011001636607006079
1005262,1.3203238032220197,0.0008251231006360079
1005264,2.8970820026243933,0.0018105023017601744
1005266,1.3203238032220197,0.0008251231006360079
1005268,1.5409156967666113,0.000962979789072969
1005270,4.225751654742235,0.002640841056845156
1005272,1.3203238032220197,0.0008251231006360079
1005274,1.3281795055813894,0.0008300324429296321
1005276,2.6406469021995114,0.0016502457611614707
1005278,1.408379059470737,0.0008801523486779916
1005280,1.8079710355683498,0.0011298733409848226
1005282,2.6406469021995114,0.0016502457611614707
1005284,1.6673639903955866,0.0010420023802393632
1005286,1.3203238032220197,0.0008251231006360079
1005288,2.6406469021995114,0.0016502457611614707
1005290,2.32408395330529,0.001452412925533834
1005292,1.3203238032220197,0.0008251231006360079
1005294,2.6632666588173635,0.0016643817508865727
1005296,1.3383580497802352,0.0008363934219022274
1005298,1.5843876588875812,0.0009901471552057706
1005300,3.5240144583108703,0.0022022974435753876
1005302,1.3203238032220197,0.0008251231006360079
1005304,1.3467751328996809,0.0008416535934638395
1005306,2.6624594482467168,0.00166387729274737
1005308,1.334737181001916,0.0008341305963240836
1005310,1.7722319549695846,0.001107538561496965
1005312,3.755784421623154,0.002347139754450826
1005314,1.3692814880112312,0.0008557187140564845
1005316,1.4404044075162346,0.0009001662683041946
1005318,2.640700622317541,0.001650279333009715
1005320,1.8085076822966106,0.0011302087129680346
1005322,1.3246248550211646,0.0008278109997618481
1005324,2.6406469021995114,0.0016502457611614707
1005326,1.5843876588875812,0.0009901471552057706
1005328,1.3984163338961828,0.0008739262433871521
1005330,3.9006411732156785,0.0024376665265429484
1005332,1.3315478600785386,0.0008321374622437932
1005334,1.4670261257348909,0.0009168032437394864
1005336,2.6407901584125146,0.0016503352876930458
1005338,1.3203238032220197,0.0008251231006360079
1005340,2.177217181020719,0.0013606300111971225
1005342,2.8808607791816043,0.0018003650110815083
1005344,1.3392525034176497,0.0008369524017198127
1005346,1.408379057182796,0.0008801523472481658
1005348,2.660397091571073,0.001662588443655449
1005350,1.760480718858201,0.0011001947445083832
1005352,1.3203238032220197,0.0008251231006360079
1005354,3.242406824053177,0.002026309580768974
1005356,1.4924608693324413,0.0009326984313062621
1005358,1.3296068855130878,0.0008309244696825805
1005360,3.6346239283498347,0.0022714217210106167
1005362,1.322186362427369,0.000826287088305461
1005364,1.3583041735794057,0.0008488585516489443
1005366,2.7962622621327573,0.001747496017485992
1005368,1.72968801255465,0.0010809511519592246
1005370,1.7604309799873963,0.0011001636607006079
1005372,2.764626996069445,0.0017277258756769104
1005374,1.3203238032220197,0.0008251231006360079
1005376,1.3851976828464103,0.0008656653801702677
1005378,2.934118440177734,0.0018336478514472657
1005380,1.878454748199973,0.0011739214293166533
1005382,1.5845826476738727,0.0009902690114894652
1005384,2.6674283390325413,0.00166698255114074
1005386,1.3241664984659374,0.0008275245544359947
1005388,1.3203238032220197,0.0008251231006360079
1005390,3.521043206929804,0.002200440589865463
1005392,1.3664937436167337,0.0008539765411948311
1005394,1.4403526771351203,0.0009001339399220523
1005396,3.1689441306942365,0.001980399808349906
1005398,1.3203238032220197,0.0008251231006360079
1005400,1.960399726017208,0.0012251321202192212
1005402,2.796852521955601,0.00174786489443422
1005404,1.39814099752512,0.0008737541746872962
1005406,1.3203238032220197,0.0008251231006360079
1005408,2.6414808723867655,0.0016507669424543215
1005410,2.162037538028527,0.0013511436457603258
1005412,1.3203238032220197,0.0008251231006360079
1005414,2.816942371377544,0.0017604198440654333
1005416,1.3337892639321562,0.0008335382050713944
1005418,1.3257837933992977,0.0008285352666618901
1005420,3.8437810317632075,0.002402132352196191
1005422,1.537598831078268,0.0009609069471727622
1005424,1.628166134618643,0.0010175060739408422
1005426,2.711266591211831,0.0016943788265667886
1005428,1.3296638708037192,0.0008309600820676497
1005430,1.826120453370273,0.001141215637363117
1005432,2.6406469021995114,0.0016502457611614707
1005434,1.3203238032220197,0.0008251231006360079
1005436,1.3203238032220197,0.0008251231006360079
1005438,3.264418919213995,0.0020400658185693275
1005440,1.7616151779328784,0.0011009037133135795
1005442,1.3980275888394726,0.0008736833010681794
1005444,2.9352144802179745,0.001834332810662738
1005446,1.4403526771351203,0.0009001339399220523
1005448,1.408582010143745,0.0008802791806628272
1005450,3.5212372185072973,0.0022005618354523334
1005452,1.6017822538412314,0.0010010177326258232
1005454,1.365912205188671,0.0008536131145946811
1005456,2.640694646291071,0.0016502755983519907
1005458,1.3203238032220197,0.0008251231006360079
1005460,1.7604309799873963,0.0011001636607006079
1005462,2.6772248878105187,0.0016731048059114944
1005464,1.3203238032220197,0.0008251231006360079
1005466,1.7606947478275483,0.0011003284997632553
1005468,2.7671920684307025,0.0017293288918877152
1005470,1.7604309799873963,0.0011001636607006079
1005472,1.4409063922461471,0.000900479978619654
1005474,2.666306333332147,0.001666281364946731
1005476,1.3289427543285486,0.0008305094275687606
1005478,1.3436931577440818,0.0008397275440430343
1005480,4.473809143616555,0.002795862093242803
1005482,1.4083790526078421,0.0008801523443890943
1005484,1.354463244267199,0.0008464582014502449
1005486,2.6684976496380646,0.001667650806064433
1005488,1.5291944337444603,0.0009556547034654795
1005490,1.7604309799873963,0.0011001636607006079
1005492,2.6406469021995114,0.0016502457611614707
1005494,1.5843876588875812,0.0009901471552057706
1005496,1.3203238032220197,0.0008251231006360079
1005498,2.881389518795485,0.001800695441593001
1005500,1.7613904123034285,0.001100763248290806
1005502,1.3728204400623092,0.0008579303465986396
1005504,2.6411125182283732,0.0016505367432224642
1005506,1.3262711644577707,0.0008288398443101504
1005508,1.5843876588875812,0.0009901471552057706
1005510,3.926318238906513,0.0024537131508682486
1005512,1.4092567799812075,0.0008807008712959462
1005514,1.3832408168338906,0.0008644424564088092
1005516,2.9710669652750377,0.0018567384611278728
1005518,1.4316375750676542,0.0008946875244119189
1005520,1.7605901269586173,0.0011002631180019383
1005522,3.217284900824151,0.002010609887149811
1005524,1.4693982939059111,0.000918285706413965
1005526,1.3303453302276878,0.0008313859532906713
1005528,2.6406469021995114,0.0016502457611614707
1005530,1.7730554452677838,0.0011080531934884019
1005532,1.4670698874957804,0.0009168305922124491
1005534,2.6420027315873647,0.0016510930731206347
1005536,1.6087467017169468,0.001005370094380875
1005538,1.3203238032220197,0.0008251231006360079
1005540,3.520923816423495,0.0022003659779676
1005542,1.3203238032220197,0.0008251231006360079
1005544,1.3203238032220197,0.0008251231006360079
1005546,2.7388717620123924,0.001711630400816197
1005548,1.3203238032220197,0.0008251231006360079
1005550,2.4582896014040894,0.001536283397468002
1005552,2.6410050170754196,0.001650469561456574
1005554,1.4670261257348909,0.0009168032437394864
1005556,1.4231000017259454,0.0008893520536960027
1005558,2.6406469021995114,0.0016502457611614707
1005560,1.8459911868157224,0.0011536336526654313
1005562,1.3203238032220197,0.0008251231006360079
1005564,3.1689441027677168,0.001980399790897508
1005566,1.3543408352872144,0.0008463817031875731
1005568,1.323010661516252,0.0008268022257425131
1005570,3.5210431748705333,0.0022004405698303436
1005572,1.3203238032220197,0.0008251231006360079
1005574,1.3203238032220197,0.0008251231006360079
1005576,3.2119053095245844,0.002007247965595098
1005578,1.6440396008188276,0.001027426037223315
1005580,1.7782987609586838,0.0011113299509701129
1005582,2.6406469021995114,0.0016502457611614707
1005584,1.408726757240434,0.0008803696389071888
1005586,1.382038932829663,0.0008636913510710481
1005588,2.640915459506543,0.0016504135933533433
1005590,1.7604309799873963,0.0011001636607006079
1005592,1.5844433536799452,0.0009901819611069082
1005594,2.7962621978299693,0.0017474959773006104
1005596,1.343818732965537,0.0008398060210165142
1005598,1.5042277505737225,0.0009400520255616471
1005600,3.5294251118460456,0.002205678777162282
1005602,1.4403526771351203,0.0009001339399220523
1005604,1.3694257032446753,0.0008558088399182527
1005606,3.32934371609519,0.0020806399183318585
1005608,1.327810231918277,0.0008298016690625345
1005610,1.7722640996049361,0.001107558649963995
1005612,2.7008851432151486,0.0016878910449035253
1005614,1.3203238032220197,0.0008251231006360079
1005616,1.3203238032220197,0.0008251231006360079
1005618,2.816942319905833,0.0017604198118987043
1005620,2.3507708268326706,0.0014690906191249496
1005622,1.3538568968874911,0.0008460792707449237
1005624,2.6407901173795865,0.0016503352620499295
1005626,1.3271979429776768,0.0008294190252384057
1005628,1.464426968178359,0.0009151789263282169
1005630,3.5208641398706253,0.0022003286837052236
1005632,1.3996519424710672,0.0008746984245566449
1005634,1.6016198452746067,0.001000916237023202
1005636,2.661179227276653,0.001663077231509558
1005638,1.3203238032220197,0.0008251231006360079
1005640,1.8233634081768153,0.0011394926496588373
1005642,2.9357543474367938,0.0018346701952591808
1005644,1.339856547242652,0.0008373298928417554
1005646,1.3429134634600646,0.0008392402819308112
1005648,3.295873474616047,0.002059723027065556
1005650,1.760480704018898,0.0011001947352347098
1005652,1.4778097887002348,0.0009235423856079164
1005654,2.880860731025478,0.001800364980986821
1005656,1.3203238032220197,0.0008251231006360079
1005658,1.3203238032220197,0.0008251231006360079
1005660,3.645786389614404,0.0022783975890718258
1005662,1.6436840613730956,0.0010272038464174348
1005664,1.4674980073660835,0.0009170981414257303
1005666,2.6406469021995114,0.0016502457611614707
1005668,1.3203238032220197,0.0008251231006360079
1005670,1.9173956131895242,0.0011982571318035862
1005672,2.6406469021995114,0.0016502457611614707
1005674,1.3287896128330496,0.0008304137233291689
1005676,1.5866292929267005,0.0009915480418854893
1005678,2.6406469021995114,0.0016502457611614707
1005680,1.9224988168196706,0.0012014463276600932
1005682,1.3203238032220197,0.0008251231006360079
1005684,2.7064766350594636,0.0016913853915755336
1005686,1.5653604030246393,0.0009782562627474868
1005688,1.3203238032220197,0.0008251231006360079
1005690,4.225751370971286,0.002640840879505351
1005692,1.3339435490038845,0.0008336346239774655
1005694,1.3203238032220197,0.0008251231006360079
1005696,2.668445073627575,0.0016676179492147055
1005698,1.383240808462465,0.0008644424511771709
1005700,1.796715317888454,0.0011228391932634415
1005702,2.732155989420806,0.0017074334461824826
1005704,1.5844433474768165,0.0009901819572303253
1005706,1.4741707450349226,0.0009212682018166792
1005708,3.1145018517029155,0.00194637665286533
1005710,1.7742389358256283,0.0011087928040265738
1005712,1.330941050336691,0.0008317582425898965
1005714,2.689828025882994,0.0016809810104748955
1005716,1.3203238032220197,0.0008251231006360079
1005718,1.5843876588875812,0.0009901471552057706
1005720,3.8949188843868896,0.0024340904396091046
1005722,1.3203238032220197,0.0008251231006360079
1005724,1.3203238032220197,0.0008251231006360079
1005726,2.6406469021995114,0.0016502457611614707
1005728,1.3484335469864566,0.0008426900026916967
1005730,2.0153482325848855,0.0012594716375435302
1005732,3.468295191267162,0.002167476247232433
1005734,1.3581936574418703,0.0008487894856987198
1005736,1.3203238032220197,0.0008251231006360079
1005738,2.6406469021995114,0.0016502457611614707
1005740,1.7604309799873963,0.0011001636607006079
1005742,1.329282371244582,0.0008307216677496177
1005744,2.769412978275055,0.0017307168271900504
1005746,1.6861041439125084,0.0010537138509699089
1005748,1.3203238032220197,0.0008251231006360079
1005750,3.544931620986896,0.0022153694143159223
1005752,1.4684909905417038,0.0009177186962886721
1005754,1.4083790434616466,0.0008801523386732712
1005756,2.6406469021995114,0.0016502457611614707
1005758,1.458688770000313,0.0009115928970063347
1005760,2.1172345928255623,0.0013231444951176717
1005762,2.6406469021995114,0.0016502457611614707
1005764,1.366066343487889,0.000853709441776746
1005766,1.3203238032220197,0.0008251231006360079
1005768,2.6972019070124342,0.0016855892434298702
1005770,1.8042027399003062,0.0011275183824525734
1005772,1.3203238032220197,0.0008251231006360079
1005774,3.532361977537883,0.0022075141418810627
1005776,1.3203238032220197,0.0008251231006360079
1005778,1.3692814613891309,0.0008557186974192703
1005780,3.520923802181731,0.0022003659690673525
1005782,1.3257551697743122,0.0008285173786149262
1005784,1.528182599298183,0.0009550223676902664
1005786,2.6823395229593836,0.0016763011457808163
1005788,1.6908107033718511,0.0010566551680354223
1005790,1.8446560255404867,0.001152799257035675
1005792,2.6408378329853606,0.0016503650814385438
1005794,1.3555212381846744,0.0008471193841233974
1005796,1.4670698760082463,0.0009168305850334301
1005798,2.6406469021995114,0.0016502457611614707
1005800,1.8167236485360445,0.001135343198555327
1005802,1.5843876588875812,0.0009901471552057706
1005804,2.700837906699918,0.0016878615249177346
1005806,1.3278134449711054,0.0008298036770276305
1005808,1.358820915815214,0.0008491814845195017
1005810,3.842319701273902,0.002401219108383236
1005812,1.3544631511248748,0.0008464581432418847
1005814,1.3240625325130797,0.0008274595819579002
1005816,3.1691842725905723,0.0019805498826162443
1005818,1.4826268020337614,0.0009265527297127982
1005820,1.7604309799873963,0.0011001636607006079
1005822,2.99996183110071,0.0018747960173306454
1005824,1.3206827851753822,0.0008253474428024581
1005826,1.3659121823770226,0.0008536131003387706
1005828,2.677520331418331,0.0016732894404270172
1005830,2.1126517791181505,0.0013202805117170325
1005832,1.344099524012899,0.0008399814985615412
1005834,2.693346380947356,0.0016831797711370606
1005836,1.56487570339016,0.0009779533545788218
1005838,1.3203238032220197,0.0008251231006360079
1005840,3.943480420473408,0.0024644384838764075
1005842,1.3203238032220197,0.0008251231006360079
1005844,1.5843876588875812,0.0009901471552057706
1005846,2.6406469021995114,0.0016502457611614707
1005848,1.3203238032220197,0.0008251231006360079
1005850,1.7604806941309472,0.0011001947290553342
1005852,2.6688279359312435,0.001667857215166246
1005854,1.3304818704748194,0.0008314712827468243
1005856,1.442681320597654,0.0009015892022670867
1005858,3.1723689008400084,0.001982540084057084
1005860,1.8647206481065248,0.001165338441396647
1005862,1.6007876577924378,0.00100039616981399
1005864,2.6406469021995114,0.0016502457611614707
1005866,1.3248081043535305,0.0008279255195917127
1005868,1.3203238032220197,0.0008251231006360079
1005870,3.5208641398706253,0.0022003286837052236
1005872,1.585672816916531,0.0009909503018089498
1005874,1.3203238032220197,0.0008251231006360079
1005876,2.6406826944611788,0.0016502681291759333
1005878,1.3357973207363856,0.000834793120004016
1005880,1.760470749325174,0.0011001885141488433
1005882,2.860127084314814,0.0017874076967057636
1005884,1.4670698721804085,0.0009168305826412613
1005886,1.5843876588875812,0.0009901471552057706
1005888,2.980076466747177,0.0018623688585892645
1005890,1.9298736497614075,0.0012060551554406032
1005892,1.3203238032220197,0.0008251231006360079
1005894,2.871266945064022,0.0017943694408018775
1005896,1.3203238032220197,0.0008251231006360079
1005898,1.4173684753763007,0.0008857701938662739
1005900,4.233913159605719,0.002645941507342511
1005902,1.3243776937081957,0.000827656538781582
1005904,1.3203238032220197,0.0008251231006360079
1005906,2.9341184057106062,0.0018336478299073803
1005908,1.3203238032220197,0.0008251231006360079
1005910,1.7604309799873963,0.0011001636607006079
1005912,2.641277944060843,0.0016506401244350724
1005914,1.728725399325478,0.0010803495764893064
1005916,1.3282361551666428,0.0008300678455189969
1005918,2.6537889377203734,0.0016584587442730224
1005920,1.760709420712251,0.0011003376694351885
1005922,1.3203238032220197,0.0008251231006360079
1005924,2.817284655689677,0.001760633751208694
1005926,1.3325392301175731,0.0008327570089932267
1005928,1.8710925939523064,0.0011693205249586685
1005930,3.5210431107864184,0.0022004405297816197
1005932,1.3203238032220197,0.0008251231006360079
1005934,1.3264660324291355,0.0008289616250917698
1005936,2.798512776709652,0.001748902453968605
1005938,1.3408704185441853,0.0008379635015292043
1005940,1.9856829787511074,0.0012409326350922012
1005942,3.251988749961769,0.002032297709132992
1005944,1.3203238032220197,0.0008251231006360079
1005946,1.3203238032220197,0.0008251231006360079
1005948,2.64068269189919,0.001650268127574844
1005950,2.0590037229013776,0.0012867536977789254
1005952,1.3743640180256542,0.0008588949901444732
1005954,2.653691255140935,0.0016583976985260415
1005956,1.631358500843126,0.0010195011111514742
1005958,1.4083790366052458,0.0008801523343884325
1005960,3.600383675254365,0.00225002361871802
1005962,1.3296066309491812,0.0008309243105954236
1005964,1.3203238032220197,0.0008251231006360079
1005966,2.8827003664956203,0.0018015146426981826
1005968,1.3203238032220197,0.0008251231006360079
1005970,2.1136419658187235,0.0013208993189509789
1005972,2.9343809116522843,0.0018338118803592498
1005974,1.4657764554288393,0.0009160222748323246
1005976,1.3546376584047641,0.0008465671998138517
1005978,2.6406469021995114,0.0016502457611614707
1005980,1.7766914015732393,0.0011103254478651034
1005982,1.3253795337683807,0.0008282826286655817
1005984,3.1752799319510214,0.001984359303714039
1005986,1.3377457344612107,0.0008360107615931672
1005988,1.3499789745325848,0.000843655802115715
1005990,3.5208641398706253,0.0022003286837052236
1005992,1.539173043116114,0.000961890735175793
1005994,1.4673654090418957,0.0009170152754347317
1005996,2.6406469021995114,0.0016502457611614707
1005998,1.5972392240304047,0.0009981786117717998
1006000,1.7639660984948813,0.0011023728975081953
1006002,2.6406469021995114,0.0016502457611614707
1006004,1.3203238032220197,0.0008251231006360079
1006006,1.3203238032220197,0.0008251231006360079
1006008,2.667279608889515,0.0016668896037315723
1006010,1.8261201666476266,0.0011412154581786787
1006012,1.7649261738195638,0.0011029728869401915
1006014,2.6675654092486756,0.0016670682117956987
1006016,1.4680220133546067,0.0009174256137055959
1006018,1.4403526771351203,0.0009001339399220523
1006020,3.688566855030605,0.0023051328112837755
1006022,1.3240423910301906,0.0008274469947404522
1006024,1.3203238032220197,0.0008251231006360079
1006026,3.3824052844802686,0.0021138002125897235
1006028,1.3528154753896717,0.0008454284448389961
1006030,1.8114441226702065,0.001132043811888452
1006032,2.6406946189527547,0.0016502755812671844
1006034,1.3203238032220197,0.0008251231006360079
1006036,1.329372067759451,0.0008307777226857511
1006038,2.934532701895101,0.0018339067401470486
1006040,2.1130463129322608,0.0013205270716618051
1006042,1.3240477934981987,0.0008274503709585761
1006044,2.881093361276042,0.001800510360925574
1006046,1.346395090110643,0.0008414160895396505
1006048,1.3356164313430912,0.0008346800749943729
1006050,3.738588581432274,0.002336393386823646
1006052,1.3203238032220197,0.0008251231006360079
1006054,1.5843876588875812,0.0009901471552057706
1006056,2.6881920205000513,0.0016799586053414452
1006058,1.3543407555029987,0.0008463816533272287
1006060,2.094269104989405,0.0013087924441399145
1006062,2.6406469021995114,0.0016502457611614707
1006064,1.3309773832991199,0.0008317809485098697
1006066,1.3832407917288014,0.0008644424407196359
1006068,3.3438742574101306,0.002089720634194471
1006070,1.9665796453579474,0.0012289941987454643
1006072,1.3413402404671597,0.000838257112021483
1006074,2.7362125946252442,0.0017099685808639707
1006076,1.3203238032220197,0.0008251231006360079
1006078,1.3203238032220197,0.0008251231006360079
1006080,3.54825269134953,0.002217444883885099
1006082,1.8127804801463474,0.0011328789550719505
1006084,1.3347367823132192,0.0008341303471675867
1006086,2.6790727756455293,0.001674259624855401
1006088,1.3982542619569207,0.0008738249581564203
1006090,1.7604309799873963,0.0011001636607006079
1006092,2.6406826867763127,0.0016502681243733533
1006094,1.4257574398046666,0.0008910127929342954
1006096,1.7309653416166169,0.001081749405928115
1006098,2.6406469021995114,0.0016502457611614707
1006100,1.760629806906597,0.0011002879155869172
1006102,1.3241256961088113,0.0008274990554126922
1006104,3.047899915838218,0.001904754441938789
1006106,1.3203238032220197,0.0008251231006360079
1006108,1.3203238032220197,0.0008251231006360079
1006110,4.227541089104022,0.0026419593458780273
1006112,1.3841606883942343,0.0008650173209020536
1006114,1.3526978498665003,0.0008453549359496189
1006116,2.6406469021995114,0.0016502457611614707
1006118,1.3241063950261427,0.0008274869933949218
1006120,1.7604707398378363,0.0011001885082198269
1006122,2.8808606588472974,0.0018003649358797917
1006124,1.5843876588875812,0.0009901471552057706
1006126,1.6307288018768014,0.00101910758710662
1006128,2.8376541176474723,0.001773363441886002
1006130,1.7604309799873963,0.0011001636607006079
1006132,1.3203238032220197,0.0008251231006360079
1006134,2.6864402815136477,0.00167886387365484
1006136,1.3661981842388233,0.0008537918343299482
1006138,1.5843876588875812,0.0009901471552057706
1006140,3.620026710507099,0.0022622993363215996
1006142,1.3242915886732702,0.0008276027283047698
1006144,1.3442332686763083,0.0008400650809457233
1006146,2.6406469021995114,0.0016502457611614707
1006148,1.6012485772648937,0.001000684216809226
1006150,1.760480679306393,0.001100194719790878
1006152,3.2600167978815753,0.002037314757053722
1006154,1.3203238032220197,0.0008251231006360079
1006156,1.3203238032220197,0.0008251231006360079
1006158,2.775176577352632,0.00173431873054899
1006160,1.7605900257120368,0.0011002630547289045
1006162,1.427458424866157,0.0008920758064652546
1006164,2.7979003649982936,0.001748519733420124
1006166,1.5845824957098922,0.0009902689165211017
1006168,1.3298458867481067,0.0008310738311040843
1006170,3.91316070581216,0.0024454904827037878
1006172,1.3203238032220197,0.0008251231006360079
1006174,1.4403526771351203,0.0009001339399220523
1006176,2.7114945592130866,0.0016945212928796605
1006178,1.3581935924865802,0.0008487894451055637
1006180,2.112756134185527,0.0013203457273683378
1006182,2.6410495435161763,0.0016504973878085402
1006184,1.3695553911483025,0.0008558898870711516
1006186,1.3436930131647289,0.0008397274536896198
1006188,2.660704063004747,0.0016627802823699688
1006190,1.77207039526271,0.001107437596380719
1006192,1.4673214013164046,0.0009169877732486615
1006194,3.168818749369865,0.0019803214525504612
1006196,1.408480416496368,0.0008802156907332175
1006198,1.3659121595822439,0.0008536130860934025
1006200,3.9348463512292815,0.0024590427090153966
1006202,1.398027560288519,0.0008736832832255477
1006204,1.3833779638477686,0.0008645281650577466
1006206,2.6824070764433694,0.0016763433626521846
1006208,1.5858500520098853,0.000991061063100546
1006210,1.7604309799873963,0.0011001636607006079
1006212,2.681239551320431,0.0016756137295522143
1006214,1.4670261257348909,0.0009168032437394864
1006216,1.3203238032220197,0.0008251231006360079
1006218,2.6406469021995114,0.0016502457611614707
1006220,1.7604309799873963,0.0011001636607006079
1006222,1.625977335848567,0.0010161382061318804
1006224,2.640694609846939,0.0016502755755765962
1006226,1.4466996483049526,0.0009041004158111632
1006228,1.3334642794157834,0.00083333510926175
1006230,3.757430070859846,0.0023481681864138226
1006232,1.3396822122652994,0.0008372209439485282
1006234,1.3357972150115895,0.0008347930539323665
1006236,3.520888102327451,0.0022003436588019587
1006238,1.3260667179123045,0.0008287120774948451
1006240,1.8696474156824412,0.0011684173753130338
1006242,2.738871470068604,0.0017116302183688586
1006244,1.3203238032220197,0.0008251231006360079
1006246,1.3203238032220197,0.0008251231006360079
1006248,2.6406469021995114,0.0016502457611614707
1006250,2.2131088094217803,0.0013830601239019672
1006252,1.4843755757951893,0.000927645608311835
1006254,2.6406469021995114,0.0016502457611614707
1006256,1.3439623248606907,0.0008398957573292779
1006258,1.4975314097258023,0.0009358672146009814
1006260,3.6490473750219317,0.00228043550915175
1006262,1.3203238032220197,0.0008251231006360079
1006264,1.7013100756237245,0.0010632166452776383
1006266,2.6406469021995114,0.0016502457611614707
1006268,1.3203238032220197,0.0008251231006360079
1006270,1.8004453402276972,0.0011251702332632412
1006272,2.64223277202314,0.0016512368345806458
1006274,1.3203238032220197,0.0008251231006360079
1006276,1.3281131398162858,0.0008299909683112508
1006278,3.698874115735169,0.002311574230343902
1006280,1.9569344094328238,0.001222966505422446
1006282,1.3251359663482705,0.0008281304136525638
1006284,2.6406469021995114,0.0016502457611614707
1006286,1.3526978206359663,0.0008453549176822903
1006288,1.334947056434046,0.0008342617558675864
1006290,3.5217291659082424,0.0022008692730398605
1006292,1.6076393534998472,0.001004678068233844
1006294,1.3203238032220197,0.0008251231006360079
1006296,2.767914742009212,0.001729780519482698
1006298,1.4091391543493517,0.0008806273623386477
1006300,1.83094558459341,0.0011442310546615818
1006302,2.987747368410393,0.0018671627115438055
1006304,1.5031372902744062,0.0009393705533492274
1006306,1.5843876588875812,0.0009901471552057706
1006308,2.6406826790947466,0.0016502681195728359
1006310,1.779679663621557,0.0011121929322206864
1006312,1.3203238032220197,0.0008251231006360079
1006314,2.653755013129811,0.0016584375434408596
1006316,1.3981408604701784,0.000873754089036187
1006318,1.3203238032220197,0.0008251231006360079
1006320,4.232151767943067,0.0026448407433128274
1006322,1.3659121519877295,0.0008536130813472871
1006324,1.467069853051262,0.0009168305706866933
1006326,2.7179272331276185,0.0016985413278383474
1006328,1.3203238032220197,0.0008251231006360079
1006330,1.9206921897700404,0.0012003172942296224
1006332,2.8172844139688924,0.0017606336001477173
1006334,1.5843876588875812,0.0009901471552057706
1006336,1.3206826024408918,0.0008253473286043736
1006338,2.6584615185514204,0.0016613788267360345
1006340,1.7898697863856519,0.0011185611471013488
1006342,1.4023940493631628,0.0008764120767195157
1006344,2.6424291434520173,0.0016513595549329382
1006346,1.4818254162105078,0.0009260519116909803
1006348,1.602705020514244,0.001001594406390654
1006350,3.5212368847557363,0.002200561626877647
1006352,1.3203238032220197,0.0008251231006360079
1006354,1.42210760182683,0.0008887318633458547
1006356,2.8810932410163943,0.0018005102857705153
1006358,1.369281428146032,0.0008557186766443295
1006360,1.783144673342099,0.0011143583552459854
1006362,3.188568203227412,0.001992663675392343
1006364,1.3901247341361394,0.0008687444913907524
1006366,1.4083790229007842,0.0008801523258239668
1006368,2.937120837225998,0.0018355241693291053
1006370,1.7745498315808048,0.0011089870952064038
1006372,1.3528153767028814,0.0008454283831656776
1006374,2.6406469021995114,0.0016502457611614707
1006376,1.5844433102870414,0.0009901819339889488
1006378,1.3740203163068618,0.000858680197207156
1006380,3.5213561777865308,0.0022006361778591664
1006382,1.4403526771351203,0.0009001339399220523
1006384,1.36649310897499,0.0008539761445818473
1006386,2.709069010953643,0.001693005470855025
1006388,1.3833779304018616,0.0008645281441560629
1006390,2.349074561182591,0.0014680305549427538
1006392,2.79726229140571,0.0017481209757366969
1006394,1.3203238032220197,0.0008251231006360079
1006396,1.32621373098965,0.0008288039518410603
1006398,2.640700564662464,0.0016502792969787538
1006400,1.9314574088669845,0.0012070449097877302
1006402,1.33048166114488,0.0008314711519281809
1006404,3.1689439632749927,0.001980399703722931
1006406,1.3240824678158036,0.0008274720403251245
1006408,1.4405335556861598,0.0009002469781559372
1006410,3.5208641398706253,0.0022003286837052236
1006412,1.4896854016914476,0.0009309639306784138
1006414,1.3203238032220197,0.0008251231006360079
1006416,2.749900592013027,0.0017185227573610867
1006418,1.5843876588875812,0.0009901471552057706
1006420,1.7604309799873963,0.0011001636607006079
1006422,2.6879754876090414,0.0016798232852858772
1006424,1.3203238032220197,0.0008251231006360079
1006426,1.3203238032220197,0.0008251231006360079
1006428,2.6406469021995114,0.0016502457611614707
1006430,1.8643565020707438,0.0011651108719887527
1006432,1.58470774348539,0.000990347188860519
1006434,3.577084033083797,0.002235462741344929
1006436,1.3203238032220197,0.0008251231006360079
1006438,1.3245725572917812,0.0008277783168211029
1006440,3.5211622913273275,0.0022005150104637146
1006442,1.3332007925313327,0.0008331704457795464
1006444,1.3203238032220197,0.0008251231006360079
1006446,3.282224676904813,0.0020511933480126107
1006448,1.3203238032220197,0.0008251231006360079
1006450,1.7604806644906772,0.0011001947105319452
1006452,2.6409152289110285,0.0016504134492449924
1006454,1.3203238032220197,0.0008251231006360079
1006456,1.4672010273513931,0.0009169125467481593
1006458,2.7995278610840577,0.0017495368207537626
1006460,2.334580702715238,0.00145897276365733
1006462,1.3203238032220197,0.0008251231006360079
1006464,2.641730224768773,0.001650922772721178
1006466,1.3203238032220197,0.0008251231006360079
1006468,1.529472935593516,0.0009558287503990156
1006470,3.607115665902915,0.002254230708663553
1006472,1.3352291814801431,0.0008344380670817254
1006474,1.7160634808313873,0.0010724366376917561
1006476,2.6406469021995114,0.0016502457611614707
1006478,1.4673652458072224,0.000917015173422862
1006480,1.8476858202871498,0.0011546926968339704
1006482,2.6406469021995114,0.0016502457611614707
1006484,1.3203238032220197,0.0008251231006360079
1006486,1.4403526771351203,0.0009001339399220523
1006488,3.170361033552156,0.0019812852875608186
1006490,1.7604309799873963,0.0011001636607006079
1006492,1.3203238032220197,0.0008251231006360079
1006494,2.6548070313262437,0.0016590949916471616
1006496,1.342441123762987,0.0008389450979808929
1006498,1.3203238032220197,0.0008251231006360079
1006500,3.978601425074547,0.002486387002976968
1006502,1.6903889819208275,0.0010563916174500098
1006504,1.3203238032220197,0.0008251231006360079
1006506,2.822197221165907,0.0017637038096655153
1006508,1.3660661839244255,0.0008537093420591619
1006510,1.7719213682358648,0.0011073444634369905
1006512,2.882479401795005,0.0018013765530277108
1006514,1.3285025894225473,0.0008302343509313897
1006516,1.6046336831017929,0.0010027997047049278
1006518,2.6560399926877087,0.0016598655184672142
1006520,1.7604707240356623,0.001100188498344417
1006522,1.4670261257348909,0.0009168032437394864
1006524,2.684834307280684,0.0016778602361869621
1006526,1.3832407708289303,0.0008644424276584713
1006528,1.320387396226532,0.0008251628424455048
1006530,4.2257508041401515,0.0026408405252699263
1006532,1.3694255170403613,0.0008558087235517368
1006534,1.3203238032220197,0.0008251231006360079
1006536,2.8178396957849197,0.0017609806179418742
1006538,1.4403526771351203,0.0009001339399220523
1006540,1.7933871075108898,0.0011207592616136425
1006542,2.663545958888209,0.0016645562966607996
1006544,1.9095500587950123,0.0011933541313786822
1006546,1.3240766483877275,0.0008274684035319937
1006548,2.7173449573131436,0.0016981774404159647
1006550,1.8092363516471772,0.001130664087560548
1006552,1.3501633911027549,0.0008437710513991227
1006554,2.6406469021995114,0.0016502457611614707
1006556,1.3203238032220197,0.0008251231006360079
1006558,1.5845824198166916,0.0009902688690924082
1006560,3.5362265804381656,0.0022099292866508734
1006562,1.3243687379893834,0.0008276509419950538
1006564,1.4412951179388118,0.0009007229088372609
1006566,2.983632162575509,0.0018645909549868545
1006568,1.3203238032220197,0.0008251231006360079
1006570,1.9528327773603058,0.0012204032316519623
1006572,3.326117900700682,0.0020786239773983536
1006574,1.3203238032220197,0.0008251231006360079
1006576,1.347312783958748,0.0008419895930935024
1006578,2.6406469021995114,0.0016502457611614707
1006580,1.7604309799873963,0.0011001636607006079
1006582,1.3980275460292109,0.0008736832743143363
1006584,2.6406469021995114,0.0016502457611614707
1006586,1.5843876588875812,0.0009901471552057706
1006588,1.4670698415818018,0.0009168305635189693
1006590,4.029101241172805,0.0025179463558712037
1006592,1.3216626557626243,0.0008259598030849845
1006594,1.3203238032220197,0.0008251231006360079
1006596,2.640682668857787,0.0016502681131753507
1006598,1.3259660758227045,0.0008286491822317115
1006600,2.1155235080129597,0.001322075169848688
1006602,2.663857340572378,0.0016647508915170735
1006604,1.4320799088667335,0.0008949639564772362
1006606,1.3203238032220197,0.0008251231006360079
1006608,2.689837357573222,0.0016809868422209841
1006610,1.9562218458605292,0.001222521195974311
1006612,1.3203238032220197,0.0008251231006360079
1006614,3.169916300274744,0.001981007355965616
1006616,1.440533518302974,0.0009002469547936906
1006618,1.4062957565767054,0.0008788504094572546
1006620,3.7322018513115673,0.0023324020639774908
1006622,1.3874150235776852,0.0008670510849912301
1006624,1.3401193485560956,0.0008374941278832434
1006626,2.6406469021995114,0.0016502457611614707
1006628,1.5843876588875812,0.0009901471552057706
1006630,1.8042020219588808,0.00112751793378229
1006632,3.1131559973345366,0.0019455355746944062
1006634,1.3203238032220197,0.0008251231006360079
1006636,1.3258984973920704,0.0008286069497701859
1006638,2.8785215488716354,0.0017989031325924944
1006640,1.7605899498616007,0.0011002630073269363
1006642,1.7287251783597812,0.0010803494383990133
1006644,2.6633629913908075,0.0016644419529608656
1006646,1.3498502886994674,0.0008435753811967174
1006648,1.369555238230075,0.0008558897915064412
1006650,3.522410125144308,0.002201294831675476
1006652,1.3203238032220197,0.0008251231006360079
1006654,1.4670261257348909,0.0009168032437394864
1006656,3.1990230735423593,0.001999197341596016
1006658,1.4257051961285605,0.000890980143773603
1006660,1.7604309799873963,0.0011001636607006079
1006662,2.6406469021995114,0.0016502457611614707
1006664,1.3835036222137485,0.000864606693991562
1006666,1.3345460121912935,0.0008340111272958189
1006668,2.892971141098737,0.0018079332601356446
1006670,2.1533557109730403,0.0013457180251347435
1006672,1.4087263446732623,0.0008803693810774783
1006674,2.6406469021995114,0.0016502457611614707
1006676,1.4868039694387254,0.0009291632085306825
1006678,1.3203238032220197,0.0008251231006360079
1006680,3.521162220228854,0.0022005149660314378
1006682,1.3463949735709502,0.00084141601670934
1006684,1.6015808869127532,0.0010008918903862258
1006686,2.6406469021995114,0.0016502457611614707
1006688,1.3354297371219874,0.000834563402315889
1006690,1.7604309799873963,0.0011001636607006079
1006692,2.6406469021995114,0.0016502457611614707
1006694,1.4911363976405188,0.0009318707160242404
1006696,1.446130470150165,0.0009037447136396607
1006698,3.5223280295490405,0.00220124352685771
1006700,1.7606296883808648,0.0011002878415154512
1006702,1.3203238032220197,0.0008251231006360079
1006704,2.6410046071571345,0.0016504693052822588
1006706,1.4618713715882385,0.0009135818319054176
1006708,1.3203238032220197,0.0008251231006360079
1006710,3.691000283762501,0.0023066535581305254
1006712,1.584443291710775,0.0009901819223798976
1006714,1.354340649245373,0.0008463815869225927
1006716,2.706475174472002,0.0016913844787960683
1006718,1.3203238032220197,0.0008251231006360079
1006720,2.1338397899141315,0.0013335217462699697
1006722,2.6816135669435046,0.0016758474668595656
1006724,1.3332402601598363,0.0008331951106776011
1006726,1.5843876588875812,0.0009901471552057706
1006728,2.6406469021995114,0.0016502457611614707
1006730,1.7604309799873963,0.0011001636607006079
1006732,1.3257639662848968,0.0008285228759058715
1006734,2.7962618767530167,0.0017474957766467935
1006736,1.3203238032220197,0.0008251231006360079
1006738,1.3203238032220197,0.0008251231006360079
1006740,4.607191790973844,0.00287921823912907
1006742,1.491801962406176,0.0009322866540401825
1006744,1.343333085214288,0.000839502520331796
1006746,2.8808605627141266,0.0018003648758023322
1006748,1.326384169292266,0.0008289104655465456
1006750,1.7608588612584446,0.001100431060803681
1006752,2.6408376508863793,0.0016503649676376144
1006754,1.584582381892259,0.000990268845391915
1006756,1.4350695123427404,0.0008968322791445813
1006758,2.6406469021995114,0.0016502457611614707
1006760,1.7604707145603857,0.001100188492422938
1006762,1.3203238032220197,0.0008251231006360079
1006764,3.0544498379863136,0.001908847750003502
1006766,1.3203238032220197,0.0008251231006360079
1006768,1.6187907858913793,0.0010116470439116131
1006770,3.6255253944262287,0.0022657356836128456
1006772,1.5265872713857183,0.000954025383533462
1006774,1.4083790092074309,0.0008801523172664432
1006776,2.721936521105724,0.0017010468920944518
1006778,1.3203238032220197,0.0008251231006360079
1006780,1.788449909670369,0.0011176738094081436
1006782,3.1688187249871564,0.0019803214373127326
1006784,1.320387380054365,0.0008251628323388715
1006786,1.4670261257348909,0.0009168032437394864
1006788,2.6941762490215346,0.0016836983888555432
1006790,1.7836859261752456,0.0011146966057681861
1006792,1.3278393263386608,0.0008298198513283543
1006794,2.6406469021995114,0.0016502457611614707
1006796,1.6268917435644457,0.0010167096560504004
1006798,1.4403526771351203,0.0009001339399220523
1006800,3.5251883518317304,0.00220303105654168
1006802,1.4197500987852099,0.0008872585654967109
1006804,1.3203238032220197,0.0008251231006360079
1006806,2.6406469021995114,0.0016502457611614707
1006808,1.5672682605540167,0.0009794485591496042
1006810,2.239792050850478,0.0013997355476494885
1006812,2.6406826611839107,0.0016502681083796387
1006814,1.3203238032220197,0.0008251231006360079
1006816,1.341986132794022,0.000838660755944373
1006818,2.7321554893602515,0.0017074331336746614
1006820,1.7604309799873963,0.0011001636607006079
1006822,1.3692814015791324,0.0008557186600416124
1006824,3.464390545705845,0.0021650360782037624
1006826,1.3203238032220197,0.0008251231006360079
1006828,1.3203238032220197,0.0008251231006360079
1006830,3.9474238490434663,0.0024669028899568877
1006832,1.3203238032220197,0.0008251231006360079
1006834,1.3498502538141035,0.0008435753593954595
1006836,2.6406469021995114,0.0016502457611614707
1006838,1.5843876588875812,0.0009901471552057706
1006840,1.760470711402964,0.001100188490449739
1006842,2.8169420115136687,0.0017604196191721186
1006844,1.3583037946733771,0.0008488583148554272
1006846,1.3203238032220197,0.0008251231006360079
1006848,2.929155344935601,0.0018305462149207203
1006850,1.9217254575158402,0.0012009630245301147
1006852,1.7642500689937266,0.001102550362019495
1006854,2.6406469021995114,0.0016502457611614707
1006856,1.3322091529681706,0.0008325507305937162
1006858,1.3243143096991286,0.0008276169275816896
1006860,3.5787943626409775,0.0022365315946246216
1006862,1.3203238032220197,0.0008251231006360079
1006864,1.3203238032220197,0.0008251231006360079
1006866,3.2475210710681583,0.0020295056780779237
1006868,1.3299724840995637,0.0008311529468474434
1006870,1.7790841219960194,0.0011118207544629102
1006872,2.6406469021995114,0.0016502457611614707
1006874,1.4670261257348909,0.0009168032437394864
1006876,1.5600390319865323,0.000974930725360459
1006878,2.7090686630693193,0.0016930052534482108
1006880,2.2663192880244942,0.0014163134781048183
1006882,1.3203238032220197,0.0008251231006360079
1006884,2.6409151137617073,0.0016504133772835806
1006886,1.3980275346295143,0.0008736832671902105
1006888,1.3529874545948795,0.0008455359215160807
1006890,3.5208641398706253,0.0022003286837052236
1006892,1.3277328866683138,0.0008297533329253586
1006894,1.7221368628651543,0.0010762321367979752
1006896,2.93556525138241,0.0018345520215791104
1006898,1.3264654337709565,0.0008289612509663533
1006900,1.7606296489036841,0.0011002878168445836
1006902,2.889562968617696,0.0018058033569723477
1006904,1.3203238032220197,0.0008251231006360079
1006906,1.3203238032220197,0.0008251231006360079
1006908,3.168943879691092,0.001980399651488012
1006910,1.878125110359274,0.001173715425458705
1006912,1.3203873719713655,0.0008251628272874821
1006914,2.654575292098067,0.0016589501685439004
1006916,1.3306840138061917,0.0008315976101916131
1006918,1.5101689840398653,0.0009437649397477151
1006920,3.522106437465641,0.0022011050451106683
1006922,1.6089573958246992,0.001005501765547486
1006924,1.3981407692381658,0.0008737540320216569
1006926,2.6551181386955798,0.0016592894150731354
1006928,1.4869148881123073,0.0009292325260417666
1006930,1.7604309799873963,0.0011001636607006079
1006932,2.6406469021995114,0.0016502457611614707
1006934,1.3377454755306843,0.0008360105997771353
1006936,1.584443279333485,0.0009901819146448346
1006938,2.7426667681575214,0.001714002051792844
1006940,2.059633491572198,0.001287147265384904
1006942,1.388021612489986,0.0008674301666399193
1006944,2.8212389475344977,0.0017631049461836355
1006946,1.3357970037863487,0.0008347929219292736
1006948,1.3203238032220197,0.0008251231006360079
1006950,4.256583876429925,0.0026601093441367737
1006952,1.3293086317846488,0.0008307380790103944
1006954,1.4403526771351203,0.0009001339399220523
1006956,2.6811925196745494,0.0016755843375974658
1006958,1.324623122895449,0.000827809917287278
1006960,1.8115059955497534,0.0011320824787231273
1006962,3.150435076405738,0.0019688327607612034
1006964,1.5843876588875812,0.0009901471552057706
1006966,1.3203238032220197,0.0008251231006360079
1006968,2.6406469021995114,0.0016502457611614707
1006970,1.7799939989774844,0.0011123893729444614
1006972,1.3273601487735247,0.0008295203941214665
1006974,2.707161298530589,0.001691813265135647
1006976,1.3205463079863828,0.0008252621527538516
1006978,1.6903888024435483,0.0010563915052874866
1006980,3.8437766798070645,0.0024021296324849067
1006982,1.324256739596557,0.0008275809497242717
1006984,1.467200935627796,0.0009169124894264184
1006986,2.766735614275412,0.0017290436354475962
1006988,1.3430428614150702,0.0008393211478832311
1006990,1.7604309799873963,0.0011001636607006079
1006992,3.259355669464203,0.0020369015914890854
1006994,1.3250469129042493,0.0008280747605970984
1006996,1.3694254240669324,0.000855808665448926
1006998,2.660248653469632,0.001662495678754737
1007000,1.9006103940285322,0.0011877673776651129
1007002,1.3203238032220197,0.0008251231006360079
1007004,2.732753898643795,0.001707807103546508
1007006,1.92432261590247,0.0012025860925802317
1007008,1.3203238032220197,0.0008251231006360079
1007010,3.5967461169724935,0.002247750363202246
1007012,1.4388384842873145,0.0008991876603090563
1007014,1.3289779000749047,0.0008305313915499724
1007016,2.6406469021995114,0.0016502457611614707
1007018,1.3254008798838282,0.0008282959687060487
1007020,2.1127559309623605,0.0013203456003660606
1007022,2.700144412390747,0.001687428132614074
1007024,1.3203238032220197,0.0008251231006360079
1007026,1.3266482904344667,0.0008290755254017602
1007028,2.9352126514966024,0.0018343316678216825
1007030,1.7604309799873963,0.0011001636607006079
1007032,1.5126404386972945,0.0009453094505147276
1007034,3.1688187145461417,0.001980321430787725
1007036,1.3266390418424974,0.0008290697455870938
1007038,1.3980275289322472,0.0008736832636297606
1007040,3.5242190631590686,0.0022024253093203953
1007042,1.3543405961684816,0.0008463815537527225
1007044,1.3203238032220197,0.0008251231006360079
1007046,2.819243726653511,0.0017618580529323315
1007048,1.588726866956443,0.0009928588997091619
1007050,1.9571103928461067,0.0012230764844891522
1007052,2.6406469021995114,0.0016502457611614707
1007054,1.391509724335398,0.0008696100271061382
1007056,1.3345842839523987,0.0008340350448485532
1007058,2.8808605146922237,0.0018003648457915263
1007060,1.8049481236106595,0.001127984202516371
1007062,1.5843876588875812,0.0009901471552057706
1007064,2.6926164043099994,0.0016827235795687972
1007066,1.4080838585476647,0.0008799678658258596
1007068,1.3274447833661183,0.0008295732856601113
1007070,3.5208641398706253,0.0022003286837052236
1007072,1.4674973471610944,0.0009170977288372528
1007074,1.3277452395527107,0.0008297610527364009
1007076,3.360538999797261,0.0021001350975830835
1007078,1.3832407457742901,0.0008644424120008256
1007080,1.8790884876019378,0.0011743174783911822
1007082,2.6406469021995114,0.0016502457611614707
1007084,1.4621608337799559,0.0009137627283950241
1007086,1.3203238032220197,0.0008251231006360079
1007088,2.6406945689137364,0.0016502755499958025
1007090,2.11265160492682,0.0013202804028579099
1007092,1.3379134062829494,0.0008361155464142124
1007094,2.9341183282917265,0.001833647781525229
1007096,1.3203238032220197,0.0008251231006360079
1007098,1.3203238032220197,0.0008251231006360079
1007100,3.5304749125481254,0.0022063348395677585
1007102,1.3203238032220197,0.0008251231006360079
1007104,1.5900673821572737,0.0009936966412209486
1007106,2.693345217589888,0.001683179044108495
1007108,1.3393275465582684,0.0008369992991768741
1007110,1.968681231259957,0.0012303075637484185
1007112,2.7403628101629995,0.001712562216383124
1007114,1.4921116782678465,0.0009324802078574159
1007116,1.5027573398112992,0.0009391331071232017
1007118,3.169089856385067,0.001980490878156848
1007120,1.7605898740834778,0.0011002629599701594
1007122,1.3369108154176665,0.0008354889873221073
1007124,2.8701334151037905,0.001793661052637423
1007126,1.3203238032220197,0.0008251231006360079
1007128,1.3764563532486713,0.0008602025740284967
1007130,3.589042072996542,0.0022429357982922133
1007132,1.5843876588875812,0.0009901471552057706
1007134,1.3336894302287856,0.0008334758150011162
1007136,2.8916015416070033,0.0018070773426883556
1007138,1.4670261257348909,0.0009168032437394864
1007140,1.8120868590150594,0.0011324454835120812
1007142,2.6559663343593205,0.0016598194864346483
1007144,1.3413394914001362,0.0008382566438995697
1007146,1.6299136451153116,0.0010185981630752548
1007148,2.8172839311150937,0.0017606332983930851
1007150,1.7604806299550013,0.0011001946889492213
1007152,1.3984155609414999,0.0008739257603368859
1007154,2.641049154803743,0.0016504971448866087
1007156,1.3203238032220197,0.0008251231006360079
1007158,1.324502026418416,0.0008277342392601442
1007160,4.738580695244284,0.002961328415296638
1007162,1.4403526771351203,0.0009001339399220523
1007164,1.3203238032220197,0.0008251231006360079
1007166,2.6406469021995114,0.0016502457611614707
1007168,1.320387355811531,0.0008251628171885558
1007170,1.9253608172492447,0.0012032349060851044
1007172,2.6769829134054253,0.0016729535864372124
1007174,1.5843876588875812,0.0009901471552057706
1007176,1.3203238032220197,0.0008251231006360079
1007178,2.6406469021995114,0.0016502457611614707
1007180,1.7604309799873963,0.0011001636607006079
1007182,1.5653596024281722,0.0009782557624227653
1007184,2.6406945643699387,0.0016502755471562017
1007186,1.3203238032220197,0.0008251231006360079
1007188,1.7289775341964209,0.001080507145644678
1007190,3.8567493906948767,0.0024102367978675837
1007192,1.3203238032220197,0.0008251231006360079
1007194,1.3303446840560813,0.0008313855494722154
1007196,2.6406469021995114,0.0016502457611614707
1007198,1.3203238032220197,0.0008251231006360079
1007200,1.7619050328817294,0.0011010848552528122
1007202,3.168818707588368,0.0019803214264395345
1007204,1.4677055387572648,0.0009172278360843836
1007206,1.381959392727729,0.0008636416432831762
1007208,2.6412771317349866,0.0016506396167801868
1007210,1.800457472655938,0.0011251778153024226
1007212,1.3465133613335738,0.0008414900019526075
1007214,2.971621393950785,0.0018570849457605803
1007216,1.7704835162414663,0.0011064458922736302
1007218,1.3203238032220197,0.0008251231006360079
1007220,3.5209237168736904,0.0022003659157549494
1007222,1.3203238032220197,0.0008251231006360079
1007224,1.3315287282315398,0.000832125505988155
1007226,2.934532135621059,0.0018339063862597732
1007228,1.4530312061450015,0.0009080572592946242
1007230,2.1126515855991337,0.0013202803907792664
1007232,2.7509820870552533,0.0017191986268261276
1007234,1.3253785146931718,0.0008282819918047646
1007236,1.3203238032220197,0.0008251231006360079
1007238,2.6406469021995114,0.0016502457611614707
1007240,1.9335771711631469,0.0012083696339456622
1007242,1.3203238032220197,0.0008251231006360079
1007244,3.1744620990896104,0.001983848207280904
1007246,1.3203238032220197,0.0008251231006360079
1007248,1.5084947969513824,0.0009427186733408513
1007250,3.804474248807829,0.0023775679729514773
1007252,1.3660660245967406,0.0008537092424889254
1007254,1.3391723093310313,0.0008369022852307803
1007256,2.6406469021995114,0.0016502457611614707
1007258,1.5843876588875812,0.0009901471552057706
1007260,1.7604309799873963,0.0011001636607006079
1007262,2.76977742258935,0.0017309445830041065
1007264,1.3203238032220197,0.0008251231006360079
1007266,1.5257597161839738,0.0009535082112213788
1007268,2.6406469021995114,0.0016502457611614707
1007270,1.9562217205010128,0.0012225211176321402
1007272,1.5844432607778736,0.0009901819030486917
1007274,2.6406469021995114,0.0016502457611614707
1007276,1.325676501341216,0.0008284682155677403
1007278,1.340870108260926,0.0008379633076207976
1007280,3.523392140324708,0.0022019085321999575
1007282,1.3325387949576175,0.0008327567370443827
1007284,1.4084802704634978,0.0008802155994714419
1007286,3.290052816281009,0.0020560854650967194
1007288,1.4101007692330905,0.0008812283139026141
1007290,1.7718128868780256,0.0011072766691019016
1007292,3.2062188040080217,0.0020036942410828536
1007294,1.3203238032220197,0.0008251231006360079
1007296,1.3203873477346943,0.0008251628121410178
1007298,2.670909189010278,0.0016691578733756872
1007300,2.1140761725566635,0.0013211706720910584
1007302,1.3357968982857436,0.00083479285599773
1007304,2.8581723476672245,0.0017861861036695325
1007306,1.3203238032220197,0.0008251231006360079
1007308,1.3833777633556408,0.0008645280397622049
1007310,3.5208641398706253,0.0022003286837052236
1007312,1.3321415906433445,0.0008325085081973536
1007314,1.8298089017016892,0.0011435206961042583
1007316,2.641583407484674,0.0016508310207339857
1007318,1.6047506341201854,0.0010028727920693176
1007320,1.7604706924689666,0.0011001884786171275
1007322,2.6406469021995114,0.0016502457611614707
1007324,1.3203238032220197,0.0008251231006360079
1007326,1.3203238032220197,0.0008251231006360079
1007328,3.170883313592495,0.001981611681226701
1007330,1.7604309799873963,0.0011001636607006079
1007332,1.3203238032220197,0.0008251231006360079
1007334,2.663722547688544,0.0016646666540580644
1007336,1.4672008745321594,0.000916912451245314
1007338,1.3275491223519895,0.0008296384912614413
1007340,3.5778703472656996,0.002235954140495851
1007342,1.6807569362615413,0.0010503721672511547
1007344,1.5027483185493753,0.000939127469376164
1007346,2.6406469021995114,0.0016502457611614707
1007348,1.3398558730439842,0.0008373294715080691
1007350,1.7604806200964822,0.001100194682788239
1007352,2.8201276205016295,0.0017624104335156499
1007354,1.4106049263245697,0.0008815433818136173
1007356,1.5843876588875812,0.0009901471552057706
1007358,2.9341183111123317,0.0018336477707891386
1007360,1.7626842831860436,0.0011015718399043789
1007362,1.3581934195524452,0.0008487893370321128
1007364,2.6658284928288274,0.0016659827433231971
1007366,1.3436927726508638,0.0008397273033828953
1007368,1.3203238032220197,0.0008251231006360079
1007370,4.727733438922521,0.0029545495313987903
1007372,1.3203238032220197,0.0008251231006360079
1007374,1.3339478137179026,0.0008336372891676601
1007376,2.7357088382943697,0.0017096537634042825
1007378,1.3329718379486537,0.0008330273629125225
1007380,2.0797948812369875,0.001299746923372396
1007382,2.6536975733510104,0.0016584016470279736
1007384,1.5844432545954208,0.00099018189918503
1007386,1.4083789886881997,0.0008801523044431557
1007388,2.64068264073633,0.0016502680956011287
1007390,1.7763801838416917,0.0011101309554693737
1007392,1.3203238032220197,0.0008251231006360079
1007394,2.6406469021995114,0.0016502457611614707
1007396,1.440404300695976,0.0009001662015479467
1007398,1.620695211117342,0.0010128371953301827
1007400,3.740602298345808,0.0023376518389847324
1007402,1.5222564071781213,0.0009513188534423697
1007404,1.3528150810470336,0.0008454281983985249
1007406,2.6406469021995114,0.0016502457611614707
1007408,1.3391209327285494,0.0008368701779390414
1007410,1.7604309799873963,0.0011001636607006079
1007412,3.2357879399872242,0.00202217317564629
1007414,1.3203238032220197,0.0008251231006360079
1007416,1.3203238032220197,0.0008251231006360079
1007418,2.796261684455723,0.0017474956564725312
1007420,1.8784533957816163,0.0011739205841363837
1007422,1.4403526771351203,0.0009001339399220523
1007424,2.991628657227213,0.0018695882840095773
1007426,1.5964550234877122,0.0009976885335184745
1007428,1.3203238032220197,0.0008251231006360079
1007430,3.5208641398706253,0.0022003286837052236
1007432,1.3203238032220197,0.0008251231006360079
1007434,1.3203238032220197,0.0008251231006360079
1007436,2.7173438549134685,0.0016981767514823594
1007438,1.365912083721242,0.0008536130386848313
1007440,2.1208840984283897,0.0013254252169916884
1007442,2.6730774914238045,0.0016705129321924709
1007444,1.3203238032220197,0.0008251231006360079
1007446,1.5454399702361452,0.0009658071883398739
1007448,2.8816072642052823,0.0018008315194000075
1007450,1.7604806151686905,0.0011001946797086649
1007452,1.354462686323289,0.0008464578527688016
1007454,3.4219047360847576,0.002138484998171702
1007456,1.3987838812487836,0.000874155938413833
1007458,1.3276121929264788,0.0008296779065835422
1007460,3.6704048278126034,0.0022937826347775407
1007462,1.3250026770348642,0.0008280471158347929
1007464,1.3203238032220197,0.0008251231006360079
1007466,2.6406469021995114,0.0016502457611614707
1007468,1.7609173516493364,0.0011004676137860421
1007470,1.7604309799873963,0.0011001636607006079
1007472,2.677708980253113,0.0016734073346216889
1007474,1.4403526771351203,0.0009001339399220523
1007476,1.3430426957980204,0.0008393210443825191
1007478,2.6445193760567296,0.001652665824806769
1007480,1.7869740510528125,0.001116751486387346
1007482,1.5843876588875812,0.0009901471552057706
1007484,2.688908812768311,0.001680406557470654
1007486,1.3203238032220197,0.0008251231006360079
1007488,1.4114449587070186,0.0008820683516144719
1007490,4.065756847150986,0.0025408539086901405
1007492,1.4201559018823802,0.0008875121680667529
1007494,1.3980275118507612,0.0008736832529548575
1007496,3.170359447144215,0.0019812842961511087
1007498,1.3304812431685262,0.0008314708907180564
1007500,1.986695868316669,0.001241565630253614
1007502,2.6406469021995114,0.0016502457611614707
1007504,1.3203238032220197,0.0008251231006360079
1007506,1.3203238032220197,0.0008251231006360079
1007508,2.6680609281026593,0.001667377881326934
1007510,2.1785875118888463,0.0013614863857107434
1007512,1.4809863594445465,0.0009255275515918515
1007514,2.6632332184039105,0.0016643608526360316
1007516,1.3203238032220197,0.0008251231006360079
1007518,1.3714862877774108,0.0008570965815272611
1007520,3.5224986173247546,0.002201350133974907
1007522,1.408378984131756,0.000880152301595652
1007524,1.5843876588875812,0.0009901471552057706
1007526,2.8808604427151425,0.0018003648008101723
1007528,1.3203238032220197,0.0008251231006360079
1007530,1.7959208438540362,0.0011223426946946405
1007532,2.8017192157554,0.0017509062858475513
1007534,1.505993345628633,0.0009411554164591075
1007536,1.3203238032220197,0.0008251231006360079
1007538,3.3423812321263155,0.0020887875830380024
1007540,1.7604309799873963,0.0011001636607006079
1007542,1.3203238032220197,0.0008251231006360079
1007544,2.6406469021995114,0.0016502457611614707
1007546,1.3731252915345364,0.000858120860464544
1007548,1.3203238032220197,0.0008251231006360079
1007550,3.522408742949711,0.002201293967886844
1007552,1.7384842071713404,0.0010864482454435726
1007554,1.3203238032220197,0.0008251231006360079
1007556,3.1367186527105893,0.001960260819528788
1007558,1.3203238032220197,0.0008251231006360079
1007560,1.7604706830087336,0.0011001884727050498
1007562,2.732155156602198,0.0017074329257208577
1007564,1.326054951314482,0.0008287047240777093
1007566,1.6067719649400989,0.0010041360024647282
1007568,2.641004300333739,0.0016504691135360591
1007570,1.8643560745497652,0.0011651106048138108
1007572,1.3203238032220197,0.0008251231006360079
1007574,2.654216048964475,0.0016587256631554886
1007576,1.416797331178599,0.0008854132630359973
1007578,1.6063101969917926,0.001003847425223031
1007580,4.226597966663601,0.00264136995098079
1007582,1.3203238032220197,0.0008251231006360079
1007584,1.422701376512985,0.0008891029368726091
1007586,2.70610466025682,0.001691152929658414
1007588,1.3203238032220197,0.0008251231006360079
1007590,1.8781248823216354,0.0011737152829488732
1007592,2.6406469021995114,0.0016502457611614707
1007594,1.5843876588875812,0.0009901471552057706
1007596,1.3332397580926831,0.000833194796915776
1007598,2.6864387744488214,0.0016788629318298125
1007600,1.964736340157084,0.0012278422436727441
1007602,1.3436927246157064,0.0008397272733638061
1007604,2.8820633501449984,0.0018011165457275013
1007606,1.3203238032220197,0.0008251231006360079
1007608,1.6793919649776214,0.0010495191421558572
1007610,3.5208641398706253,0.0022003286837052236
1007612,1.3203238032220197,0.0008251231006360079
1007614,1.3242188182451273,0.0008275572511565449
1007616,2.708357413485244,0.0016925607651638174
1007618,1.3312366718766335,0.0008319429883023172
1007620,1.7850877672070748,0.001115572672242152
1007622,3.525621271564522,0.002203301605380818
1007624,1.463111293669634,0.0009143567087574833
1007626,1.3292815472961435,0.000830721152831316
1007628,2.6406469021995114,0.0016502457611614707
1007630,2.017895063812836,0.0012610632541412731
1007632,1.3409438611478512,0.0008380093987467715
1007634,2.738870887391365,0.00171162985423057
1007636,1.6324657289043694,0.0010201930622083097
1007638,1.3203238032220197,0.0008251231006360079
1007640,3.5323880701675585,0.002207530448207927
1007642,1.3203238032220197,0.0008251231006360079
1007644,1.4670697957640664,0.0009168305348856358
1007646,2.7962616204146538,0.001747495616450708
1007648,1.3203238032220197,0.0008251231006360079
1007650,2.113265670414138,0.001320664156917068
1007652,2.6652945852351926,0.0016656490831346601
1007654,1.3203238032220197,0.0008251231006360079
1007656,1.4405333316185884,0.0009002468381271588
1007658,2.9306293298117403,0.0018314673669656374
1007660,1.7604309799873963,0.0011001636607006079
1007662,1.3526975871509936,0.0008453547717682015
1007664,3.1697919081112746,0.0019809296183323426
1007666,1.4814091073733748,0.000925791743664259
1007668,1.3203238032220197,0.0008251231006360079
1007670,3.5208641398706253,0.0022003286837052236
1007672,1.3203238032220197,0.0008251231006360079
1007674,1.3259653219411256,0.0008286487111009901
1007676,2.7686857706767922,0.0017302623661049586
1007678,1.5977003653063666,0.000998466797380909
1007680,1.8272074816810309,0.0011418949647887552
1007682,2.8808604187376425,0.0018003647858256745
1007684,1.3981406553529898,0.0008737539608502599
1007686,1.3659120685714483,0.0008536130292171199
1007688,2.94266068850136,0.0018389862437461794
1007690,1.7604309799873963,0.0011001636607006079
1007692,1.7773520931293887,0.0011107383404177057
1007694,2.6407004956395204,0.0016502792538435583
1007696,1.3203238032220197,0.0008251231006360079
1007698,1.3543404901183733,0.0008463814874777724
1007700,3.521823991504961,0.002200928533344184
1007702,1.3203238032220197,0.0008251231006360079
1007704,1.3203238032220197,0.0008251231006360079
1007706,3.1688186867289674,0.0019803214134036613
1007708,1.440404284710975,0.000900166191558281
1007710,1.956221637019249,0.0012225210654610503
1007712,2.641478964534205,0.0016507657501610249
1007714,1.3203238032220197,0.0008251231006360079
1007716,1.3282984127940385,0.0008301067527979762
1007718,2.6406469021995114,0.0016502457611614707
1007720,2.1859811077196443,0.0013661069391703341
1007722,1.4657743303222486,0.0009160209467683034
1007724,2.677515469629374,0.0016732864021008363
1007726,1.4269224830612512,0.0008917408750168135
1007728,1.3203238032220197,0.0008251231006360079
1007730,3.5210427910527637,0.0022004403299672832
1007732,1.5114208231615762,0.0009445472640344415
1007734,1.744080458954426,0.001089945566791511
1007736,2.6667041472349355,0.0016665299747499807
1007738,1.3203238032220197,0.0008251231006360079
1007740,1.7604309799873963,0.0011001636607006079
1007742,2.6933446370131673,0.001683178681282904
1007744,1.3205461383727963,0.0008252620467555442
1007746,1.324375506915778,0.000827655172167623
1007748,3.358129635605139,0.0020986293896287822
1007750,1.8389321014953486,0.0011492221481897967
1007752,1.3344649055852433,0.0008339604405369323
1007754,2.9341182853601198,0.0018336477546955525
1007756,1.3203238032220197,0.0008251231006360079
1007758,1.3203238032220197,0.0008251231006360079
1007760,4.338413242665019,0.002711247784742185
1007762,1.5843876588875812,0.0009901471552057706
1007764,1.3203238032220197,0.0008251231006360079
1007766,2.6406469021995114,0.0016502457611614707
1007768,1.3835032840687707,0.0008646064826712542
1007770,1.7735331200785265,0.0011083517115640239
1007772,2.6645794526464432,0.001665202168205493
1007774,1.3785663197341937,0.0008615211763929499
1007776,1.7647087040617309,0.0011028369813991113
1007778,2.6689890215602703,0.001667957884012302
1007780,1.8070727411436691,0.0011293119609058087
1007782,1.3248972453439056,0.0008279812273583928
1007784,2.640789810380275,0.0016503350701937932
1007786,1.4612771701402028,0.0009132104916781119
1007788,1.3203238032220197,0.0008251231006360079
1007790,4.225749955665905,0.002640839995024467
1007792,1.3203238032220197,0.0008251231006360079
1007794,1.4083789750225582,0.0008801522959029503
1007796,2.6406469021995114,0.0016502457611614707
1007798,1.5539184381759525,0.000971105721728475
1007800,1.7608280417148536,0.0011004118004394386
1007802,2.6410488960788143,0.001650496983199063
1007804,1.5843876588875812,0.0009901471552057706
1007806,1.358193354806919,0.0008487892965700464
1007808,2.753717108170275,0.0017209078508037795
1007810,1.8216596840406054,0.001138427924370641
1007812,1.4404042793848408,0.0009001661882297669
1007814,2.835341104060153,0.00177191794727451
1007816,1.3281290836962263,0.0008300009322788931
1007818,1.5843876588875812,0.0009901471552057706
1007820,3.919774331785029,0.0024496236018340073
1007822,1.3203238032220197,0.0008251231006360079
1007824,1.3203238032220197,0.0008251231006360079
1007826,2.6406469021995114,0.0016502457611614707
1007828,1.408480197565316,0.0008802155539144554
1007830,1.7807300238135153,0.0011128493442737436
1007832,3.1724781800286843,0.0019826083769885414
1007834,1.3526975580102074,0.0008453547535569599
1007836,1.42372419636113,0.0008897421378643916
1007838,2.972673269227613,0.0018577423046507106
1007840,1.7607088900963181,0.0011003373378320905
1007842,1.4938961117845322,0.0009335953716623654
1007844,2.6406469021995114,0.0016502457611614707
1007846,1.5969463098277272,0.0009979955579826128
1007848,1.3467737068786527,0.0008416527022863196
1007850,3.521236329828137,0.002200561280081217
1007852,1.3281115355559852,0.0008299899657448878
1007854,1.3203238032220197,0.0008251231006360079
1007856,2.6418640715261965,0.001651006418907989
1007858,1.3203238032220197,0.0008251231006360079
1007860,2.2202802926543903,0.0013875418703240268
1007862,2.901094168506049,0.0018130096645331997
1007864,1.6023023573743262,0.001001342766105362
1007866,1.369281341893057,0.000855718622741399
1007868,2.7008816563660876,0.0016878888658322236
1007870,1.7604309799873963,0.0011001636607006079
1007872,1.3767962933519893,0.0008604150161820016
1007874,3.3632274361226058,0.0021018152088642843
1007876,1.3203238032220197,0.0008251231006360079
1007878,1.3203238032220197,0.0008251231006360079
1007880,3.637594165522894,0.002273277940901433
1007882,1.337745217087404,0.0008360104382656028
1007884,1.3203238032220197,0.0008251231006360079
1007886,2.9341182767805463,0.001833647749333834
1007888,1.5845821681660501,0.0009902687118258672
1007890,1.9206918396824717,0.0012003170754459125
1007892,2.64068262286387,0.001650268084431914
1007894,1.3203238032220197,0.0008251231006360079
1007896,1.4085814349055266,0.0008802788211734799
1007898,2.658886658345022,0.00166164451358031
1007900,1.7606294517528334,0.0011002876936371394
1007902,1.5843876588875812,0.0009901471552057706
1007904,2.6408374328255806,0.0016503648313627081
1007906,1.3832407082437903,0.0008644423885465167
1007908,1.4670697843246352,0.0009168305277366781
1007910,3.5217277748185936,0.0022008684036923555
1007912,1.402083417736289,0.0008762179506040157
1007914,1.330919870972661,0.0008317450067590531
1007916,3.507051528134539,0.0021916966307226533
1007918,1.3203238032220197,0.0008251231006360079
1007920,1.8095868134649238,0.001130883105153814
1007922,2.6406469021995114,0.0016502457611614707
1007924,1.3694252383769352,0.0008558085494038272
1007926,1.3203238032220197,0.0008251231006360079
1007928,2.6407897899604458,0.0016503350574326259
1007930,2.5038286343460863,0.0015647425587505372
1007932,1.3203238032220197,0.0008251231006360079
1007934,2.7321549904074556,0.0017074328218591225
1007936,1.320387307381286,0.0008251627869225606
1007938,1.3203238032220197,0.0008251231006360079
1007940,3.5773892343584963,0.0022356534738163752
1007942,1.4403526771351203,0.0009001339399220523
1007944,1.6287131612098213,0.0010178479327151383
1007946,2.6406469021995114,0.0016502457611614707
1007948,1.3410122665042374,0.0008380521479872409
1007950,1.8657772589253645,0.0011659987597161978
1007952,3.1117808956662243,0.0019446762187171234
1007954,1.3901931559051475,0.000868787250888125
1007956,1.3438179576121663,0.000839805536467212
1007958,3.214084840972805,0.002008610041884339
1007960,1.7842828943435534,0.0011150696750295394
1007962,1.3498500447752497,0.0008435752287587272
1007964,2.8645233539881563,0.0017901551012857975
1007966,1.3203238032220197,0.0008251231006360079
1007968,1.4409050199662907,0.0009004791210271397
1007970,3.5208641398706253,0.0022003286837052236
1007972,1.5843876588875812,0.0009901471552057706
1007974,1.4670261257348909,0.0009168032437394864
1007976,2.6406469021995114,0.0016502457611614707
1007978,1.3203238032220197,0.0008251231006360079
1007980,1.7817664494095455,0.0011134970480410225
1007982,2.73988645503524,0.0017122645230301286
1007984,1.340441103795363,0.0008376952055885929
1007986,1.5843876588875812,0.0009901471552057706
1007988,2.7966434621016694,0.0017477342445781216
1007990,1.7604309799873963,0.0011001636607006079
1007992,1.330218738224234,0.0008313068408894932
1007994,2.880860370804909,0.0018003647558705942
1007996,1.5196931348899516,0.0009497169621691626
1007998,1.4765073878737884,0.0009227284632916136
1008000,4.225072448920266,0.0026404165939880706
1008002,1.3203238032220197,0.0008251231006360079
1008004,1.3203238032220197,0.0008251231006360079
1008006,2.705798419109799,0.0016909615473292038
1008008,1.3203238032220197,0.0008251231006360079
1008010,1.7604309799873963,0.0011001636607006079
1008012,2.6619686410158963,0.0016635705676977112
1008014,1.604619674838049,0.001002790950381188
1008016,1.3256202400824455,0.000828433055659111
1008018,2.9357503319520855,0.0018346676858223404
1008020,1.9209105067820342,0.0012004537292536813
1008022,1.3203238032220197,0.0008251231006360079
1008024,2.6746018155008526,0.0016714655432154327
1008026,1.4360787566153947,0.0008974629962168022
1008028,1.6415681326703067,0.0010258815180251802
1008030,3.5208641398706253,0.0022003286837052236
1008032,1.4215000393791546,0.0008883521732960105
1008034,1.3203238032220197,0.0008251231006360079
1008036,2.640682617760736,0.0016502680812427617
1008038,1.3240345759765408,0.0008274421108011614
1008040,2.05488324661529,0.0012841786475064265
1008042,3.1688186728342895,0.001980321404720322
1008044,1.383377629938241,0.0008645279563843408
1008046,1.4561542388995892,0.0009100089672495704
1008048,2.640694523514704,0.001650275521624133
1008050,1.7604805856224743,0.001100194661244054
1008052,1.3203238032220197,0.0008251231006360079
1008054,2.6406469021995114,0.0016502457611614707
1008056,1.623799076046616,0.0010147769245452043
1008058,1.3917894292549715,0.000869784825886512
1008060,3.601335932672777,0.0022506187224280083
1008062,1.4670261257348909,0.0009168032437394864
1008064,1.3996479227710346,0.0008746959124854798
1008066,2.816941703870558,0.0017604194269136464
1008068,1.3203238032220197,0.0008251231006360079
1008070,2.112651469745766,0.0013202803183778678
1008072,2.8888713352428237,0.0018053711276408873
1008074,1.34369262861288,0.000839727213367804
1008076,1.3299715371053005,0.0008311523550328893
1008078,2.6406469021995114,0.0016502457611614707
1008080,1.7605897227437584,0.0011002628653919218
1008082,1.3408699224870244,0.0008379631915232636
1008084,3.5240446368536893,0.002202316303352635
1008086,1.3429129493507306,0.0008392399606433462
1008088,1.3203238032220197,0.0008251231006360079
1008090,3.6961570196841844,0.0023098762084549965
1008092,1.3528148842795478,0.0008454280754306608
1008094,1.3203238032220197,0.0008251231006360079
1008096,2.640837396530577,0.0016503648086805102
1008098,1.8018672893274903,0.0011260588660723329
1008100,1.8810133920090883,0.0011755204280683598
1008102,2.8880919412975414,0.0018048840532223403
1008104,1.3203238032220197,0.0008251231006360079
1008106,1.4670261257348909,0.0009168032437394864
1008108,2.7123130071714145,0.0016950327737114358
1008110,1.7604309799873963,0.0011001636607006079
1008112,1.5845821249369638,0.0009902686848102839
1008114,2.653665948910097,0.0016583818836512331
1008116,1.3203238032220197,0.0008251231006360079
1008118,1.3369105302513504,0.000835488809110282
1008120,3.655848732091152,0.002284685948945225
1008122,1.3203238032220197,0.0008251231006360079
1008124,1.440404263413033,0.000900166178248346
1008126,3.1942062649166982,0.001996187125421259
1008128,1.4753039339024476,0.0009219763768186724
1008130,1.7865705815262805,0.0011164993421588381
1008132,2.6406469021995114,0.0016502457611614707
1008134,1.4251356802387116,0.0008906242305379658
1008136,1.3835031715184158,0.0008646064123340403
1008138,2.6406469021995114,0.0016502457611614707
1008140,2.2427554045350773,0.0014015874657733237
1008142,1.3243898434730594,0.0008276641316551119
1008144,2.641004096077062,0.0016504689858879004
1008146,1.3203238032220197,0.0008251231006360079
1008148,1.3203238032220197,0.0008251231006360079
1008150,4.362871642753691,0.002726532816238635
1008152,1.3203238032220197,0.0008251231006360079
1008154,1.6018505239610477,0.0010010603973515566
1008156,2.7394333265590696,0.0017119813449397755
1008158,1.3271965312764495,0.0008294181430099016
1008160,1.7607088018568848,0.0011003372826877428
1008162,2.6406469021995114,0.0016502457611614707
1008164,1.3339422035650672,0.0008336337831589891
1008166,1.346394702216934,0.0008414158471293728
1008168,3.3896677239629485,0.0021183388012067784
1008170,1.7734573012071622,0.0011083043293218238
1008172,1.4677048857897401,0.0009172274280188869
1008174,2.6406469021995114,0.0016502457611614707
1008176,1.4929642404606496,0.0009330130080374126
1008178,1.4344401289121185,0.0008964389522905957
1008180,3.522768965060834,0.0022015190850774315
1008182,1.7343732211972316,0.0010838791260462323
1008184,1.3203238032220197,0.0008251231006360079
1008186,2.666301305782617,0.0016662782230301445
1008188,1.3262464234890445,0.0008288243826902218
1008190,1.80636127299435,0.001128867336031261
1008192,2.7178195437155788,0.0016984740284218323
1008194,1.4670261257348909,0.0009168032437394864
1008196,1.5843876588875812,0.0009901471552057706
1008198,2.6787158319050244,0.0016740365564496059
1008200,1.7859366170468787,0.0011161031524244255
1008202,1.5369940829877897,0.0009605290159271833
1008204,2.6406469021995114,0.0016502457611614707
1008206,1.3203238032220197,0.0008251231006360079
1008208,1.3439598782808664,0.000839894228363788
1008210,4.2257496733126265,0.0026408398185706213
1008212,1.3266643519248322,0.0008290855628688565
1008214,1.3692813220251703,0.0008557186103251628
1008216,3.1545515940443876,0.0019714053371167432
1008218,1.3345455111979905,0.0008340108142050857
1008220,1.7604309799873963,0.0011001636607006079
1008222,2.6406469021995114,0.0016502457611614707
1008224,1.586873944376304,0.000991700934351852
1008226,1.325190343384184,0.0008281643960350422
1008228,3.0287741276568907,0.0018928019726977036
1008230,1.7604309799873963,0.0011001636607006079
1008232,1.3292542121954567,0.000830704070034672
1008234,2.6407004669323375,0.0016502792359032927
1008236,1.4084801429433105,0.0008802155197789815
1008238,1.7606940104545,0.0011003280389493744
1008240,3.52163151830348,0.0022008082491499522
1008242,1.3203238032220197,0.0008251231006360079
1008244,1.4044758857299573,0.0008777130994487844
1008246,2.6573593378978053,0.0016606900300059045
1008248,1.3203238032220197,0.0008251231006360079
1008250,1.8276251891256807,0.0011421560068611977
1008252,3.1695532401085944,0.001980780465161042
1008254,1.5348664628689863,0.000959199381101909
1008256,1.3205460254406594,0.0008252619761797393
1008258,2.6406469021995114,0.0016502457611614707
1008260,1.9564125807703376,0.0012226403938406197
1008262,1.325399875868626,0.0008282953412568317
1008264,2.707821322124195,0.0016922257402517665
1008266,1.5843876588875812,0.0009901471552057706
1008268,1.325625411751234,0.0008284362876415806
1008270,3.7613046478150336,0.002350589564369075
1008272,1.4318212356735363,0.0008948023012630369
1008274,1.3846249531806503,0.0008653074585176512
1008276,2.6802166984837044,0.0016749745079445491
1008278,1.3203238032220197,0.0008251231006360079
1008280,2.312948977034024,0.001445454233943154
1008282,2.9341182510553065,0.001833647733257104
1008284,1.3370867629435512,0.0008355989439613445
1008286,1.3203238032220197,0.0008251231006360079
1008288,2.647505810817375,0.0016545321672172728
1008290,1.7604309799873963,0.0011001636607006079
1008292,1.3981405643684792,0.0008737539039904038
1008294,3.1688186624193584,0.0019803213982116153
1008296,1.3203238032220197,0.0008251231006360079
1008298,1.3203238032220197,0.0008251231006360079
1008300,3.5218234199947127,0.002200928176184594
1008302,1.3203238032220197,0.0008251231006360079
1008304,1.56955199661294,0.0009808757570637634
1008306,3.0019302034957667,0.0018760261318903103
1008308,1.5843876588875812,0.0009901471552057706
1008310,1.7923942983699335,0.001120138815511916
1008312,2.6406469021995114,0.0016502457611614707
1008314,1.3203238032220197,0.0008251231006360079
1008316,1.3203238032220197,0.0008251231006360079
1008318,2.6597087571550695,0.0016621582759752016
1008320,1.8578954282828477,0.0011610730888144307
1008322,1.584582079027671,0.0009902686561197324
1008324,2.719687129193823,0.0016996411572100516
1008326,1.4670261257348909,0.0009168032437394864
1008328,1.3203238032220197,0.0008251231006360079
1008330,3.9317481645703327,0.002457106528378387
1008332,1.4404042527706526,0.0009001661715974973
1008334,1.3267861423256324,0.0008291616745566793
1008336,3.1698120715611418,0.0019809422192778327
1008338,1.4419664954527176,0.0009011424794718427
1008340,1.7604309799873963,0.0011001636607006079
1008342,2.689106284725502,0.0016805299655870635
1008344,1.3283667160230828,0.000830149438214989
1008346,1.3287883705347479,0.0008304129469673217
1008348,2.9343801382744394,0.0018338113970445327
1008350,2.1973858071445496,0.0013732341915370153
1008352,1.3203238032220197,0.0008251231006360079
1008354,2.7090676214542357,0.0016930046025013254
1008356,1.3379128511085228,0.0008361151994635301
1008358,1.4403526771351203,0.0009001339399220523
1008360,3.5221046621211918,0.002201103935626985
1008362,1.3203238032220197,0.0008251231006360079
1008364,1.5843876588875812,0.0009901471552057706
1008366,2.76673514514405,0.001729043342268663
1008368,1.4599458039693023,0.0009123784677606952
1008370,1.9981867906028503,0.001248746766731502
1008372,2.817283208300252,0.001760632846677209
1008374,1.3203238032220197,0.0008251231006360079
1008376,1.3203238032220197,0.0008251231006360079
1008378,3.2526756327355866,0.002032726969624034
1008380,1.7789648138848362,0.0011117461940570537
1008382,1.3250456656927516,0.0008280739811647988
1008384,2.9098866482496413,0.0018185044364449137
1008386,1.3241267444092033,0.000827499710537494
1008388,1.3694251456601314,0.0008558084914613919
1008390,3.5208641398706253,0.0022003286837052236
1008392,1.761535564702984,0.0011008539598251232
1008394,1.3203238032220197,0.0008251231006360079
1008396,2.6409147115162033,0.0016504131259042927
1008398,1.3581932685682534,0.0008487892426760585
1008400,1.7612099485912989,0.0011006504693063315
1008402,2.6406469021995114,0.0016502457611614707
1008404,1.3203238032220197,0.0008251231006360079
1008406,1.7974877550286665,0.0011233219200965285
1008408,2.6406469021995114,0.0016502457611614707
1008410,1.920691723227381,0.001200317002668473
1008412,1.4104116835700997,0.000881422616694974
1008414,2.9404031313512187,0.0018375754060781454
1008416,1.3203238032220197,0.0008251231006360079
1008418,1.3203238032220197,0.0008251231006360079
1008420,4.225072448920266,0.0026404165939880706
1008422,1.3391720153602955,0.0008369021015167215
1008424,1.328471753068101,0.0008302150800613721
1008426,2.6406469021995114,0.0016502457611614707
1008428,1.343817802977186,0.0008398054398296341
1008430,1.821659357939418,0.0011384277205769792
1008432,2.717675596268473,0.0016983840699104468
1008434,1.5843876588875812,0.0009901471552057706
1008436,1.6815523106081316,0.0010508692284610058
1008438,2.6632599630467864,0.0016643775664319969
1008440,1.879086730469151,0.001174316380288694
1008442,1.3203238032220197,0.0008251231006360079
1008444,2.7966431613809957,0.0017477340566457568
1008446,1.3692813087875313,0.0008557186020524333
1008448,1.5850656143882669,0.0009905708366871268
1008450,3.56441348912862,0.0022275444121520995
1008452,1.3430423650450167,0.0008393208376817513
1008454,1.3244260386346727,0.0008276867514578493
1008456,2.6406469021995114,0.0016502457611614707
1008458,1.5375966629480027,0.0009609055922215276
1008460,1.7604309799873963,0.0011001636607006079
1008462,3.458633663537329,0.002161438372509682
1008464,1.3203238032220197,0.0008251231006360079
1008466,1.3241007864075047,0.0008274834883450321
1008468,2.6757389766858264,0.001672176200677321
1008470,1.7604309799873963,0.0011001636607006079
1008472,1.3584604948794525,0.000848956243075453
1008474,2.8169416014888404,0.00176041936293122
1008476,1.5843876588875812,0.0009901471552057706
1008478,1.3240852552027331,0.000827473782274592
1008480,3.9328567970657953,0.002457799357122283
1008482,1.3980274748938717,0.0008736832298590205
1008484,1.3868042561554774,0.0008666693920247397
1008486,2.6640915181763787,0.001664897238458817
1008488,1.440533182548363,0.0009002467449672184
1008490,2.112651411891466,0.001320280282222404
1008492,2.732752349909584,0.0017078061356806168
1008494,1.3203238032220197,0.0008251231006360079
1008496,1.3203238032220197,0.0008251231006360079
1008498,2.6406469021995114,0.0016502457611614707
1008500,1.7613875554344154,0.001100761462919208
1008502,1.4670261257348909,0.0009168032437394864
1008504,3.4427995692626188,0.002151543014316617
1008506,1.3256190599318403,0.0008284323181358426
1008508,1.4084801065531969,0.0008802154970373456
1008510,3.5208641398706253,0.0022003286837052236
1008512,1.320545969017602,0.0008252619409187163
1008514,1.462047215336602,0.0009136917236899352
1008516,2.6595580775451304,0.0016620641102662655
1008518,1.631576585995461,0.0010196374012771678
1008520,1.8654230081356318,0.0011657773742429422
1008522,2.707158057939943,0.0016918112399610685
1008524,1.4670697576559213,0.0009168305110703332
1008526,1.349849940431207,0.0008435751635499656
1008528,2.640694500847602,0.0016502755074585553
1008530,1.7604309799873963,0.0011001636607006079
1008532,1.6012748195904078,0.0010007006166870007
1008534,2.6406469021995114,0.0016502457611614707
1008536,1.3203238032220197,0.0008251231006360079
1008538,1.3203238032220197,0.0008251231006360079
1008540,3.8498930632224564,0.0024059520048727036
1008542,1.4083789499976012,0.0008801522802638547
1008544,1.3203238032220197,0.0008251231006360079
1008546,3.6851723407902517,0.002303011443700825
1008548,1.3359744773472615,0.0008349038322487754
1008550,1.8463438499391318,0.0011538540459425635
1008552,2.6406469021995114,0.0016502457611614707
1008554,1.365912015605851,0.0008536129961168018
1008556,1.3203238032220197,0.0008251231006360079
1008558,2.798789597153232,0.0017490754501246757
1008560,2.1137654273503625,0.001320976474995236
1008562,1.369281302170996,0.000855718597917496
1008564,2.6406469021995114,0.0016502457611614707
1008566,1.4403526771351203,0.0009001339399220523
1008568,1.4973196673690958,0.0009357348883417143
1008570,3.5208641398706253,0.0022003286837052236
1008572,1.3203238032220197,0.0008251231006360079
1008574,1.6126296438217729,0.001007796700052382
1008576,2.8446583478041156,0.001777740665177981
1008578,1.3203238032220197,0.0008251231006360079
1008580,1.7762797073753231,0.0011100681637108154
1008582,2.667560906262164,0.0016670653976995024
1008584,1.3314081865890801,0.0008320501746993155
1008586,1.3339474670558378,0.0008336370725246842
1008588,3.1689436016815016,0.0019803994777487103
1008590,2.006091509075108,0.0012536867411526004
1008592,1.4442561001608278,0.0009025733449393716
1008594,2.666739856882944,0.001666552291135867
1008596,1.467209147993289,0.0009169176216617554
1008598,1.3203238032220197,0.0008251231006360079
1008600,3.6111929113771266,0.002256778742274343
1008602,1.5843876588875812,0.0009901471552057706
1008604,1.3203238032220197,0.0008251231006360079
1008606,2.6700437696573256,0.0016686170382425813
1008608,1.354319629322567,0.000846368450732941
1008610,1.88324999937559,0.0011769181733795096
1008612,2.944609886386265,0.001840204375388297
1008614,1.3203238032220197,0.0008251231006360079
1008616,1.6592200438678932,0.0010369129026476197
1008618,2.9404226665589737,0.001837587614410037
1008620,1.9196811975029455,0.0011996854847658315
1008622,1.3203238032220197,0.0008251231006360079
1008624,2.6406944963167707,0.001650275504627058
1008626,1.3397046522907186,0.0008372349676170458
1008628,1.3203238032220197,0.0008251231006360079
1008630,4.227534913648727,0.002641955486589261
1008632,1.3203238032220197,0.0008251231006360079
1008634,1.5657225439300129,0.0009784825790692708
1008636,2.6406469021995114,0.0016502457611614707
1008638,1.3325383609682335,0.0008327564658270758
1008640,1.769451009668031,0.0011058006376601626
1008642,2.7667350514718643,0.0017290432837291714
1008644,1.8550573551369485,0.0011592994635050472
1008646,1.3203238032220197,0.0008251231006360079
1008648,2.640789687948766,0.001650334993681451
1008650,1.760480556111413,0.0011001946428014124
1008652,1.3203238032220197,0.0008251231006360079
1008654,2.6406469021995114,0.0016502457611614707
1008656,1.4699188987192673,0.0009186110531635685
1008658,1.5843876588875812,0.0009901471552057706
1008660,3.520923631809257,0.002200365862594786
1008662,1.325932447035816,0.000828628166259084
1008664,1.3440978046990748,0.000839980424093634
1008666,2.6407004439887247,0.0016502792215649122
1008668,1.3255964087692924,0.000828418162519297
1008670,1.9206916650448744,0.0012003169663079
1008672,3.3988345870069945,0.00212406754020213
1008674,1.3203238032220197,0.0008251231006360079
1008676,1.3203238032220197,0.0008251231006360079
1008678,3.3574328016490287,0.002098193910246307
1008680,1.7829299521495527,0.0011142241673931773
1008682,1.3543403313018907,0.0008463813882270066
1008684,2.6406825948146637,0.0016502680669028445
1008686,1.6016124738919797,0.001000911630351661
1008688,1.383686931291173,0.000864721251158501
1008690,3.5208641398706253,0.0022003286837052236
1008692,1.3203238032220197,0.0008251231006360079
1008694,1.3956826718553523,0.0008722178687492666
1008696,2.987095640010113,0.0018667554204254454
1008698,1.3203238032220197,0.0008251231006360079
1008700,2.3655466704580186,0.0014783246342028476
1008702,2.6406469021995114,0.0016502457611614707
1008704,1.3203872590247974,0.0008251627567026586
1008706,1.3203238032220197,0.0008251231006360079
1008708,2.6406469021995114,0.0016502457611614707
1008710,1.8643556479954813,0.001165110338242995
1008712,1.4085812437800744,0.000880278701731548
1008714,3.284918885606937,0.002052877066682707
1008716,1.3256687676832244,0.0008284633824958486
1008718,1.3203238032220197,0.0008251231006360079
1008720,3.5285739818057187,0.002205146871991592
1008722,1.6007865200368154,0.0010003954587850406
1008724,1.3203238032220197,0.0008251231006360079
1008726,2.6724704278939613,0.0016701335539363153
1008728,1.5844431805130832,0.000990181852888017
1008730,1.7750241164843423,0.0011092834947935633
1008732,2.6406469021995114,0.0016502457611614707
1008734,1.3832406707749085,0.0008644423651307153
1008736,1.3704210829715076,0.0008564308924818055
1008738,2.6406469021995114,0.0016502457611614707
1008740,1.8222748944884197,0.0011388123939613623
1008742,1.5843876588875812,0.0009901471552057706
1008744,2.934814691394998,0.0018340829666529512
1008746,1.4083789431790543,0.0008801522760026724
1008748,1.5265843051603287,0.000954023529820695
1008750,3.534166468468486,0.002208641840365401
1008752,1.3420347945625972,0.0008386911666279275
1008754,1.3203238032220197,0.0008251231006360079
1008756,3.1695528520878096,0.0019807802226713494
1008758,1.3203238032220197,0.0008251231006360079
1008760,1.760470635775096,0.0011001884431868626
1008762,2.6406469021995114,0.0016502457611614707
1008764,1.354462315570514,0.0008464576210705785
1008766,1.4670261257348909,0.0009168032437394864
1008768,2.7555391612515945,0.0017220465245778287
1008770,2.1126513733486996,0.0013202802581354894
1008772,1.3203238032220197,0.0008251231006360079
1008774,2.886753970569709,0.0018040479018533995
1008776,1.3203238032220197,0.0008251231006360079
1008778,1.3203238032220197,0.0008251231006360079
1008780,4.030715998311491,0.0025189554821278045
1008782,1.3736866118733706,0.0008584716519728836
1008784,1.5845819953649185,0.0009902686038355355
1008786,2.7962613006436277,0.0017474954166130168
1008788,1.4883936157600135,0.000930156642034142
1008790,1.7716925501842524,0.0011072014658936855
1008792,2.6407896675639067,0.001650334980942138
1008794,1.3692812889424906,0.0008557185896504744
1008796,1.333462829039559,0.0008333342028636948
1008798,3.168818641605108,0.0019803213852039587
1008800,1.9407522201635707,0.0012128536087585055
1008802,1.3972064550592667,0.0008731701417589955
1008804,2.6406469021995114,0.0016502457611614707
1008806,1.3203238032220197,0.0008251231006360079
1008808,1.3501622723501645,0.0008437703522459272
1008810,3.915772155963114,0.0024471224822484854
1008812,1.584715647213388,0.0009903521282159532
1008814,1.4083789409068181,0.0008801522745826612
1008816,2.6406944872576954,0.0016502754989656796
1008818,1.342912795602998,0.0008392398645602448
1008820,1.7604309799873963,0.0011001636607006079
1008822,2.653679285077449,0.001658390217955083
1008824,1.3982535444791302,0.0008738245097758808
1008826,1.8182847543972696,0.0011363187959849057
1008828,2.6409145968104273,0.00165041305422007
1008830,1.7847355321785194,0.0011153525464985994
1008832,1.4680192296043684,0.0009174238740288421
1008834,2.654676078248947,0.0016590131538366843
1008836,1.3203238032220197,0.0008251231006360079
1008838,1.3242444276644367,0.0008275732555059435
1008840,4.228413283494958,0.0026425044150030783
1008842,1.3581932039556843,0.0008487892022970824
1008844,1.3287130479630194,0.0008303658748825947
1008846,2.710372334340471,0.001693819969716173
1008848,1.408725522209976,0.0008803688670873075
1008850,1.760480546282194,0.0011001946366587408
1008852,3.0009829484815693,0.0018754341543825957
1008854,1.7606938471442781,0.0011003279368902914
1008856,1.3203238032220197,0.0008251231006360079
1008858,2.6406469021995114,0.0016502457611614707
1008860,1.7877963168010524,0.0011172653531085844
1008862,1.4156511058085635,0.0008846969410026875
1008864,2.7564008146175483,0.0017225850061951822
1008866,1.352697383374191,0.0008453546444199354
1008868,1.6021980940416898,0.0010012776077827613
1008870,3.5208641398706253,0.0022003286837052236
1008872,1.383502946664121,0.000864606271813607
1008874,1.3249965141963014,0.0008280432644307272
1008876,2.934379966907521,0.0018338112899504982
1008878,1.4403526771351203,0.0009001339399220523
1008880,1.7605895968473713,0.001100262786714239
1008882,3.4019119269897935,0.0021259906929182453
1008884,1.326210665982987,0.0008288020363959286
1008886,1.3408697370092946,0.0008379630756108191
1008888,2.669831071526832,0.0016684841146820848
1008890,1.772162508148054,0.001107495161403313
1008892,1.3203238032220197,0.0008251231006360079
1008894,2.6583206536518764,0.0016612907946317894
1008896,1.587228731915886,0.0009919226552615353
1008898,1.4709345215809855,0.0009192457564709638
1008900,3.793472649889952,0.0023706926341982714
1008902,1.349849870933336,0.0008435751201179691
1008904,1.4705323325008752,0.0009189944124445874
1008906,2.6406469021995114,0.0016502457611614707
1008908,1.346512852281206,0.0008414896838254427
1008910,2.2226316386003386,0.001389011320358067
1008912,2.640694482729451,0.0016502754961357988
1008914,1.3203238032220197,0.0008251231006360079
1008916,1.4523088016076013,0.0009076057998341808
1008918,2.767558097269873,0.0017295576379346784
1008920,1.956932042324241,0.0012229650261217102
1008922,1.3203238032220197,0.0008251231006360079
1008924,3.168943546190704,0.0019803994430702934
1008926,1.3659119929342114,0.0008536129819483883
1008928,1.3558863348641699,0.0008473475476265336
1008930,3.8605546824363652,0.002412614876724376
1008932,1.3203238032220197,0.0008251231006360079
1008934,1.324047676037632,0.0008274502975527747
1008936,2.656101488579641,0.0016599039497072656
1008938,1.6780042988808646,0.0010486519341652042
1008940,1.7924053774853037,0.0011201457392937975
1008942,2.934118208224788,0.0018336477064906014
1008944,1.3203238032220197,0.0008251231006360079
1008946,1.3203238032220197,0.0008251231006360079
1008948,2.675948908416712,0.0016723073954041656
1008950,1.87940698405656,0.001174516519551796
1008952,1.6268791642130658,0.0010167017947110917
1008954,2.6406469021995114,0.0016502457611614707
1008956,1.4404042208698424,0.0009001661516614064
1008958,1.3203238032220197,0.0008251231006360079
1008960,3.524212666748769,0.0022024213119480186
1008962,1.3309194899514143,0.0008317447686436516
1008964,1.5384682519900659,0.0009614502830398804
1008966,3.168818634671646,0.0019803213808709612
1008968,1.3695544757496088,0.0008558893150019314
1008970,1.7742295867230087,0.0011087869613987857
1008972,2.640682584625871,0.0016502680605354606
1008974,1.3267393920128845,0.000829132458418247
1008976,1.3984147907831557,0.0008739252790341635
1008978,2.6539077175678303,0.0016585329745457688
1008980,2.112755458091246,0.001320345304850007
1008982,1.4556864857785317,0.0009097166496342722
1008984,2.8178369009592696,0.0017609788713436531
1008986,1.4670261257348909,0.0009168032437394864
1008988,1.397372766269656,0.0008732740762796427
1008990,3.658101732994207,0.002286093939232402
1008992,1.3203238032220197,0.0008251231006360079
1008994,1.6032714558313095,0.0010019483944532688
1008996,2.700879918795242,0.0016878877799547743
1008998,1.324072744073126,0.000827465963569795
1009000,1.7622628209892224,0.0011013084513372762
1009002,2.6566740460009237,0.001660261763717426
1009004,1.3282346614624347,0.0008300669120435535
1009006,1.3391718686302212,0.0008369020098192352
1009008,3.8411523985648173,0.00240048961427857
1009010,1.9096300754617415,0.0011934041369909367
1009012,1.3203238032220197,0.0008251231006360079
1009014,2.868241112480413,0.0017924784771175901
1009016,1.3203238032220197,0.0008251231006360079
1009018,1.4359152432808273,0.0008973608102005505
1009020,3.58941784425587,0.0022431706327668095
1009022,1.5843876588875812,0.0009901471552057706
1009024,1.3205458562574,0.0008252618704503605
1009026,2.7398849670766268,0.001712263593145337
1009028,1.3300810976762396,0.0008312208238113664
1009030,1.9562213870108915,0.0012225209092208383
1009032,2.6406469021995114,0.0016502457611614707
1009034,1.447736760519894,0.0009047485486740351
1009036,1.5843876588875812,0.0009901471552057706
1009038,2.705797656636345,0.0016909610708290763
1009040,1.760589571692053,0.0011002627709936754
1009042,1.3203238032220197,0.0008251231006360079
1009044,2.6409145394943785,0.001650413018400981
1009046,1.3203238032220197,0.0008251231006360079
1009048,1.3203238032220197,0.0008251231006360079
1009050,4.370966583368702,0.0027315916680774204
1009052,1.680973184511451,0.0010505073094231258
1009054,1.3203238032220197,0.0008251231006360079
1009056,2.7724475526286634,0.001732613253955704
1009058,1.3265054832663952,0.0008289862794963052
1009060,1.9209100484738562,0.0012004534428385883
1009062,2.6883456927802762,0.0016800546412896206
1009064,1.632996101714029,0.0010205245133691017
1009066,1.3247349552138976,0.0008278798057715456
1009068,2.6406469021995114,0.0016502457611614707
1009070,1.7604309799873963,0.0011001636607006079
1009072,1.3203238032220197,0.0008251231006360079
1009074,2.9341181996654084,0.0018336477011415032
1009076,1.3259487981123097,0.0008286383847001226
1009078,1.5843876588875812,0.0009901471552057706
1009080,3.5221037763504426,0.0022011033820734513
1009082,1.3357963718997201,0.0008347925270380712
1009084,1.369425006744838,0.0008558084046476743
1009086,3.0767935299854794,0.0019228112159177097
1009088,1.320387234874159,0.0008251627416099597
1009090,1.9227035928610707,0.001201574300390573
1009092,3.261252343576105,0.0020380868989267682
1009094,1.3203238032220197,0.0008251231006360079
1009096,1.467200569693442,0.0009169122607394191
1009098,2.6410483796261284,0.0016504966604471438
1009100,1.7606292156876988,0.0011002875461106044
1009102,1.3832406541418114,0.0008644423547360283
1009104,2.6406944736755467,0.0016502754904776523
1009106,1.585544922626462,0.0009908703755568305
1009108,1.3203238032220197,0.0008251231006360079
1009110,3.5208641398706253,0.0022003286837052236
1009112,1.4948566136247083,0.0009341956276409357
1009114,1.3369102456481403,0.0008354886312503642
1009116,2.6406825795336557,0.0016502680573531319
1009118,1.4670261257348909,0.0009168032437394864
1009120,2.2975554958029734,0.0014358342324465889
1009122,2.6671234162903037,0.0016667919927353583
1009124,1.3528145896315598,0.0008454278912933598
1009126,1.3203238032220197,0.0008251231006360079
1009128,2.7972588081712475,0.001748118798924302
1009130,1.7604309799873963,0.0011001636607006079
1009132,1.3203238032220197,0.0008251231006360079
1009134,3.1690892312281917,0.0019804904874713373
1009136,1.3447052276170108,0.0008403600269457689
1009138,1.482905359863439,0.0009267268116308618
1009140,3.9407519153209596,0.002462733331984125
1009142,1.3904175867801571,0.0008689275067094732
1009144,1.3203238032220197,0.0008251231006360079
1009146,2.6762587309613277,0.0016725010158918341
1009148,1.6609166713376684,0.0010379731929454003
1009150,1.760480531545671,0.0011001946274492988
1009152,2.6778395393749905,0.0016734889262336836
1009154,1.4332708380259136,0.0008957082156946059
1009156,1.3203238032220197,0.0008251231006360079
1009158,2.6406469021995114,0.0016502457611614707
1009160,1.760470620055515,0.001100188433363068
1009162,1.7606937655639543,0.0011003278859074872
1009164,2.8810921620268295,0.0018005096114668232
1009166,1.3980274493507263,0.0008736832138960883
1009168,1.3203238032220197,0.0008251231006360079
1009170,3.5210425360872066,0.002200440170629119
1009172,1.3203238032220197,0.0008251231006360079
1009174,1.4044294904450323,0.0008776841051814245
1009176,3.1691933241535257,0.0019805555392996056
1009178,1.325752668017108,0.0008285158151668868
1009180,1.7604309799873963,0.0011001636607006079
1009182,2.6406469021995114,0.0016502457611614707
1009184,1.5249901394892291,0.0009530272719949593
1009186,1.3203238032220197,0.0008251231006360079
1009188,2.846423794492998,0.0017788439633555822
1009190,2.3066870136581787,0.0014415408828211509
1009192,1.3347067700620125,0.0008341115913126121
1009194,2.834409676724754,0.0017713358611157008
1009196,1.329660798282421,0.0008309581619263221
1009198,1.3203238032220197,0.0008251231006360079
1009200,3.6513154156260645,0.002281852898349069
1009202,1.32825449611215,0.0008300793075086911
1009204,1.6838415509456093,0.0010522998662187673
1009206,2.935748331308399,0.0018346664355401614
1009208,1.3203238032220197,0.0008251231006360079
1009210,1.804199875482401,0.001127516592363371
1009212,2.717341655939208,0.0016981753772554798
1009214,1.3203238032220197,0.0008251231006360079
1009216,1.441505680839685,0.0009008544980074506
1009218,3.168818624275781,0.00198032137437417
1009220,1.7604309799873963,0.0011001636607006079
1009222,1.4083789272798322,0.0008801522660666131
1009224,2.6864221789177556,0.001678852560619344
1009226,1.3463945088813207,0.0008414157263062229
1009228,1.4670697272172584,0.0009168304920479965
1009230,3.5208641398706253,0.0022003286837052236
1009232,1.5845819090794384,0.0009902685499122914
1009234,1.3203238032220197,0.0008251231006360079
1009236,2.732751577256312,0.0017078056528187142
1009238,1.3203238032220197,0.0008251231006360079
1009240,1.8459848470005236,0.0011536296906615945
1009242,3.0638549601110845,0.001914725386618485
1009244,1.328296906769974,0.0008301058116233622
1009246,1.5843876588875812,0.0009901471552057706
1009248,2.6408371790506098,0.001650364672768589
1009250,1.96138380020947,0.0012257471075024873
1009252,1.3203238032220197,0.0008251231006360079
1009254,2.6879726734573213,0.0016798215266100227
1009256,1.4525970446390502,0.0009077859344218216
1009258,1.369281262503727,0.0008557185731278346
1009260,4.273858934898075,0.002670905218430734
1009262,1.3203238032220197,0.0008251231006360079
1009264,1.3203238032220197,0.0008251231006360079
1009266,2.6406469021995114,0.0016502457611614707
1009268,1.4412925895955353,0.0009007213287745228
1009270,1.7604309799873963,0.0011001636607006079
1009272,2.934814292595373,0.0018340827174271306
1009274,1.5843876588875812,0.0009901471552057706
1009276,1.3203238032220197,0.0008251231006360079
1009278,2.7016282965483844,0.0016883554711155434
1009280,1.8870508734974203,0.001179293491489263
1009282,1.3285013175444742,0.0008302335560839616
1009284,2.663174077758531,0.001664323893283659
1009286,1.4251333781883364,0.0008906227918947037
1009288,1.6147417016038743,0.001009116609351629
1009290,3.7574246008046397,0.002348164767957758
1009292,1.3203238032220197,0.0008251231006360079
1009294,1.6007862932598937,0.001000395317063081
1009296,2.721840509383948,0.0017009868905331865
1009298,1.391395310223308,0.0008695385251558638
1009300,1.7606291763980952,0.0011002875215569612
1009302,3.1696817454408737,0.0019808607732778537
1009304,1.338294754659212,0.0008363538662520253
1009306,1.342912693228435,0.0008392398005822898
1009308,2.659348290558453,0.00166193300599586
1009310,1.7604309799873963,0.0011001636607006079
1009312,1.3203238032220197,0.0008251231006360079
1009314,2.6407004096101345,0.0016502792000803576
1009316,1.842071701153753,0.0011511842094648996
1009318,1.3980274436791738,0.0008736832103517085
1009320,3.846899570503423,0.002404081251661989
1009322,1.3203238032220197,0.0008251231006360079
1009324,1.4084799975005518,0.0008802154288859901
1009326,2.6610391927325603,0.001662989718327613
1009328,1.3312028568493763,0.0008319218559406416
1009330,2.1126512963273307,0.0013202802100017585
1009332,2.820724355580611,0.0017627833571101695
1009334,1.3203238032220197,0.0008251231006360079
1009336,1.3402008135311783,0.0008375450386012578
1009338,3.0174078563629023,0.0018856987356055
1009340,1.7807136077213748,0.0011128390852018293
1009342,1.3203238032220197,0.0008251231006360079
1009344,3.172992189471113,0.001982929602027322
1009346,1.4403526771351203,0.0009001339399220523
1009348,1.329189985572331,0.0008306639322515861
1009350,3.5224059859618233,0.002201292244934952
1009352,1.3279895651839368,0.0008299137415858409
1009354,1.3203238032220197,0.0008251231006360079
1009356,2.8081711457214538,0.0017549383546822458
1009358,1.6903879075975223,0.0010563909460624497
1009360,2.0813985982823104,0.001300749150233527
1009362,2.6406469021995114,0.0016502457611614707
1009364,1.3203238032220197,0.0008251231006360079
1009366,1.3203238032220197,0.0008251231006360079
1009368,2.641275782496113,0.0016506387735869034
1009370,1.7604309799873963,0.0011001636607006079
1009372,1.797838478534385,0.0011235411012290644
1009374,2.738870161305592,0.0017116294004705583
1009376,1.3203238032220197,0.0008251231006360079
1009378,1.3832406416749483,0.0008644423469449874
1009380,3.520923589368067,0.0022003658360715906
1009382,1.5185817585422061,0.0009490224186823396
1009384,1.3203238032220197,0.0008251231006360079
1009386,3.16908915325921,0.001980490438745405
1009388,1.3265582160176839,0.0008290192342996211
1009390,1.7730423338686403,0.0011080449996511866
1009392,2.818959710647321,0.0017616805599816737
1009394,1.4175209718379753,0.0008858654949984551
1009396,1.3315451730079702,0.000832135782986028
1009398,2.8808601554743567,0.001800364621301928
1009400,2.133447519792022,0.0013332766009967786
1009402,1.32450856267197,0.0008277383240261584
1009404,2.935209919184395,0.0018343299602906096
1009406,1.3241281491360983,0.0008275005884074592
1009408,1.3206815099288207,0.0008253466458499271
1009410,3.5208641398706253,0.0022003286837052236
1009412,1.3256965971979182,0.000828480774271561
1009414,1.5843876588875812,0.0009901471552057706
1009416,2.6688991916292517,0.0016679017456990859
1009418,1.3303438258176847,0.0008313850131247488
1009420,1.8070702837128085,0.0011293104251590728
1009422,2.7738155019649957,0.0017334681401549477
1009424,1.516155231668585,0.0009475059850826021
1009426,1.5653584059861743,0.0009782550147183547
1009428,3.239082811434341,0.0020242322724663333
1009430,1.7604309799873963,0.0011001636607006079
1009432,1.4562246239142957,0.0009100529536576252
1009434,2.7167417013938735,0.0016978004416877963
1009436,1.3203238032220197,0.0008251231006360079
1009438,1.3747869905489916,0.0008591593225749636
1009440,3.5260108052322248,0.00220354504053431
1009442,1.5843876588875812,0.0009901471552057706
1009444,1.3393265995929184,0.0008369987073803891
1009446,2.6746324831228594,0.0016714847086378068
1009448,1.4672005088532794,0.0009169122227179705
1009450,1.9217222095619975,0.0012009609947539804
1009452,2.6406469021995114,0.0016502457611614707
1009454,1.3203238032220197,0.0008251231006360079
1009456,1.5845818659654252,0.0009902685229686216
1009458,2.6406469021995114,0.0016502457611614707
1009460,1.8784520488330994,0.0011739197423744356
1009462,1.3377447874276414,0.0008360101697540492
1009464,2.6406469021995114,0.0016502457611614707
1009466,1.3498497667836205,0.0008435750550306504
1009468,1.352814491549487,0.0008454278299979536
1009470,5.207760292429926,0.003254537492524697
1009472,1.3203872107418968,0.0008251627265287449
1009474,1.3240348090432086,0.0008274422564538347
1009476,2.884761769069415,0.0018028028955337353
1009478,1.3397044442331851,0.0008372348375935798
1009480,1.7604706074888201,0.0011001884255096384
1009482,2.6406469021995114,0.0016502457611614707
1009484,1.6404369539604304,0.0010251745992510212
1009486,1.3309192997376136,0.0008317446497714472
1009488,2.640694455578071,0.0016502754791678166
1009490,1.8577038528695402,0.0011609533656839015
1009492,1.467069715813706,0.0009168304849214609
1009494,2.817571229275619,0.0017608128424931317
1009496,1.328183220383373,0.0008300347644578235
1009498,1.584581852496781,0.0009902685145515278
1009500,3.526224723433994,0.002203678726566097
1009502,1.478857876619985,0.0009241973776272778
1009504,1.3203238032220197,0.0008251231006360079
1009506,2.654159565708227,0.0016586903645117652
1009508,1.4420669400829629,0.0009012052513347358
1009510,1.774541168202822,0.001108981681115341
1009512,3.170371901029529,0.0019812920790816596
1009514,1.4670261257348909,0.0009168032437394864
1009516,1.3833773636871656,0.0008645277899934052
1009518,2.6406469021995114,0.0016502457611614707
1009520,1.7605894962739492,0.001100262723861889
1009522,1.326268572425705,0.0008288382244457431
1009524,2.6406469021995114,0.0016502457611614707
1009526,1.5843876588875812,0.0009901471552057706
1009528,1.5391631933205847,0.0009618845796449998
1009530,3.5217263881959164,0.0022008675371364395
1009532,1.3203238032220197,0.0008251231006360079
1009534,1.3203238032220197,0.0008251231006360079
1009536,2.946531465295349,0.0018414052468288566
1009538,1.3240432132977034,0.0008274475086082762
1009540,2.112755323322558,0.0013203452206276688
1009542,2.6662988021508456,0.0016662766584106133
1009544,1.3467727601941013,0.0008416521106653169
1009546,1.4478289339853618,0.0009048061515555687
1009548,2.7412837246567907,0.0017131377326471521
1009550,1.795664856921138,0.0011221827182318366
1009552,1.3203238032220197,0.0008251231006360079
1009554,3.541369271086366,0.00221314315952274
1009556,1.341011668853585,0.000838051774491468
1009558,1.4842478259835488,0.0009275657723500586
1009560,3.6194908179983996,0.0022619644356803277
1009562,1.4765056760187014,0.0009227273934849692
1009564,1.3203238032220197,0.0008251231006360079
1009566,2.6406469021995114,0.0016502457611614707
1009568,1.5847067487719766,0.0009903465672243613
1009570,1.7604309799873963,0.0011001636607006079
1009572,2.6406469021995114,0.0016502457611614707
1009574,1.3203238032220197,0.0008251231006360079
1009576,1.3352260760124157,0.0008344361263508578
1009578,2.6406469021995114,0.0016502457611614707
1009580,2.1398544327854467,0.0013372805369265398
1009582,1.630528644974653,0.0010189825010608249
1009584,2.8677358015708934,0.0017921626881395906
1009586,1.3296051099660267,0.0008309233600722767
1009588,1.3257880373817152,0.000828537918896079
1009590,3.5783317903753233,0.002236242514732876
1009592,1.3203238032220197,0.0008251231006360079
1009594,1.3203238032220197,0.0008251231006360079
1009596,3.4142546748289457,0.002133704169220465
1009598,1.3203238032220197,0.0008251231006360079
1009600,1.7632509980503621,0.001101926002667242
1009602,2.934531007072555,0.0018339056809847198
1009604,1.3203238032220197,0.0008251231006360079
1009606,1.5084372816714218,0.0009426827297442735
1009608,2.9121089172601886,0.0018198932211445122
1009610,2.112651257848692,0.0013202801859549195
1009612,1.3370861515737251,0.0008355985618919118
1009614,2.6406469021995114,0.0016502457611614707
1009616,1.3373611545129622,0.0008357704222168969
1009618,1.328177415224888,0.0008300311365823303
1009620,3.6182870202684545,0.0022612121343788994
1009622,1.4067006762497019,0.0008791034599402315
1009624,1.772471160486214,0.0011076880505822095
1009626,2.657688431935697,0.0016608956940197496
1009628,1.3289390332383504,0.0008305071021108126
1009630,1.8781242000523806,0.0011737148565715543
1009632,2.8842623754435817,0.0018024908045027473
1009634,1.3203238032220197,0.0008251231006360079
1009636,1.3203238032220197,0.0008251231006360079
1009638,3.1699128853762106,0.0019810052218590737
1009640,1.8064385661922127,0.0011289156396389994
1009642,1.3203238032220197,0.0008251231006360079
1009644,2.6406469021995114,0.0016502457611614707
1009646,1.4670261257348909,0.0009168032437394864
1009648,1.3203238032220197,0.0008251231006360079
1009650,3.61861960863723,0.0022614199821397365
1009652,1.604197399776131,0.001002527053822207
1009654,1.416983422258006,0.0008855295587871352
1009656,2.7232780353171626,0.0017018852579278848
1009658,1.4403526771351203,0.0009001339399220523
1009660,1.8647178539045024,0.0011653366951881556
1009662,2.6406469021995114,0.0016502457611614707
1009664,1.4604963123110242,0.0009127225024200258
1009666,1.6259740143427537,0.0010161361303901808
1009668,2.9343797101932876,0.0018338111295195163
1009670,1.8216587069392594,0.0011384273137409681
1009672,1.3433312507459998,0.0008395013738992631
1009674,2.6406469021995114,0.0016502457611614707
1009676,1.3203238032220197,0.0008251231006360079
1009678,1.3256181714665476,0.000828431762898381
1009680,4.232128130949101,0.0026448259716108377
1009682,1.3287877518529212,0.0008304125603283277
1009684,1.440404183702071,0.0009001661284337809
1009686,2.6406469021995114,0.0016502457611614707
1009688,1.3203238032220197,0.0008251231006360079
1009690,2.0008856833528057,0.0012504334126502478
1009692,2.640914367693402,0.001650412911035686
1009694,1.5845818147929454,0.0009902684909888944
1009696,1.3358182105626273,0.0008348061748911264
1009698,2.988135895644214,0.0018674055177365513
1009700,1.8485240312087639,0.0011552165283311695
1009702,1.3203238032220197,0.0008251231006360079
1009704,2.6406469021995114,0.0016502457611614707
1009706,1.3203238032220197,0.0008251231006360079
1009708,1.5843876588875812,0.0009901471552057706
1009710,3.8453976391652476,0.0024031426347562927
1009712,1.4673203715847094,0.0009169871297281803
1009714,1.3203238032220197,0.0008251231006360079
1009716,2.6406469021995114,0.0016502457611614707
1009718,1.324662412672742,0.0008278344710390048
1009720,1.7604705980690267,0.0011001884196228332
1009722,3.290043431545475,0.0020560796002004997
1009724,1.3203238032220197,0.0008251231006360079
1009726,1.3833536518109626,0.0008645129714945136
1009728,2.6422273378639534,0.001651233438557438
1009730,1.8114451413661468,0.001132044448512249
1009732,1.4600380528033825,0.0009124361177430863
1009734,2.934118156902084,0.001833647674416993
1009736,1.8559562955517623,0.0011598612472891068
1009738,1.32537648413362,0.0008282807228269658
1009740,3.520923568170172,0.0022003658228241787
1009742,1.3203238032220197,0.0008251231006360079
1009744,1.330980869104272,0.000831783126928791
1009746,2.7766744284486635,0.001735254797548337
1009748,1.3951335773653708,0.0008718747176623817
1009750,2.1161909082484645,0.0013224922549230774
1009752,2.6406469021995114,0.0016502457611614707
1009754,1.3203238032220197,0.0008251231006360079
1009756,1.499250981490777,0.0009369418437056143
1009758,2.6406469021995114,0.0016502457611614707
1009760,1.7607083614988956,0.00110033700749044
1009762,1.4639233785868635,0.000914864213070629
1009764,3.169552077208849,0.0019807797384185253
1009766,1.409136424544875,0.0008806256563747559
1009768,1.3333812046891635,0.0008332831925456795
1009770,3.5683503164148425,0.002230004692826544
1009772,1.3203238032220197,0.0008251231006360079
1009774,1.3980274266747614,0.0008736831997249718
1009776,2.6792149294707,0.0016743484624607715
1009778,1.8054777654253997,0.0011283151968492296
1009780,1.8266936283997333,0.0011415738373413051
1009782,2.6406469021995114,0.0016502457611614707
1009784,1.3203238032220197,0.0008251231006360079
1009786,1.3203238032220197,0.0008251231006360079
1009788,2.8810919230665553,0.0018005094621309998
1009790,1.7720284060978495,0.0011074113556738424
1009792,1.6598303962412357,0.0010372943362334899
1009794,2.8100360387492147,0.0017561038008505761
1009796,1.3203238032220197,0.0008251231006360079
1009798,1.333947121226262,0.000833636856401964
1009800,4.173098070050996,0.0026079357278993207
1009802,1.3203238032220197,0.0008251231006360079
1009804,1.3583030401943152,0.0008488578433513147
1009806,3.168818600038944,0.001980321359227602
1009808,1.3203238032220197,0.0008251231006360079
1009810,1.7604309799873963,0.0011001636607006079
1009812,2.8927011505712077,0.001807764532267016
1009814,1.4403526771351203,0.0009001339399220523
1009816,1.3203238032220197,0.0008251231006360079
1009818,2.6406469021995114,0.0016502457611614707
1009820,2.1127552559942813,0.0013203451785515383
1009822,1.4808970305417526,0.0009254717263911925
1009824,2.6985130044021357,0.0016864086005760387
1009826,1.3259638190028038,0.0008286477718547801
1009828,1.3203238032220197,0.0008251231006360079
1009830,3.615612160684438,0.0022595405077458384
1009832,1.3203238032220197,0.0008251231006360079
1009834,1.6903877291347142,0.0010563908345339102
1009836,2.640682554094364,0.0016502680414551022
1009838,1.436262336675472,0.0008975777227316285
1009840,1.9224915723505498,0.0012014418003018733
1009842,2.7001421344460166,0.0016874267090353921
1009844,1.4966079014491287,0.0009352900773783907
1009846,1.3271955940784492,0.0008294175573174237
1009848,3.169193047022756,0.0019805553661095144
1009850,1.8657738687868577,0.0011659966410831858
1009852,1.3203238032220197,0.0008251231006360079
1009854,2.640700380995016,0.0016502791821976265
1009856,1.3685110732232957,0.0008552372510721425
1009858,1.3203238032220197,0.0008251231006360079
1009860,3.5209235611075655,0.0022003658184104736
1009862,1.6166581006133285,0.0010103142436659373
1009864,1.3203238032220197,0.0008251231006360079
1009866,3.2313163517968935,0.0020193787015154977
1009868,1.4084799248967093,0.000880215383512948
1009870,1.7604309799873963,0.0011001636607006079
1009872,2.6410034847054527,0.001650468603817353
1009874,1.3203238032220197,0.0008251231006360079
1009876,1.5843876588875812,0.0009901471552057706
1009878,2.7167414171121322,0.0016978002640287773
1009880,1.7604705917916519,0.0011001884156998508
1009882,1.339171648853396,0.0008369018724719155
1009884,2.767188571993147,0.0017293267068241801
1009886,1.3203238032220197,0.0008251231006360079
1009888,1.5636848132504437,0.0009772091197462742
1009890,4.243783621061851,0.0026521099530991635
1009892,1.440404173092551,0.0009001661218034679
1009894,1.3203238032220197,0.0008251231006360079
1009896,2.7403575293400446,0.0017125589161858545
1009898,1.3526972090951515,0.0008453545355059998
1009900,1.760629058622673,0.001100287447954394
1009902,2.816941243804412,0.001760419139399929
1009904,1.6202180584104002,0.0010125390035380876
1009906,1.3203238032220197,0.0008251231006360079
1009908,2.643280803208362,0.0016518917911443336
1009910,1.9562212207018135,0.00122252080528765
1009912,1.3546358646763872,0.0008465660788413171
1009914,2.6545974739945315,0.0016589640308973203
1009916,1.3430418701147604,0.0008393205283800582
1009918,1.798070022905332,0.0011236858025582567
1009920,3.5344660423194365,0.0022088290560348923
1009922,1.3297201291486602,0.0008309952401553105
1009924,1.3203238032220197,0.0008251231006360079
1009926,2.796943551883709,0.0017479217826735657
1009928,1.3203238032220197,0.0008251231006360079
1009930,1.8446543835747191,0.0011527982309056592
1009932,3.5240388503656384,0.002202312687145042
1009934,1.3203238032220197,0.0008251231006360079
1009936,1.4583163149091665,0.0009113601349377387
1009938,2.6406469021995114,0.0016502457611614707
1009940,1.7604309799873963,0.0011001636607006079
1009942,1.3258383849099864,0.0008285693830782251
1009944,2.9163664482434197,0.0018225539223735323
1009946,1.5843876588875812,0.0009901471552057706
1009948,1.329368767832861,0.0008307756604297703
1009950,3.5212355556996013,0.0022005607962973634
1009952,1.3595889386217717,0.0008496614526591047
1009954,1.5222541222496695,0.0009513174254992816
1009956,2.6406469021995114,0.0016502457611614707
1009958,1.3408694901651448,0.0008379629213480467
1009960,2.1130442401491996,0.0013205257762968483
1009962,2.695435494482875,0.0016844853416598381
1009964,1.4232108372300878,0.0008894213192311807
1009966,1.3203238032220197,0.0008251231006360079
1009968,2.699194788170126,0.001686834674494599
1009970,2.0530289045830385,0.0012830197950767746
1009972,1.3359738059089237,0.0008349034126401297
1009974,3.2106802786580264,0.0020064823948581904
1009976,1.5400882598396008,0.0009624626906754929
1009978,1.3203238032220197,0.0008251231006360079
1009980,3.662644671194613,0.002288933002835413
1009982,1.3203238032220197,0.0008251231006360079
1009984,1.356205694608453,0.0008475471282913509
1009986,2.6406469021995114,0.0016502457611614707
1009988,1.5847152651652796,0.0009903518894588247
1009990,1.7604309799873963,0.0011001636607006079
1009992,2.6406469021995114,0.0016502457611614707
1009994,1.379251282497254,0.0008619492369925523
1009996,1.44040416778943,0.0009001661184893356
1009998,2.934530819497568,0.0018339055637616156
1010000,1.7782028794721272,0.0011112700307980398
