N,p,q
100002,11,99991
100004,13,99991
100006,3,100003
100008,5,100003
100010,7,100003
100012,23,99989
100014,11,100003
100016,13,100003
100018,29,99989
100020,17,100003
100022,3,100019
100024,5,100019
100026,7,100019
100028,37,99991
100030,11,100019
100032,13,100019
100034,31,100003
100036,17,100019
100038,19,100019
100040,37,100003
100042,23,100019
100044,41,100003
100046,3,100043
100048,5,100043
100050,7,100043
100052,3,100049
100054,5,100049
100056,7,100049
100058,67,99991
100060,3,100057
100062,5,100057
100064,7,100057
100066,17,100049
100068,11,100057
100070,13,100057
100072,3,100069
100074,5,100069
100076,7,100069
100078,29,100049
100080,11,100069
100082,13,100069
100084,41,100043
100086,17,100069
100088,19,100069
100090,41,100049
100092,23,100069
100094,37,100057
100096,47,100049
100098,29,100069
100100,31,100069
100102,53,100049
100104,47,100057
100106,3,100103
100108,5,100103
100110,7,100103
100112,3,100109
100114,5,100109
100116,7,100109
100118,61,100057
100120,11,100109
100122,13,100109
100124,67,100057
100126,17,100109
100128,19,100109
100130,61,100069
100132,3,100129
100134,5,100129
100136,7,100129
100138,29,100109
100140,11,100129
100142,13,100129
100144,41,100103
100146,17,100129
100148,19,100129
100150,41,100109
100152,23,100129
100154,3,100151
100156,3,100153
100158,5,100153
100160,7,100153
100162,11,100151
100164,11,100153
100166,13,100153
100168,17,100151
100170,17,100153
100172,3,100169
100174,5,100169
100176,7,100169
100178,109,100069
100180,11,100169
100182,13,100169
100184,31,100153
100186,3,100183
100188,5,100183
100190,7,100183
100192,3,100189
100194,5,100189
100196,3,100193
100198,5,100193
100200,7,100193
100202,13,100189
100204,11,100193
100206,13,100193
100208,19,100189
100210,3,100207
100212,5,100207
100214,7,100207
100216,3,100213
100218,5,100213
100220,7,100213
100222,29,100193
100224,11,100213
100226,13,100213
100228,59,100169
100230,17,100213
100232,19,100213
100234,41,100193
100236,23,100213
100238,31,100207
100240,3,100237
100242,5,100237
100244,7,100237
100246,53,100193
100248,11,100237
100250,13,100237
100252,59,100193
100254,17,100237
100256,19,100237
100258,89,100169
100260,23,100237
100262,73,100189
100264,71,100193
100266,29,100237
100268,31,100237
100270,3,100267
100272,5,100267
100274,3,100271
100276,5,100271
100278,7,100271
100280,13,100267
100282,3,100279
100284,5,100279
100286,7,100279
100288,17,100271
100290,11,100279
100292,13,100279
100294,3,100291
100296,5,100291
100298,7,100291
100300,3,100297
100302,5,100297
100304,7,100297
100306,113,100193
100308,11,100297
100310,13,100297
100312,41,100271
100314,17,100297
100316,3,100313
100318,5,100313
100320,7,100313
100322,31,100291
100324,11,100313
100326,13,100313
100328,31,100297
100330,17,100313
100332,19,100313
100334,37,100297
100336,3,100333
100338,5,100333
100340,7,100333
100342,29,100313
100344,11,100333
100346,3,100343
100348,5,100343
100350,7,100343
100352,19,100333
100354,11,100343
100356,13,100343
100358,61,100297
100360,3,100357
100362,5,100357
100364,3,100361
100366,3,100363
100368,5,100363
100370,7,100363
100372,11,100361
100374,11,100363
100376,13,100363
100378,17,100361
100380,17,100363
100382,3,100379
100384,5,100379
100386,7,100379
100388,31,100357
100390,11,100379
100392,13,100379
100394,3,100391
100396,3,100393
100398,5,100393
100400,7,100393
100402,11,100391
100404,11,100393
100406,3,100403
100408,5,100403
100410,7,100403
100412,19,100393
100414,3,100411
100416,5,100411
100418,7,100411
100420,3,100417
100422,5,100417
100424,7,100417
100426,23,100403
100428,11,100417
100430,13,100417
100432,29,100403
100434,17,100417
100436,19,100417
100438,47,100391
100440,23,100417
100442,31,100411
100444,41,100403
100446,29,100417
100448,31,100417
100450,3,100447
100452,5,100447
100454,7,100447
100456,53,100403
100458,11,100447
100460,13,100447
100462,3,100459
100464,5,100459
100466,7,100459
100468,89,100379
100470,11,100459
100472,3,100469
100474,5,100469
100476,7,100469
100478,19,100459
100480,11,100469
100482,13,100469
100484,37,100447
100486,3,100483
100488,5,100483
100490,7,100483
100492,23,100469
100494,11,100483
100496,3,100493
100498,5,100493
100500,7,100493
100502,19,100483
100504,3,100501
100506,5,100501
100508,7,100501
100510,17,100493
100512,11,100501
100514,3,100511
100516,5,100511
100518,7,100511
100520,3,100517
100522,3,100519
100524,5,100519
100526,3,100523
100528,5,100523
100530,7,100523
100532,13,100519
100534,11,100523
100536,13,100523
100538,19,100519
100540,3,100537
100542,5,100537
100544,7,100537
100546,23,100523
100548,11,100537
100550,3,100547
100552,3,100549
100554,5,100549
100556,7,100549
100558,11,100547
100560,11,100549
100562,3,100559
100564,5,100559
100566,7,100559
100568,19,100549
100570,11,100559
100572,13,100559
100574,37,100537
100576,17,100559
100578,19,100559
100580,31,100549
100582,23,100559
100584,37,100547
100586,37,100549
100588,29,100559
100590,31,100559
100592,43,100549
100594,3,100591
100596,5,100591
100598,7,100591
100600,41,100559
100602,11,100591
100604,13,100591
100606,47,100559
100608,17,100591
100610,19,100591
100612,3,100609
100614,5,100609
100616,3,100613
100618,5,100613
100620,7,100613
100622,13,100609
100624,3,100621
100626,5,100621
100628,7,100621
100630,17,100613
100632,11,100621
100634,13,100621
100636,23,100613
100638,17,100621
100640,19,100621
100642,29,100613
100644,23,100621
100646,37,100609
100648,89,100559
100650,29,100621
100652,3,100649
100654,5,100649
100656,7,100649
100658,37,100621
100660,11,100649
100662,13,100649
100664,43,100621
100666,17,100649
100668,19,100649
100670,61,100609
100672,3,100669
100674,5,100669
100676,3,100673
100678,5,100673
100680,7,100673
100682,13,100669
100684,11,100673
100686,13,100673
100688,19,100669
100690,17,100673
100692,19,100673
100694,73,100621
100696,3,100693
100698,5,100693
100700,7,100693
100702,3,100699
100704,5,100699
100706,3,100703
100708,5,100703
100710,7,100703
100712,13,100699
100714,11,100703
100716,13,100703
100718,19,100699
100720,17,100703
100722,19,100703
100724,31,100693
100726,23,100703
100728,29,100699
100730,31,100699
100732,29,100703
100734,31,100703
100736,3,100733
100738,5,100733
100740,7,100733
100742,43,100699
100744,3,100741
100746,5,100741
100748,7,100741
100750,3,100747
100752,5,100747
100754,7,100747
100756,23,100733
100758,11,100747
100760,13,100747
100762,29,100733
100764,17,100747
100766,19,100747
100768,251,100517
100770,23,100747
100772,3,100769
100774,5,100769
100776,7,100769
100778,31,100747
100780,11,100769
100782,13,100769
100784,37,100747
100786,17,100769
100788,19,100769
100790,3,100787
100792,5,100787
100794,7,100787
100796,97,100699
100798,11,100787
100800,13,100787
100802,3,100799
100804,3,100801
100806,5,100801
100808,7,100801
100810,11,100799
100812,11,100801
100814,3,100811
100816,5,100811
100818,7,100811
100820,19,100801
100822,11,100811
100824,13,100811
100826,3,100823
100828,5,100823
100830,7,100823
100832,3,100829
100834,5,100829
100836,7,100829
100838,37,100801
100840,11,100829
100842,13,100829
100844,43,100801
100846,17,100829
100848,19,100829
100850,3,100847
100852,5,100847
100854,7,100847
100856,3,100853
100858,5,100853
100860,7,100853
100862,61,100801
100864,11,100853
100866,13,100853
100868,67,100801
100870,17,100853
100872,19,100853
100874,73,100801
100876,23,100853
100878,31,100847
100880,79,100801
100882,29,100853
100884,31,100853
100886,139,100747
100888,41,100847
100890,37,100853
100892,151,100741
100894,41,100853
100896,43,100853
100898,97,100801
100900,47,100853
100902,73,100829
100904,103,100801
100906,53,100853
100908,61,100847
100910,3,100907
100912,5,100907
100914,7,100907
100916,3,100913
100918,5,100913
100920,7,100913
100922,181,100741
100924,11,100913
100926,13,100913
100928,127,100801
100930,3,100927
100932,5,100927
100934,3,100931
100936,5,100931
100938,7,100931
100940,3,100937
100942,5,100937
100944,7,100937
100946,3,100943
100948,5,100943
100950,7,100943
100952,151,100801
100954,11,100943
100956,13,100943
100958,31,100927
100960,3,100957
100962,5,100957
100964,7,100957
100966,23,100943
100968,11,100957
100970,13,100957
100972,29,100943
100974,17,100957
100976,19,100957
100978,41,100937
100980,23,100957
100982,181,100801
100984,3,100981
100986,5,100981
100988,7,100981
100990,3,100987
100992,5,100987
100994,7,100987
100996,53,100943
100998,11,100987
101000,13,100987
101002,3,100999
101004,5,100999
101006,7,100999
101008,71,100937
101010,11,100999
101012,3,101009
101014,5,101009
101016,7,101009
101018,19,100999
101020,11,101009
101022,13,101009
101024,3,101021
101026,5,101021
101028,7,101021
101030,3,101027
101032,5,101027
101034,7,101027
101036,37,100999
101038,11,101027
101040,13,101027
101042,43,100999
101044,17,101027
101046,19,101027
101048,61,100987
101050,23,101027
101052,31,101021
101054,3,101051
101056,5,101051
101058,7,101051
101060,61,100999
101062,11,101051
101064,13,101051
101066,3,101063
101068,5,101063
101070,7,101063
101072,73,100999
101074,11,101063
101076,13,101063
101078,79,100999
101080,17,101063
101082,19,101063
101084,3,101081
101086,5,101081
101088,7,101081
101090,103,100987
101092,3,101089
101094,5,101089
101096,7,101089
101098,17,101081
101100,11,101089
101102,13,101089
101104,23,101081
101106,17,101089
101108,19,101089
101110,3,101107
101112,5,101107
101114,3,101111
101116,3,101113
101118,5,101113
101120,3,101117
101122,3,101119
101124,5,101119
101126,7,101119
101128,11,101117
101130,11,101119
101132,13,101119
101134,17,101117
101136,17,101119
101138,19,101119
101140,23,101117
101142,23,101119
101144,3,101141
101146,5,101141
101148,7,101141
101150,31,101119
101152,3,101149
101154,5,101149
101156,7,101149
101158,17,101141
101160,11,101149
101162,3,101159
101164,3,101161
101166,5,101161
101168,7,101161
101170,11,101159
101172,11,101161
101174,13,101161
101176,3,101173
101178,5,101173
101180,7,101173
101182,23,101159
101184,11,101173
101186,3,101183
101188,5,101183
101190,7,101183
101192,19,101173
101194,11,101183
101196,13,101183
101198,37,101161
101200,3,101197
101202,5,101197
101204,7,101197
101206,3,101203
101208,5,101203
101210,3,101207
101212,3,101209
101214,5,101209
101216,7,101209
101218,11,101207
101220,11,101209
101222,13,101209
101224,3,101221
101226,5,101221
101228,7,101221
101230,23,101207
101232,11,101221
101234,13,101221
101236,29,101207
101238,17,101221
101240,19,101221
101242,59,101183
101244,23,101221
101246,37,101209
101248,41,101207
101250,29,101221
101252,31,101221
101254,47,101207
101256,47,101209
101258,37,101221
101260,53,101207
101262,41,101221
101264,43,101221
101266,59,101207
101268,47,101221
101270,3,101267
101272,5,101267
101274,7,101267
101276,3,101273
101278,5,101273
101280,7,101273
101282,3,101279
101284,3,101281
101286,5,101281
101288,7,101281
101290,3,101287
101292,5,101287
101294,7,101287
101296,3,101293
101298,5,101293
101300,7,101293
101302,23,101279
101304,11,101293
101306,13,101293
101308,29,101279
101310,17,101293
101312,19,101293
101314,41,101273
101316,23,101293
101318,31,101287
101320,41,101279
101322,29,101293
101324,31,101293
101326,3,101323
101328,5,101323
101330,7,101323
101332,53,101279
101334,11,101323
101336,3,101333
101338,5,101333
101340,7,101333
101342,19,101323
101344,3,101341
101346,5,101341
101348,7,101341
101350,3,101347
101352,5,101347
101354,7,101347
101356,23,101333
101358,11,101347
101360,13,101347
101362,3,101359
101364,5,101359
101366,3,101363
101368,5,101363
101370,7,101363
101372,13,101359
101374,11,101363
101376,13,101363
101378,19,101359
101380,3,101377
101382,5,101377
101384,7,101377
101386,3,101383
101388,5,101383
101390,7,101383
101392,29,101363
101394,11,101383
101396,13,101383
101398,131,101267
101400,17,101383
101402,3,101399
101404,5,101399
101406,7,101399
101408,31,101377
101410,11,101399
101412,13,101399
101414,3,101411
101416,5,101411
101418,7,101411
101420,37,101383
101422,3,101419
101424,5,101419
101426,7,101419
101428,17,101411
101430,11,101419
101432,3,101429
101434,5,101429
101436,7,101429
101438,19,101419
101440,11,101429
101442,13,101429
101444,61,101383
101446,17,101429
101448,19,101429
101450,31,101419
101452,3,101449
101454,5,101449
101456,7,101449
101458,29,101429
101460,11,101449
101462,13,101449
101464,53,101411
101466,17,101449
101468,19,101449
101470,3,101467
101472,5,101467
101474,7,101467
101476,47,101429
101478,11,101467
101480,3,101477
101482,5,101477
101484,7,101477
101486,3,101483
101488,5,101483
101490,7,101483
101492,3,101489
101494,5,101489
101496,7,101489
101498,31,101467
101500,11,101489
101502,13,101489
101504,3,101501
101506,3,101503
101508,5,101503
101510,7,101503
101512,11,101501
101514,11,101503
101516,3,101513
101518,5,101513
101520,7,101513
101522,19,101503
101524,11,101513
101526,13,101513
101528,61,101467
101530,3,101527
101532,5,101527
101534,3,101531
101536,3,101533
101538,5,101533
101540,3,101537
101542,5,101537
101544,7,101537
101546,13,101533
101548,11,101537
101550,13,101537
101552,19,101533
101554,17,101537
101556,19,101537
101558,31,101527
101560,23,101537
101562,29,101533
101564,3,101561
101566,5,101561
101568,7,101561
101570,37,101533
101572,11,101561
101574,13,101561
101576,3,101573
101578,5,101573
101580,7,101573
101582,79,101503
101584,3,101581
101586,5,101581
101588,7,101581
101590,17,101573
101592,11,101581
101594,13,101581
101596,23,101573
101598,17,101581
101600,19,101581
101602,3,101599
101604,5,101599
101606,3,101603
101608,5,101603
101610,7,101603
101612,13,101599
101614,3,101611
101616,5,101611
101618,7,101611
101620,17,101603
101622,11,101611
101624,13,101611
101626,23,101603
101628,17,101611
101630,3,101627
101632,5,101627
101634,7,101627
101636,37,101599
101638,11,101627
101640,13,101627
101642,31,101611
101644,3,101641
101646,5,101641
101648,7,101641
101650,23,101627
101652,11,101641
101654,13,101641
101656,3,101653
101658,5,101653
101660,7,101653
101662,59,101603
101664,11,101653
101666,3,101663
101668,5,101663
101670,7,101663
101672,19,101653
101674,11,101663
101676,13,101663
101678,37,101641
101680,17,101663
101682,19,101663
101684,3,101681
101686,5,101681
101688,7,101681
101690,37,101653
101692,11,101681
101694,13,101681
101696,3,101693
101698,5,101693
101700,7,101693
101702,61,101641
101704,3,101701
101706,5,101701
101708,7,101701
101710,17,101693
101712,11,101701
101714,13,101701
101716,23,101693
101718,17,101701
101720,19,101701
101722,3,101719
101724,5,101719
101726,3,101723
101728,5,101723
101730,7,101723
101732,13,101719
101734,11,101723
101736,13,101723
101738,19,101719
101740,3,101737
101742,5,101737
101744,3,101741
101746,5,101741
101748,7,101741
101750,3,101747
101752,3,101749
101754,5,101749
101756,7,101749
101758,11,101747
101760,11,101749
101762,13,101749
101764,17,101747
101766,17,101749
101768,19,101749
101770,23,101747
101772,23,101749
101774,3,101771
101776,5,101771
101778,7,101771
101780,31,101749
101782,11,101771
101784,13,101771
101786,37,101749
101788,17,101771
101790,19,101771
101792,3,101789
101794,5,101789
101796,7,101789
101798,61,101737
101800,3,101797
101802,5,101797
101804,7,101797
101806,17,101789
101808,11,101797
101810,3,101807
101812,5,101807
101814,7,101807
101816,19,101797
101818,11,101807
101820,13,101807
101822,73,101749
101824,17,101807
101826,19,101807
101828,31,101797
101830,23,101807
101832,43,101789
101834,37,101797
101836,3,101833
101838,5,101833
101840,3,101837
101842,3,101839
101844,5,101839
101846,7,101839
101848,11,101837
101850,11,101839
101852,13,101839
101854,17,101837
101856,17,101839
101858,19,101839
101860,23,101837
101862,23,101839
101864,31,101833
101866,3,101863
101868,5,101863
101870,7,101863
101872,3,101869
101874,5,101869
101876,3,101873
101878,5,101873
101880,7,101873
101882,3,101879
101884,5,101879
101886,7,101879
101888,19,101869
101890,11,101879
101892,13,101879
101894,3,101891
101896,5,101891
101898,7,101891
101900,31,101869
101902,11,101891
101904,13,101891
101906,37,101869
101908,17,101891
101910,19,101891
101912,43,101869
101914,23,101891
101916,37,101879
101918,79,101839
101920,3,101917
101922,5,101917
101924,3,101921
101926,5,101921
101928,7,101921
101930,13,101917
101932,3,101929
101934,5,101929
101936,7,101929
101938,17,101921
101940,11,101929
101942,3,101939
101944,5,101939
101946,7,101939
101948,19,101929
101950,11,101939
101952,13,101939
101954,37,101917
101956,17,101939
101958,19,101939
101960,3,101957
101962,5,101957
101964,7,101957
101966,3,101963
101968,5,101963
101970,7,101963
101972,43,101929
101974,11,101963
101976,13,101963
101978,61,101917
101980,3,101977
101982,5,101977
101984,7,101977
101986,23,101963
101988,11,101977
101990,3,101987
101992,5,101987
101994,7,101987
101996,19,101977
101998,11,101987
102000,13,101987
102002,3,101999
102004,3,102001
102006,5,102001
102008,7,102001
102010,11,101999
102012,11,102001
102014,13,102001
102016,3,102013
102018,5,102013
102020,7,102013
102022,3,102019
102024,5,102019
102026,3,102023
102028,5,102023
102030,7,102023
102032,13,102019
102034,3,102031
102036,5,102031
102038,7,102031
102040,17,102023
102042,11,102031
102044,13,102031
102046,3,102043
102048,5,102043
102050,7,102043
102052,29,102023
102054,11,102043
102056,13,102043
102058,59,101999
102060,17,102043
102062,3,102059
102064,3,102061
102066,5,102061
102068,7,102061
102070,11,102059
102072,11,102061
102074,3,102071
102076,5,102071
102078,7,102071
102080,3,102077
102082,3,102079
102084,5,102079
102086,7,102079
102088,11,102077
102090,11,102079
102092,13,102079
102094,17,102077
102096,17,102079
102098,19,102079
102100,23,102077
102102,23,102079
102104,3,102101
102106,3,102103
102108,5,102103
102110,3,102107
102112,5,102107
102114,7,102107
102116,13,102103
102118,11,102107
102120,13,102107
102122,19,102103
102124,3,102121
102126,5,102121
102128,7,102121
102130,23,102107
102132,11,102121
102134,13,102121
102136,29,102107
102138,17,102121
102140,19,102121
102142,3,102139
102144,5,102139
102146,7,102139
102148,41,102107
102150,11,102139
102152,3,102149
102154,5,102149
102156,7,102149
102158,19,102139
102160,11,102149
102162,13,102149
102164,3,102161
102166,5,102161
102168,7,102161
102170,31,102139
102172,11,102161
102174,13,102161
102176,37,102139
102178,17,102161
102180,19,102161
102182,43,102139
102184,3,102181
102186,5,102181
102188,7,102181
102190,29,102161
102192,11,102181
102194,3,102191
102196,5,102191
102198,7,102191
102200,3,102197
102202,3,102199
102204,5,102199
102206,3,102203
102208,5,102203
102210,7,102203
102212,13,102199
102214,11,102203
102216,13,102203
102218,19,102199
102220,3,102217
102222,5,102217
102224,7,102217
102226,23,102203
102228,11,102217
102230,13,102217
102232,3,102229
102234,5,102229
102236,3,102233
102238,5,102233
102240,7,102233
102242,13,102229
102244,3,102241
102246,5,102241
102248,7,102241
102250,17,102233
102252,11,102241
102254,3,102251
102256,3,102253
102258,5,102253
102260,7,102253
102262,3,102259
102264,5,102259
102266,7,102259
102268,17,102251
102270,11,102259
102272,13,102259
102274,23,102251
102276,17,102259
102278,19,102259
102280,29,102251
102282,23,102259
102284,31,102253
102286,53,102233
102288,29,102259
102290,31,102259
102292,41,102251
102294,41,102253
102296,3,102293
102298,5,102293
102300,7,102293
102302,3,102299
102304,3,102301
102306,5,102301
102308,7,102301
102310,11,102299
102312,11,102301
102314,13,102301
102316,17,102299
102318,17,102301
102320,3,102317
102322,5,102317
102324,7,102317
102326,67,102259
102328,11,102317
102330,13,102317
102332,3,102329
102334,5,102329
102336,7,102329
102338,37,102301
102340,3,102337
102342,5,102337
102344,7,102337
102346,17,102329
102348,11,102337
102350,13,102337
102352,23,102329
102354,17,102337
102356,19,102337
102358,29,102329
102360,23,102337
102362,3,102359
102364,5,102359
102366,7,102359
102368,31,102337
102370,3,102367
102372,5,102367
102374,7,102367
102376,17,102359
102378,11,102367
102380,13,102367
102382,23,102359
102384,17,102367
102386,19,102367
102388,29,102359
102390,23,102367
102392,139,102253
102394,101,102293
102396,29,102367
102398,31,102367
102400,3,102397
102402,5,102397
102404,7,102397
102406,47,102359
102408,11,102397
102410,3,102407
102412,3,102409
102414,5,102409
102416,7,102409
102418,11,102407
102420,11,102409
102422,13,102409
102424,17,102407
102426,17,102409
102428,19,102409
102430,23,102407
102432,23,102409
102434,37,102397
102436,3,102433
102438,5,102433
102440,3,102437
102442,5,102437
102444,7,102437
102446,13,102433
102448,11,102437
102450,13,102437
102452,19,102433
102454,3,102451
102456,5,102451
102458,7,102451
102460,23,102437
102462,11,102451
102464,3,102461
102466,5,102461
102468,7,102461
102470,19,102451
102472,11,102461
102474,13,102461
102476,43,102433
102478,17,102461
102480,19,102461
102482,31,102451
102484,3,102481
102486,5,102481
102488,7,102481
102490,29,102461
102492,11,102481
102494,13,102481
102496,59,102437
102498,17,102481
102500,3,102497
102502,3,102499
102504,5,102499
102506,3,102503
102508,5,102503
102510,7,102503
102512,13,102499
102514,11,102503
102516,13,102503
102518,19,102499
102520,17,102503
102522,19,102503
102524,43,102481
102526,3,102523
102528,5,102523
102530,7,102523
102532,29,102503
102534,11,102523
102536,3,102533
102538,5,102533
102540,7,102533
102542,3,102539
102544,5,102539
102546,7,102539
102548,67,102481
102550,3,102547
102552,5,102547
102554,3,102551
102556,5,102551
102558,7,102551
102560,13,102547
102562,3,102559
102564,5,102559
102566,3,102563
102568,5,102563
102570,7,102563
102572,13,102559
102574,11,102563
102576,13,102563
102578,19,102559
102580,17,102563
102582,19,102563
102584,37,102547
102586,23,102563
102588,29,102559
102590,3,102587
102592,5,102587
102594,7,102587
102596,3,102593
102598,5,102593
102600,7,102593
102602,43,102559
102604,11,102593
102606,13,102593
102608,61,102547
102610,3,102607
102612,5,102607
102614,3,102611
102616,5,102611
102618,7,102611
102620,13,102607
102622,11,102611
102624,13,102611
102626,19,102607
102628,17,102611
102630,19,102611
102632,73,102559
102634,23,102611
102636,29,102607
102638,31,102607
102640,29,102611
102642,31,102611
102644,37,102607
102646,3,102643
102648,5,102643
102650,3,102647
102652,5,102647
102654,7,102647
102656,3,102653
102658,5,102653
102660,7,102653
102662,19,102643
102664,11,102653
102666,13,102653
102668,61,102607
102670,3,102667
102672,5,102667
102674,7,102667
102676,3,102673
102678,5,102673
102680,3,102677
102682,3,102679
102684,5,102679
102686,7,102679
102688,11,102677
102690,11,102679
102692,13,102679
102694,17,102677
102696,17,102679
102698,19,102679
102700,23,102677
102702,23,102679
102704,3,102701
102706,5,102701
102708,7,102701
102710,31,102679
102712,11,102701
102714,13,102701
102716,37,102679
102718,17,102701
102720,19,102701
102722,43,102679
102724,23,102701
102726,47,102679
102728,61,102667
102730,29,102701
102732,31,102701
102734,61,102673
102736,59,102677
102738,37,102701
102740,61,102679
102742,41,102701
102744,43,102701
102746,67,102679
102748,47,102701
102750,71,102679
102752,73,102679
102754,53,102701
102756,79,102677
102758,79,102679
102760,59,102701
102762,61,102701
102764,3,102761
102766,3,102763
102768,5,102763
102770,7,102763
102772,3,102769
102774,5,102769
102776,7,102769
102778,17,102761
102780,11,102769
102782,13,102769
102784,23,102761
102786,17,102769
102788,19,102769
102790,29,102761
102792,23,102769
102794,31,102763
102796,3,102793
102798,5,102793
102800,3,102797
102802,5,102797
102804,7,102797
102806,13,102793
102808,11,102797
102810,13,102797
102812,19,102793
102814,3,102811
102816,5,102811
102818,7,102811
102820,23,102797
102822,11,102811
102824,13,102811
102826,29,102797
102828,17,102811
102830,19,102811
102832,3,102829
102834,5,102829
102836,7,102829
102838,41,102797
102840,11,102829
102842,13,102829
102844,3,102841
102846,5,102841
102848,7,102841
102850,53,102797
102852,11,102841
102854,13,102841
102856,59,102797
102858,17,102841
102860,19,102841
102862,3,102859
102864,5,102859
102866,7,102859
102868,71,102797
102870,11,102859
102872,13,102859
102874,3,102871
102876,5,102871
102878,7,102871
102880,3,102877
102882,5,102877
102884,3,102881
102886,5,102881
102888,7,102881
102890,13,102877
102892,11,102881
102894,13,102881
102896,19,102877
102898,17,102881
102900,19,102881
102902,31,102871
102904,23,102881
102906,29,102877
102908,31,102877
102910,29,102881
102912,31,102881
102914,3,102911
102916,3,102913
102918,5,102913
102920,7,102913
102922,11,102911
102924,11,102913
102926,13,102913
102928,17,102911
102930,17,102913
102932,3,102929
102934,3,102931
102936,5,102931
102938,7,102931
102940,11,102929
102942,11,102931
102944,13,102931
102946,17,102929
102948,17,102931
102950,19,102931
102952,23,102929
102954,23,102931
102956,3,102953
102958,5,102953
102960,7,102953
102962,31,102931
102964,11,102953
102966,13,102953
102968,37,102931
102970,3,102967
102972,5,102967
102974,7,102967
102976,23,102953
102978,11,102967
102980,13,102967
102982,29,102953
102984,17,102967
102986,3,102983
102988,5,102983
102990,7,102983
102992,61,102931
102994,11,102983
102996,13,102983
102998,31,102967
103000,17,102983
103002,19,102983
103004,3,103001
103006,5,103001
103008,7,103001
103010,3,103007
103012,5,103007
103014,7,103007
103016,103,102913
103018,11,103007
103020,13,103007
103022,109,102913
103024,17,103007
103026,19,103007
103028,61,102967
103030,23,103007
103032,31,103001
103034,67,102967
103036,29,103007
103038,31,103007
103040,73,102967
103042,41,103001
103044,37,103007
103046,3,103043
103048,5,103043
103050,7,103043
103052,3,103049
103054,5,103049
103056,7,103049
103058,127,102931
103060,11,103049
103062,13,103049
103064,97,102967
103066,17,103049
103068,19,103049
103070,3,103067
103072,3,103069
103074,5,103069
103076,7,103069
103078,11,103067
103080,11,103069
103082,3,103079
103084,5,103079
103086,7,103079
103088,19,103069
103090,3,103087
103092,5,103087
103094,3,103091
103096,3,103093
103098,5,103093
103100,7,103093
103102,3,103099
103104,5,103099
103106,7,103099
103108,17,103091
103110,11,103099
103112,13,103099
103114,23,103091
103116,17,103099
103118,19,103099
103120,29,103091
103122,23,103099
103124,31,103093
103126,3,103123
103128,5,103123
103130,7,103123
103132,41,103091
103134,11,103123
103136,13,103123
103138,47,103091
103140,17,103123
103142,19,103123
103144,3,103141
103146,5,103141
103148,7,103141
103150,59,103091
103152,11,103141
103154,13,103141
103156,89,103067
103158,17,103141
103160,19,103141
103162,71,103091
103164,23,103141
103166,43,103123
103168,89,103079
103170,29,103141
103172,31,103141
103174,3,103171
103176,5,103171
103178,7,103171
103180,3,103177
103182,5,103177
103184,7,103177
103186,3,103183
103188,5,103183
103190,7,103183
103192,101,103091
103194,11,103183
103196,13,103183
103198,107,103091
103200,17,103183
103202,19,103183
103204,113,103091
103206,23,103183
103208,31,103177
103210,131,103079
103212,29,103183
103214,31,103183
103216,137,103079
103218,41,103177
103220,3,103217
103222,5,103217
103224,7,103217
103226,43,103183
103228,11,103217
103230,13,103217
103232,61,103171
103234,3,103231
103236,5,103231
103238,7,103231
103240,3,103237
103242,5,103237
103244,7,103237
103246,29,103217
103248,11,103237
103250,13,103237
103252,173,103079
103254,17,103237
103256,19,103237
103258,41,103217
103260,23,103237
103262,31,103231
103264,47,103217
103266,29,103237
103268,31,103237
103270,53,103217
103272,41,103231
103274,37,103237
103276,59,103217
103278,41,103237
103280,43,103237
103282,191,103091
103284,47,103237
103286,103,103183
103288,71,103217
103290,53,103237
103292,3,103289
103294,3,103291
103296,5,103291
103298,7,103291
103300,11,103289
103302,11,103291
103304,13,103291
103306,17,103289
103308,17,103291
103310,3,103307
103312,5,103307
103314,7,103307
103316,79,103237
103318,11,103307
103320,13,103307
103322,3,103319
103324,5,103319
103326,7,103319
103328,37,103291
103330,11,103319
103332,13,103319
103334,43,103291
103336,3,103333
103338,5,103333
103340,7,103333
103342,23,103319
103344,11,103333
103346,13,103333
103348,29,103319
103350,17,103333
103352,3,103349
103354,5,103349
103356,7,103349
103358,67,103291
103360,3,103357
103362,5,103357
103364,7,103357
103366,17,103349
103368,11,103357
103370,13,103357
103372,23,103349
103374,17,103357
103376,19,103357
103378,29,103349
103380,23,103357
103382,151,103231
103384,167,103217
103386,29,103357
103388,31,103357
103390,3,103387
103392,5,103387
103394,3,103391
103396,3,103393
103398,5,103393
103400,7,103393
103402,3,103399
103404,5,103399
103406,7,103399
103408,17,103391
103410,11,103399
103412,3,103409
103414,5,103409
103416,7,103409
103418,19,103399
103420,11,103409
103422,13,103409
103424,3,103421
103426,3,103423
103428,5,103423
103430,7,103423
103432,11,103421
103434,11,103423
103436,13,103423
103438,17,103421
103440,17,103423
103442,19,103423
103444,23,103421
103446,23,103423
103448,61,103387
103450,29,103421
103452,29,103423
103454,3,103451
103456,5,103451
103458,7,103451
103460,3,103457
103462,5,103457
103464,7,103457
103466,43,103423
103468,11,103457
103470,13,103457
103472,73,103399
103474,3,103471
103476,5,103471
103478,7,103471
103480,23,103457
103482,11,103471
103484,13,103471
103486,3,103483
103488,5,103483
103490,7,103483
103492,41,103451
103494,11,103483
103496,13,103483
103498,41,103457
103500,17,103483
103502,19,103483
103504,47,103457
103506,23,103483
103508,37,103471
103510,53,103457
103512,29,103483
103514,3,103511
103516,5,103511
103518,7,103511
103520,37,103483
103522,11,103511
103524,13,103511
103526,43,103483
103528,17,103511
103530,19,103511
103532,3,103529
103534,5,103529
103536,7,103529
103538,67,103471
103540,11,103529
103542,13,103529
103544,61,103483
103546,17,103529
103548,19,103529
103550,67,103483
103552,3,103549
103554,5,103549
103556,3,103553
103558,5,103553
103560,7,103553
103562,13,103549
103564,3,103561
103566,5,103561
103568,7,103561
103570,3,103567
103572,5,103567
103574,7,103567
103576,3,103573
103578,5,103573
103580,3,103577
103582,5,103577
103584,7,103577
103586,3,103583
103588,5,103583
103590,7,103583
103592,19,103573
103594,3,103591
103596,5,103591
103598,7,103591
103600,17,103583
103602,11,103591
103604,13,103591
103606,23,103583
103608,17,103591
103610,19,103591
103612,29,103583
103614,23,103591
103616,3,103613
103618,5,103613
103620,7,103613
103622,3,103619
103624,5,103619
103626,7,103619
103628,37,103591
103630,11,103619
103632,13,103619
103634,43,103591
103636,17,103619
103638,19,103619
103640,67,103573
103642,23,103619
103644,31,103613
103646,3,103643
103648,5,103643
103650,7,103643
103652,61,103591
103654,3,103651
103656,5,103651
103658,7,103651
103660,3,103657
103662,5,103657
103664,7,103657
103666,23,103643
103668,11,103657
103670,13,103657
103672,3,103669
103674,5,103669
103676,7,103669
103678,59,103619
103680,11,103669
103682,13,103669
103684,3,103681
103686,5,103681
103688,7,103681
103690,3,103687
103692,5,103687
103694,7,103687
103696,53,103643
103698,11,103687
103700,13,103687
103702,3,103699
103704,5,103699
103706,3,103703
103708,5,103703
103710,7,103703
103712,13,103699
103714,11,103703
103716,13,103703
103718,19,103699
103720,17,103703
103722,19,103703
103724,37,103687
103726,3,103723
103728,5,103723
103730,7,103723
103732,29,103703
103734,11,103723
103736,13,103723
103738,227,103511
103740,17,103723
103742,19,103723
103744,41,103703
103746,23,103723
103748,61,103687
103750,47,103703
103752,29,103723
103754,31,103723
103756,53,103703
103758,59,103699
103760,37,103723
103762,59,103703
103764,41,103723
103766,43,103723
103768,149,103619
103770,47,103723
103772,3,103769
103774,5,103769
103776,7,103769
103778,79,103699
103780,11,103769
103782,13,103769
103784,61,103723
103786,17,103769
103788,19,103769
103790,3,103787
103792,5,103787
103794,7,103787
103796,73,103723
103798,11,103787
103800,13,103787
103802,79,103723
103804,3,103801
103806,5,103801
103808,7,103801
103810,23,103787
103812,11,103801
103814,3,103811
103816,3,103813
103818,5,103813
103820,7,103813
103822,11,103811
103824,11,103813
103826,13,103813
103828,17,103811
103830,17,103813
103832,19,103813
103834,23,103811
103836,23,103813
103838,37,103801
103840,3,103837
103842,5,103837
103844,3,103841
103846,3,103843
103848,5,103843
103850,7,103843
103852,11,103841
103854,11,103843
103856,13,103843
103858,17,103841
103860,17,103843
103862,19,103843
103864,23,103841
103866,23,103843
103868,31,103837
103870,3,103867
103872,5,103867
103874,7,103867
103876,89,103787
103878,11,103867
103880,13,103867
103882,41,103841
103884,17,103867
103886,19,103867
103888,47,103841
103890,23,103867
103892,3,103889
103894,5,103889
103896,7,103889
103898,31,103867
103900,11,103889
103902,13,103889
103904,37,103867
103906,3,103903
103908,5,103903
103910,7,103903
103912,23,103889
103914,11,103903
103916,3,103913
103918,5,103913
103920,7,103913
103922,3,103919
103924,5,103919
103926,7,103919
103928,61,103867
103930,11,103919
103932,13,103919
103934,31,103903
103936,17,103919
103938,19,103919
103940,37,103903
103942,23,103919
103944,31,103913
103946,43,103903
103948,29,103919
103950,31,103919
103952,109,103843
103954,3,103951
103956,5,103951
103958,7,103951
103960,41,103919
103962,11,103951
103964,13,103951
103966,3,103963
103968,5,103963
103970,3,103967
103972,3,103969
103974,5,103969
103976,7,103969
103978,11,103967
103980,11,103969
103982,3,103979
103984,3,103981
103986,5,103981
103988,7,103981
103990,11,103979
103992,11,103981
103994,3,103991
103996,3,103993
103998,5,103993
104000,3,103997
104002,5,103997
104004,7,103997
104006,3,104003
104008,5,104003
104010,7,104003
104012,3,104009
104014,5,104009
104016,7,104009
104018,37,103981
104020,11,104009
104022,13,104009
104024,3,104021
104026,5,104021
104028,7,104021
104030,37,103993
104032,11,104021
104034,13,104021
104036,3,104033
104038,5,104033
104040,7,104033
104042,61,103981
104044,11,104033
104046,13,104033
104048,67,103981
104050,3,104047
104052,5,104047
104054,7,104047
104056,3,104053
104058,5,104053
104060,7,104053
104062,3,104059
104064,5,104059
104066,7,104059
104068,47,104021
104070,11,104059
104072,13,104059
104074,41,104033
104076,17,104059
104078,19,104059
104080,47,104033
104082,23,104059
104084,31,104053
104086,53,104033
104088,29,104059
104090,3,104087
104092,3,104089
104094,5,104089
104096,7,104089
104098,11,104087
104100,11,104089
104102,13,104089
104104,17,104087
104106,17,104089
104108,19,104089
104110,3,104107
104112,5,104107
104114,7,104107
104116,3,104113
104118,5,104113
104120,7,104113
104122,3,104119
104124,5,104119
104126,3,104123
104128,5,104123
104130,7,104123
104132,13,104119
104134,11,104123
104136,13,104123
104138,19,104119
104140,17,104123
104142,19,104123
104144,31,104113
104146,23,104123
104148,29,104119
104150,3,104147
104152,3,104149
104154,5,104149
104156,7,104149
104158,11,104147
104160,11,104149
104162,13,104149
104164,3,104161
104166,5,104161
104168,7,104161
104170,23,104147
104172,11,104161
104174,13,104161
104176,3,104173
104178,5,104173
104180,7,104173
104182,3,104179
104184,5,104179
104186,3,104183
104188,5,104183
104190,7,104183
104192,13,104179
104194,11,104183
104196,13,104183
104198,19,104179
104200,17,104183
104202,19,104183
104204,31,104173
104206,23,104183
104208,29,104179
104210,3,104207
104212,5,104207
104214,7,104207
104216,37,104179
104218,11,104207
104220,13,104207
104222,43,104179
104224,17,104207
104226,19,104207
104228,67,104161
104230,23,104207
104232,53,104179
104234,3,104231
104236,3,104233
104238,5,104233
104240,7,104233
104242,3,104239
104244,5,104239
104246,3,104243
104248,5,104243
104250,7,104243
104252,13,104239
104254,11,104243
104256,13,104243
104258,19,104239
104260,17,104243
104262,19,104243
104264,31,104233
104266,23,104243
104268,29,104239
104270,31,104239
104272,29,104243
104274,31,104243
104276,37,104239
104278,47,104231
104280,37,104243
104282,43,104239
104284,3,104281
104286,5,104281
104288,7,104281
104290,3,104287
104292,5,104287
104294,7,104287
104296,53,104243
104298,11,104287
104300,3,104297
104302,5,104297
104304,7,104297
104306,19,104287
104308,11,104297
104310,13,104297
104312,3,104309
104314,3,104311
104316,5,104311
104318,7,104311
104320,11,104309
104322,11,104311
104324,13,104311
104326,3,104323
104328,5,104323
104330,3,104327
104332,5,104327
104334,7,104327
104336,13,104323
104338,11,104327
104340,13,104327
104342,19,104323
104344,17,104327
104346,19,104327
104348,37,104311
104350,3,104347
104352,5,104347
104354,7,104347
104356,29,104327
104358,11,104347
104360,13,104347
104362,53,104309
104364,17,104347
104366,19,104347
104368,41,104327
104370,23,104347
104372,3,104369
104374,5,104369
104376,7,104369
104378,31,104347
104380,11,104369
104382,13,104369
104384,3,104381
104386,3,104383
104388,5,104383
104390,7,104383
104392,11,104381
104394,11,104383
104396,3,104393
104398,5,104393
104400,7,104393
104402,3,104399
104404,5,104399
104406,7,104399
104408,61,104347
104410,11,104399
104412,13,104399
104414,31,104383
104416,17,104399
104418,19,104399
104420,3,104417
104422,5,104417
104424,7,104417
104426,43,104383
104428,11,104417
104430,13,104417
104432,109,104323
104434,17,104417
104436,19,104417
104438,127,104311
104440,23,104417
104442,43,104399
104444,61,104383
104446,29,104417
104448,31,104417
104450,67,104383
104452,53,104399
104454,37,104417
104456,73,104383
104458,41,104417
104460,43,104417
104462,3,104459
104464,5,104459
104466,7,104459
104468,157,104311
104470,11,104459
104472,13,104459
104474,3,104471
104476,3,104473
104478,5,104473
104480,7,104473
104482,3,104479
104484,5,104479
104486,7,104479
104488,17,104471
104490,11,104479
104492,13,104479
104494,3,104491
104496,5,104491
104498,7,104491
104500,29,104471
104502,11,104491
104504,13,104491
104506,47,104459
104508,17,104491
104510,19,104491
104512,41,104471
104514,23,104491
104516,3,104513
104518,5,104513
104520,7,104513
104522,31,104491
104524,11,104513
104526,13,104513
104528,37,104491
104530,3,104527
104532,5,104527
104534,7,104527
104536,23,104513
104538,11,104527
104540,3,104537
104542,5,104537
104544,7,104537
104546,3,104543
104548,5,104543
104550,7,104543
104552,3,104549
104554,3,104551
104556,5,104551
104558,7,104551
104560,11,104549
104562,11,104551
104564,3,104561
104566,5,104561
104568,7,104561
104570,19,104551
104572,11,104561
104574,13,104561
104576,97,104479
104578,17,104561
104580,19,104561
104582,3,104579
104584,5,104579
104586,7,104579
104588,37,104551
104590,11,104579
104592,13,104579
104594,43,104551
104596,3,104593
104598,5,104593
104600,3,104597
104602,5,104597
104604,7,104597
104606,13,104593
104608,11,104597
104610,13,104597
104612,19,104593
104614,17,104597
104616,19,104597
104618,67,104551
104620,23,104597
104622,29,104593
104624,31,104593
104626,3,104623
104628,5,104623
104630,7,104623
104632,53,104579
104634,11,104623
104636,13,104623
104638,41,104597
104640,17,104623
104642,3,104639
104644,5,104639
104646,7,104639
104648,97,104551
104650,11,104639
104652,13,104639
104654,3,104651
104656,5,104651
104658,7,104651
104660,37,104623
104662,3,104659
104664,5,104659
104666,7,104659
104668,17,104651
104670,11,104659
104672,13,104659
104674,23,104651
104676,17,104659
104678,19,104659
104680,3,104677
104682,5,104677
104684,3,104681
104686,3,104683
104688,5,104683
104690,7,104683
104692,11,104681
104694,11,104683
104696,3,104693
104698,5,104693
104700,7,104693
104702,19,104683
104704,3,104701
104706,5,104701
104708,7,104701
104710,3,104707
104712,5,104707
104714,3,104711
104716,5,104711
104718,7,104711
104720,3,104717
104722,5,104717
104724,7,104717
104726,3,104723
104728,5,104723
104730,7,104723
104732,3,104729
104734,5,104729
104736,7,104729
104738,31,104707
104740,11,104729
104742,13,104729
104744,37,104707
104746,3,104743
104748,5,104743
104750,7,104743
104752,23,104729
104754,11,104743
104756,13,104743
104758,29,104729
104760,17,104743
104762,3,104759
104764,3,104761
104766,5,104761
104768,7,104761
104770,11,104759
104772,11,104761
104774,13,104761
104776,3,104773
104778,5,104773
104780,7,104773
104782,3,104779
104784,5,104779
104786,7,104779
104788,29,104759
104790,11,104779
104792,3,104789
104794,5,104789
104796,7,104789
104798,19,104779
104800,11,104789
104802,13,104789
104804,3,104801
104806,3,104803
104808,5,104803
104810,7,104803
104812,11,104801
104814,11,104803
104816,13,104803
104818,17,104801
104820,17,104803
104822,19,104803
104824,23,104801
104826,23,104803
104828,67,104761
104830,3,104827
104832,5,104827
104834,3,104831
104836,5,104831
104838,7,104831
104840,13,104827
104842,11,104831
104844,13,104831
104846,19,104827
104848,17,104831
104850,19,104831
104852,3,104849
104854,3,104851
104856,5,104851
104858,7,104851
104860,11,104849
104862,11,104851
104864,13,104851
104866,17,104849
104868,17,104851
104870,19,104851
104872,3,104869
104874,5,104869
104876,7,104869
104878,29,104849
104880,11,104869
104882,3,104879
104884,5,104879
104886,7,104879
104888,19,104869
104890,11,104879
104892,13,104879
104894,3,104891
104896,5,104891
104898,7,104891
104900,31,104869
104902,11,104891
104904,13,104891
104906,37,104869
104908,17,104891
104910,19,104891
104912,43,104869
104914,3,104911
104916,5,104911
104918,7,104911
104920,3,104917
104922,5,104917
104924,7,104917
104926,47,104879
104928,11,104917
104930,13,104917
104932,41,104891
104934,17,104917
104936,3,104933
104938,5,104933
104940,7,104933
104942,31,104911
104944,11,104933
104946,13,104933
104948,31,104917
104950,3,104947
104952,5,104947
104954,7,104947
104956,3,104953
104958,5,104953
104960,7,104953
104962,3,104959
104964,5,104959
104966,7,104959
104968,89,104879
104970,11,104959
104972,13,104959
104974,3,104971
104976,5,104971
104978,7,104971
104980,47,104933
104982,11,104971
104984,13,104971
104986,53,104933
104988,17,104971
104990,3,104987
104992,5,104987
104994,7,104987
104996,37,104959
104998,11,104987
105000,13,104987
105002,3,104999
105004,5,104999
105006,7,104999
105008,37,104971
105010,11,104999
105012,13,104999
105014,43,104971
105016,17,104999
105018,19,104999
105020,61,104959
105022,3,105019
105024,5,105019
105026,3,105023
105028,5,105023
105030,7,105023
105032,13,105019
105034,3,105031
105036,5,105031
105038,7,105031
105040,3,105037
105042,5,105037
105044,7,105037
105046,23,105023
105048,11,105037
105050,13,105037
105052,29,105023
105054,17,105037
105056,19,105037
105058,59,104999
105060,23,105037
105062,31,105031
105064,41,105023
105066,29,105037
105068,31,105037
105070,47,105023
105072,41,105031
105074,3,105071
105076,5,105071
105078,7,105071
105080,43,105037
105082,11,105071
105084,13,105071
105086,67,105019
105088,17,105071
105090,19,105071
105092,61,105031
105094,23,105071
105096,59,105037
105098,61,105037
105100,3,105097
105102,5,105097
105104,7,105097
105106,83,105023
105108,11,105097
105110,3,105107
105112,5,105107
105114,7,105107
105116,19,105097
105118,11,105107
105120,13,105107
105122,103,105019
105124,17,105107
105126,19,105107
105128,31,105097
105130,23,105107
105132,61,105071
105134,37,105097
105136,29,105107
105138,31,105107
105140,3,105137
105142,5,105137
105144,7,105137
105146,3,105143
105148,5,105143
105150,7,105143
105152,181,104971
105154,11,105143
105156,13,105143
105158,61,105097
105160,17,105143
105162,19,105143
105164,67,105097
105166,23,105143
105168,31,105137
105170,3,105167
105172,5,105167
105174,7,105167
105176,3,105173
105178,5,105173
105180,7,105173
105182,151,105031
105184,11,105173
105186,13,105173
105188,151,105037
105190,17,105173
105192,19,105173
105194,97,105097
105196,23,105173
105198,31,105167
105200,103,105097
105202,3,105199
105204,5,105199
105206,7,105199
105208,41,105167
105210,11,105199
105212,13,105199
105214,3,105211
105216,5,105211
105218,7,105211
105220,47,105173
105222,11,105211
105224,13,105211
105226,53,105173
105228,17,105211
105230,3,105227
105232,3,105229
105234,5,105229
105236,7,105229
105238,11,105227
105240,11,105229
105242,3,105239
105244,5,105239
105246,7,105239
105248,19,105229
105250,11,105239
105252,13,105239
105254,3,105251
105256,3,105253
105258,5,105253
105260,7,105253
105262,11,105251
105264,11,105253
105266,3,105263
105268,5,105263
105270,7,105263
105272,3,105269
105274,5,105269
105276,7,105269
105278,67,105211
105280,3,105277
105282,5,105277
105284,7,105277
105286,17,105269
105288,11,105277
105290,13,105277
105292,23,105269
105294,17,105277
105296,19,105277
105298,29,105269
105300,23,105277
105302,73,105229
105304,41,105263
105306,29,105277
105308,31,105277
105310,41,105269
105312,43,105269
105314,37,105277
105316,47,105269
105318,41,105277
105320,43,105277
105322,3,105319
105324,5,105319
105326,3,105323
105328,5,105323
105330,7,105323
105332,13,105319
105334,3,105331
105336,5,105331
105338,7,105331
105340,3,105337
105342,5,105337
105344,3,105341
105346,5,105341
105348,7,105341
105350,13,105337
105352,11,105341
105354,13,105341
105356,19,105337
105358,17,105341
105360,19,105341
105362,3,105359
105364,3,105361
105366,5,105361
105368,7,105361
105370,3,105367
105372,5,105367
105374,7,105367
105376,3,105373
105378,5,105373
105380,7,105373
105382,3,105379
105384,5,105379
105386,7,105379
105388,29,105359
105390,11,105379
105392,3,105389
105394,5,105389
105396,7,105389
105398,19,105379
105400,3,105397
105402,5,105397
105404,3,105401
105406,5,105401
105408,7,105401
105410,3,105407
105412,5,105407
105414,7,105407
105416,19,105397
105418,11,105407
105420,13,105407
105422,43,105379
105424,17,105407
105426,19,105407
105428,31,105397
105430,23,105407
105432,31,105401
105434,37,105397
105436,29,105407
105438,31,105407
105440,3,105437
105442,5,105437
105444,7,105437
105446,67,105379
105448,11,105437
105450,13,105437
105452,3,105449
105454,5,105449
105456,7,105449
105458,61,105397
105460,11,105449
105462,13,105449
105464,67,105397
105466,17,105449
105468,19,105449
105470,3,105467
105472,5,105467
105474,7,105467
105476,79,105397
105478,11,105467
105480,13,105467
105482,103,105379
105484,17,105467
105486,19,105467
105488,109,105379
105490,23,105467
105492,43,105449
105494,3,105491
105496,5,105491
105498,7,105491
105500,103,105397
105502,3,105499
105504,5,105499
105506,3,105503
105508,5,105503
105510,7,105503
105512,3,105509
105514,5,105509
105516,7,105509
105518,19,105499
105520,3,105517
105522,5,105517
105524,7,105517
105526,17,105509
105528,11,105517
105530,3,105527
105532,3,105529
105534,5,105529
105536,3,105533
105538,5,105533
105540,7,105533
105542,13,105529
105544,3,105541
105546,5,105541
105548,7,105541
105550,17,105533
105552,11,105541
105554,13,105541
105556,23,105533
105558,17,105541
105560,3,105557
105562,5,105557
105564,7,105557
105566,3,105563
105568,5,105563
105570,7,105563
105572,31,105541
105574,11,105563
105576,13,105563
105578,37,105541
105580,17,105563
105582,19,105563
105584,43,105541
105586,23,105563
105588,31,105557
105590,61,105529
105592,29,105563
105594,31,105563
105596,67,105529
105598,41,105557
105600,37,105563
105602,61,105541
105604,3,105601
105606,5,105601
105608,7,105601
105610,3,105607
105612,5,105607
105614,7,105607
105616,3,105613
105618,5,105613
105620,7,105613
105622,3,105619
105624,5,105619
105626,7,105619
105628,71,105557
105630,11,105619
105632,13,105619
105634,71,105563
105636,17,105619
105638,19,105619
105640,83,105557
105642,23,105619
105644,31,105613
105646,83,105563
105648,29,105619
105650,31,105619
105652,3,105649
105654,5,105649
105656,3,105653
105658,5,105653
105660,7,105653
105662,13,105649
105664,11,105653
105666,13,105653
105668,19,105649
105670,3,105667
105672,5,105667
105674,7,105667
105676,3,105673
105678,5,105673
105680,7,105673
105682,29,105653
105684,11,105673
105686,3,105683
105688,5,105683
105690,7,105683
105692,19,105673
105694,3,105691
105696,5,105691
105698,7,105691
105700,17,105683
105702,11,105691
105704,3,105701
105706,5,105701
105708,7,105701
105710,19,105691
105712,11,105701
105714,13,105701
105716,43,105673
105718,17,105701
105720,19,105701
105722,31,105691
105724,23,105701
105726,43,105683
105728,37,105691
105730,3,105727
105732,5,105727
105734,7,105727
105736,3,105733
105738,5,105733
105740,7,105733
105742,41,105701
105744,11,105733
105746,13,105733
105748,47,105701
105750,17,105733
105752,19,105733
105754,3,105751
105756,5,105751
105758,7,105751
105760,59,105701
105762,11,105751
105764,3,105761
105766,5,105761
105768,7,105761
105770,3,105767
105772,3,105769
105774,5,105769
105776,7,105769
105778,11,105767
105780,11,105769
105782,13,105769
105784,17,105767
105786,17,105769
105788,19,105769
105790,23,105767
105792,23,105769
105794,43,105751
105796,29,105767
105798,29,105769
105800,31,105769
105802,41,105761
105804,37,105767
105806,37,105769
105808,41,105767
105810,41,105769
105812,43,105769
105814,47,105767
105816,47,105769
105818,67,105751
105820,3,105817
105822,5,105817
105824,7,105817
105826,59,105767
105828,11,105817
105830,13,105817
105832,3,105829
105834,5,105829
105836,7,105829
105838,71,105767
105840,11,105829
105842,13,105829
105844,83,105761
105846,17,105829
105848,19,105829
105850,83,105767
105852,23,105829
105854,37,105817
105856,89,105767
105858,29,105829
105860,31,105829
105862,101,105761
105864,47,105817
105866,3,105863
105868,5,105863
105870,7,105863
105872,43,105829
105874,3,105871
105876,5,105871
105878,7,105871
105880,17,105863
105882,11,105871
105884,13,105871
105886,3,105883
105888,5,105883
105890,7,105883
105892,29,105863
105894,11,105883
105896,13,105883
105898,131,105767
105900,17,105883
105902,3,105899
105904,5,105899
105906,7,105899
105908,37,105871
105910,3,105907
105912,5,105907
105914,7,105907
105916,3,105913
105918,5,105913
105920,7,105913
105922,23,105899
105924,11,105913
105926,13,105913
105928,29,105899
105930,17,105913
105932,3,105929
105934,5,105929
105936,7,105929
105938,31,105907
105940,11,105929
105942,13,105929
105944,31,105913
105946,3,105943
105948,5,105943
105950,7,105943
105952,23,105929
105954,11,105943
105956,3,105953
105958,5,105953
105960,7,105953
105962,19,105943
105964,11,105953
105966,13,105953
105968,61,105907
105970,3,105967
105972,5,105967
105974,3,105971
105976,5,105971
105978,7,105971
105980,3,105977
105982,5,105977
105984,7,105977
105986,3,105983
105988,5,105983
105990,7,105983
105992,79,105913
105994,11,105983
105996,13,105983
105998,31,105967
106000,3,105997
106002,5,105997
106004,7,105997
106006,23,105983
106008,11,105997
106010,13,105997
106012,29,105983
106014,17,105997
106016,3,106013
106018,5,106013
106020,7,106013
106022,3,106019
106024,5,106019
106026,7,106019
106028,31,105997
106030,11,106019
106032,13,106019
106034,3,106031
106036,3,106033
106038,5,106033
106040,7,106033
106042,11,106031
106044,11,106033
106046,13,106033
106048,17,106031
106050,17,106033
106052,19,106033
106054,23,106031
106056,23,106033
106058,61,105997
106060,29,106031
106062,29,106033
106064,31,106033
106066,47,106019
106068,37,106031
106070,37,106033
106072,41,106031
106074,41,106033
106076,43,106033
106078,47,106031
106080,47,106033
106082,139,105943
106084,53,106031
106086,53,106033
106088,181,105907
106090,3,106087
106092,5,106087
106094,7,106087
106096,83,106013
106098,11,106087
106100,13,106087
106102,71,106031
106104,17,106087
106106,3,106103
106108,5,106103
106110,7,106103
106112,3,106109
106114,5,106109
106116,7,106109
106118,31,106087
106120,11,106109
106122,13,106109
106124,3,106121
106126,3,106123
106128,5,106123
106130,7,106123
106132,3,106129
106134,5,106129
106136,7,106129
106138,17,106121
106140,11,106129
106142,13,106129
106144,23,106121
106146,17,106129
106148,19,106129
106150,29,106121
106152,23,106129
106154,31,106123
106156,47,106109
106158,29,106129
106160,31,106129
106162,41,106121
106164,41,106123
106166,3,106163
106168,5,106163
106170,7,106163
106172,43,106129
106174,11,106163
106176,13,106163
106178,181,105997
106180,17,106163
106182,19,106163
106184,3,106181
106186,5,106181
106188,7,106181
106190,3,106187
106192,3,106189
106194,5,106189
106196,7,106189
106198,11,106187
106200,11,106189
106202,13,106189
106204,17,106187
106206,17,106189
106208,19,106189
106210,3,106207
106212,5,106207
106214,7,106207
106216,3,106213
106218,5,106213
106220,3,106217
106222,3,106219
106224,5,106219
106226,7,106219
106228,11,106217
106230,11,106219
106232,13,106219
106234,17,106217
106236,17,106219
106238,19,106219
106240,23,106217
106242,23,106219
106244,31,106213
106246,3,106243
106248,5,106243
106250,7,106243
106252,71,106181
106254,11,106243
106256,13,106243
106258,41,106217
106260,17,106243
106262,19,106243
106264,3,106261
106266,5,106261
106268,7,106261
106270,53,106217
106272,11,106261
106274,13,106261
106276,3,106273
106278,5,106273
106280,3,106277
106282,3,106279
106284,5,106279
106286,7,106279
106288,11,106277
106290,11,106279
106292,13,106279
106294,3,106291
106296,5,106291
106298,7,106291
106300,3,106297
106302,5,106297
106304,7,106297
106306,3,106303
106308,5,106303
106310,3,106307
106312,5,106307
106314,7,106307
106316,13,106303
106318,11,106307
106320,13,106307
106322,3,106319
106324,3,106321
106326,5,106321
106328,7,106321
106330,11,106319
106332,11,106321
106334,3,106331
106336,5,106331
106338,7,106331
106340,19,106321
106342,11,106331
106344,13,106331
106346,43,106303
106348,17,106331
106350,19,106331
106352,3,106349
106354,5,106349
106356,7,106349
106358,37,106321
106360,3,106357
106362,5,106357
106364,7,106357
106366,3,106363
106368,5,106363
106370,3,106367
106372,5,106367
106374,7,106367
106376,3,106373
106378,5,106373
106380,7,106373
106382,19,106363
106384,11,106373
106386,13,106373
106388,31,106357
106390,17,106373
106392,19,106373
106394,3,106391
106396,5,106391
106398,7,106391
106400,3,106397
106402,5,106397
106404,7,106397
106406,43,106363
106408,11,106397
106410,13,106397
106412,109,106303
106414,3,106411
106416,5,106411
106418,7,106411
106420,3,106417
106422,5,106417
106424,7,106417
106426,29,106397
106428,11,106417
106430,3,106427
106432,5,106427
106434,7,106427
106436,3,106433
106438,5,106433
106440,7,106433
106442,31,106411
106444,3,106441
106446,5,106441
106448,7,106441
106450,17,106433
106452,11,106441
106454,3,106451
106456,3,106453
106458,5,106453
106460,7,106453
106462,11,106451
106464,11,106453
106466,13,106453
106468,17,106451
106470,17,106453
106472,19,106453
106474,23,106451
106476,23,106453
106478,37,106441
106480,29,106451
106482,29,106453
106484,31,106453
106486,53,106433
106488,37,106451
106490,3,106487
106492,5,106487
106494,7,106487
106496,43,106453
106498,11,106487
106500,13,106487
106502,61,106441
106504,3,106501
106506,5,106501
106508,7,106501
106510,23,106487
106512,11,106501
106514,13,106501
106516,29,106487
106518,17,106501
106520,19,106501
106522,71,106451
106524,23,106501
106526,73,106453
106528,41,106487
106530,29,106501
106532,31,106501
106534,3,106531
106536,5,106531
106538,7,106531
106540,3,106537
106542,5,106537
106544,3,106541
106546,3,106543
106548,5,106543
106550,7,106543
106552,11,106541
106554,11,106543
106556,13,106543
106558,17,106541
106560,17,106543
106562,19,106543
106564,23,106541
106566,23,106543
106568,31,106537
106570,29,106541
106572,29,106543
106574,31,106543
106576,89,106487
106578,37,106541
106580,37,106543
106582,41,106541
106584,41,106543
106586,43,106543
106588,47,106541
106590,47,106543
106592,61,106531
106594,3,106591
106596,5,106591
106598,7,106591
106600,59,106541
106602,11,106591
106604,13,106591
106606,173,106433
106608,17,106591
106610,19,106591
106612,71,106541
106614,23,106591
106616,73,106543
106618,131,106487
106620,29,106591
106622,3,106619
106624,3,106621
106626,5,106621
106628,7,106621
106630,3,106627
106632,5,106627
106634,7,106627
106636,17,106619
106638,11,106627
106640,3,106637
106642,5,106637
106644,7,106637
106646,19,106627
106648,11,106637
106650,13,106637
106652,3,106649
106654,5,106649
106656,7,106649
106658,31,106627
106660,3,106657
106662,5,106657
106664,3,106661
106666,3,106663
106668,5,106663
106670,7,106663
106672,3,106669
106674,5,106669
106676,7,106669
106678,17,106661
106680,11,106669
106682,13,106669
106684,3,106681
106686,5,106681
106688,7,106681
106690,29,106661
106692,11,106681
106694,13,106681
106696,3,106693
106698,5,106693
106700,7,106693
106702,3,106699
106704,5,106699
106706,3,106703
106708,5,106703
106710,7,106703
106712,13,106699
106714,11,106703
106716,13,106703
106718,19,106699
106720,17,106703
106722,19,106703
106724,3,106721
106726,5,106721
106728,7,106721
106730,3,106727
106732,5,106727
106734,7,106727
106736,37,106699
106738,11,106727
106740,13,106727
106742,3,106739
106744,5,106739
106746,7,106739
106748,67,106681
106750,3,106747
106752,5,106747
106754,3,106751
106756,3,106753
106758,5,106753
106760,7,106753
106762,3,106759
106764,5,106759
106766,7,106759
106768,17,106751
106770,11,106759
106772,13,106759
106774,23,106751
106776,17,106759
106778,19,106759
106780,29,106751
106782,23,106759
106784,3,106781
106786,3,106783
106788,5,106783
106790,3,106787
106792,5,106787
106794,7,106787
106796,13,106783
106798,11,106787
106800,13,106787
106802,19,106783
106804,3,106801
106806,5,106801
106808,7,106801
106810,23,106787
106812,11,106801
106814,13,106801
106816,29,106787
106818,17,106801
106820,19,106801
106822,41,106781
106824,23,106801
106826,3,106823
106828,5,106823
106830,7,106823
106832,31,106801
106834,11,106823
106836,13,106823
106838,37,106801
106840,17,106823
106842,19,106823
106844,43,106801
106846,23,106823
106848,47,106801
106850,67,106783
106852,29,106823
106854,31,106823
106856,3,106853
106858,5,106853
106860,7,106853
106862,3,106859
106864,3,106861
106866,5,106861
106868,7,106861
106870,3,106867
106872,5,106867
106874,3,106871
106876,5,106871
106878,7,106871
106880,3,106877
106882,5,106877
106884,7,106877
106886,19,106867
106888,11,106877
106890,13,106877
106892,31,106861
106894,17,106877
106896,19,106877
106898,31,106867
106900,23,106877
106902,31,106871
106904,37,106867
106906,3,106903
106908,5,106903
106910,3,106907
106912,5,106907
106914,7,106907
106916,13,106903
106918,11,106907
106920,13,106907
106922,19,106903
106924,3,106921
106926,5,106921
106928,7,106921
106930,23,106907
106932,11,106921
106934,13,106921
106936,29,106907
106938,17,106921
106940,3,106937
106942,5,106937
106944,7,106937
106946,43,106903
106948,11,106937
106950,13,106937
106952,3,106949
106954,5,106949
106956,7,106949
106958,37,106921
106960,3,106957
106962,5,106957
106964,3,106961
106966,3,106963
106968,5,106963
106970,7,106963
106972,11,106961
106974,11,106963
106976,13,106963
106978,17,106961
106980,17,106963
106982,3,106979
106984,5,106979
106986,7,106979
106988,31,106957
106990,11,106979
106992,13,106979
106994,31,106963
106996,3,106993
106998,5,106993
107000,7,106993
107002,23,106979
107004,11,106993
107006,13,106993
107008,29,106979
107010,17,106993
107012,19,106993
107014,53,106961
107016,23,106993
107018,61,106957
107020,41,106979
107022,29,106993
107024,3,107021
107026,5,107021
107028,7,107021
107030,37,106993
107032,11,107021
107034,13,107021
107036,3,107033
107038,5,107033
107040,7,107033
107042,79,106963
107044,11,107033
107046,13,107033
107048,127,106921
107050,17,107033
107052,19,107033
107054,61,106993
107056,3,107053
107058,5,107053
107060,3,107057
107062,5,107057
107064,7,107057
107066,13,107053
107068,11,107057
107070,13,107057
107072,3,107069
107074,3,107071
107076,5,107071
107078,7,107071
107080,3,107077
107082,5,107077
107084,7,107077
107086,17,107069
107088,11,107077
107090,13,107077
107092,3,107089
107094,5,107089
107096,7,107089
107098,29,107069
107100,11,107089
107102,3,107099
107104,3,107101
107106,5,107101
107108,7,107101
107110,11,107099
107112,11,107101
107114,13,107101
107116,17,107099
107118,17,107101
107120,19,107101
107122,3,107119
107124,5,107119
107126,3,107123
107128,5,107123
107130,7,107123
107132,13,107119
107134,11,107123
107136,13,107123
107138,19,107119
107140,3,107137
107142,5,107137
107144,7,107137
107146,23,107123
107148,11,107137
107150,13,107137
107152,29,107123
107154,17,107137
107156,19,107137
107158,59,107099
107160,23,107137
107162,43,107119
107164,41,107123
107166,29,107137
107168,31,107137
107170,47,107123
107172,53,107119
107174,3,107171
107176,5,107171
107178,7,107171
107180,43,107137
107182,11,107171
107184,13,107171
107186,3,107183
107188,5,107183
107190,7,107183
107192,73,107119
107194,11,107183
107196,13,107183
107198,61,107137
107200,3,107197
107202,5,107197
107204,3,107201
107206,5,107201
107208,7,107201
107210,13,107197
107212,3,107209
107214,5,107209
107216,7,107209
107218,17,107201
107220,11,107209
107222,13,107209
107224,23,107201
107226,17,107209
107228,19,107209
107230,3,107227
107232,5,107227
107234,7,107227
107236,53,107183
107238,11,107227
107240,13,107227
107242,41,107201
107244,17,107227
107246,3,107243
107248,5,107243
107250,7,107243
107252,43,107209
107254,3,107251
107256,5,107251
107258,7,107251
107260,17,107243
107262,11,107251
107264,13,107251
107266,23,107243
107268,17,107251
107270,19,107251
107272,3,107269
107274,5,107269
107276,3,107273
107278,5,107273
107280,7,107273
107282,3,107279
107284,5,107279
107286,7,107279
107288,19,107269
107290,11,107279
107292,13,107279
107294,43,107251
107296,17,107279
107298,19,107279
107300,31,107269
107302,23,107279
107304,31,107273
107306,37,107269
107308,29,107279
107310,31,107279
107312,3,107309
107314,5,107309
107316,7,107309
107318,67,107251
107320,11,107309
107322,13,107309
107324,73,107251
107326,3,107323
107328,5,107323
107330,7,107323
107332,23,107309
107334,11,107323
107336,13,107323
107338,29,107309
107340,17,107323
107342,3,107339
107344,5,107339
107346,7,107339
107348,79,107269
107350,3,107347
107352,5,107347
107354,3,107351
107356,5,107351
107358,7,107351
107360,3,107357
107362,5,107357
107364,7,107357
107366,19,107347
107368,11,107357
107370,13,107357
107372,103,107269
107374,17,107357
107376,19,107357
107378,31,107347
107380,3,107377
107382,5,107377
107384,7,107377
107386,29,107357
107388,11,107377
107390,13,107377
107392,41,107351
107394,17,107377
107396,19,107377
107398,41,107357
107400,23,107377
107402,79,107323
107404,47,107357
107406,29,107377
107408,31,107377
107410,53,107357
107412,61,107351
107414,37,107377
107416,59,107357
107418,41,107377
107420,43,107377
107422,71,107351
107424,47,107377
107426,79,107347
107428,71,107357
107430,53,107377
107432,109,107323
107434,83,107351
107436,59,107377
107438,61,107377
107440,83,107357
107442,103,107339
107444,3,107441
107446,5,107441
107448,7,107441
107450,73,107377
107452,3,107449
107454,5,107449
107456,3,107453
107458,5,107453
107460,7,107453
107462,13,107449
107464,11,107453
107466,13,107453
107468,19,107449
107470,3,107467
107472,5,107467
107474,7,107467
107476,3,107473
107478,5,107473
107480,7,107473
107482,29,107453
107484,11,107473
107486,13,107473
107488,47,107441
107490,17,107473
107492,19,107473
107494,41,107453
107496,23,107473
107498,31,107467
107500,47,107453
107502,29,107473
107504,31,107473
107506,53,107453
107508,41,107467
107510,3,107507
107512,3,107509
107514,5,107509
107516,7,107509
107518,11,107507
107520,11,107509
107522,13,107509
107524,17,107507
107526,17,107509
107528,19,107509
107530,23,107507
107532,23,107509
107534,61,107473
107536,29,107507
107538,29,107509
107540,31,107509
107542,89,107453
107544,37,107507
107546,37,107509
107548,41,107507
107550,41,107509
107552,43,107509
107554,47,107507
107556,47,107509
107558,109,107449
107560,53,107507
107562,53,107509
107564,97,107467
107566,3,107563
107568,5,107563
107570,7,107563
107572,131,107441
107574,11,107563
107576,13,107563
107578,71,107507
107580,17,107563
107582,19,107563
107584,3,107581
107586,5,107581
107588,7,107581
107590,83,107507
107592,11,107581
107594,13,107581
107596,89,107507
107598,17,107581
107600,19,107581
107602,3,107599
107604,5,107599
107606,3,107603
107608,5,107603
107610,7,107603
107612,3,107609
107614,5,107609
107616,7,107609
107618,19,107599
107620,11,107609
107622,13,107609
107624,3,107621
107626,5,107621
107628,7,107621
107630,31,107599
107632,11,107621
107634,13,107621
107636,37,107599
107638,17,107621
107640,19,107621
107642,43,107599
107644,3,107641
107646,5,107641
107648,7,107641
107650,3,107647
107652,5,107647
107654,7,107647
107656,47,107609
107658,11,107647
107660,13,107647
107662,41,107621
107664,17,107647
107666,19,107647
107668,47,107621
107670,23,107647
107672,31,107641
107674,3,107671
107676,5,107671
107678,7,107671
107680,59,107621
107682,11,107671
107684,13,107671
107686,83,107603
107688,17,107671
107690,3,107687
107692,5,107687
107694,7,107687
107696,3,107693
107698,5,107693
107700,7,107693
107702,3,107699
107704,5,107699
107706,7,107699
107708,37,107671
107710,11,107699
107712,13,107699
107714,43,107671
107716,3,107713
107718,5,107713
107720,3,107717
107722,3,107719
107724,5,107719
107726,7,107719
107728,11,107717
107730,11,107719
107732,13,107719
107734,17,107717
107736,17,107719
107738,19,107719
107740,23,107717
107742,23,107719
107744,3,107741
107746,5,107741
107748,7,107741
107750,3,107747
107752,5,107747
107754,7,107747
107756,37,107719
107758,11,107747
107760,13,107747
107762,43,107719
107764,3,107761
107766,5,107761
107768,7,107761
107770,23,107747
107772,11,107761
107774,13,107761
107776,3,107773
107778,5,107773
107780,3,107777
107782,5,107777
107784,7,107777
107786,13,107773
107788,11,107777
107790,13,107777
107792,19,107773
107794,3,107791
107796,5,107791
107798,7,107791
107800,23,107777
107802,11,107791
107804,13,107791
107806,29,107777
107808,17,107791
107810,19,107791
107812,71,107741
107814,23,107791
107816,43,107773
107818,41,107777
107820,29,107791
107822,31,107791
107824,47,107777
107826,53,107773
107828,37,107791
107830,3,107827
107832,5,107827
107834,7,107827
107836,59,107777
107838,11,107827
107840,3,107837
107842,3,107839
107844,5,107839
107846,3,107843
107848,5,107843
107850,7,107843
107852,13,107839
107854,11,107843
107856,13,107843
107858,19,107839
107860,3,107857
107862,5,107857
107864,7,107857
107866,23,107843
107868,11,107857
107870,3,107867
107872,5,107867
107874,7,107867
107876,3,107873
107878,5,107873
107880,7,107873
107882,43,107839
107884,3,107881
107886,5,107881
107888,7,107881
107890,17,107873
107892,11,107881
107894,13,107881
107896,23,107873
107898,17,107881
107900,3,107897
107902,5,107897
107904,7,107897
107906,3,107903
107908,5,107903
107910,7,107903
107912,31,107881
107914,11,107903
107916,13,107903
107918,37,107881
107920,17,107903
107922,19,107903
107924,43,107881
107926,3,107923
107928,5,107923
107930,3,107927
107932,5,107927
107934,7,107927
107936,13,107923
107938,11,107927
107940,13,107927
107942,19,107923
107944,3,107941
107946,5,107941
107948,7,107941
107950,23,107927
107952,11,107941
107954,3,107951
107956,5,107951
107958,7,107951
107960,19,107941
107962,11,107951
107964,13,107951
107966,43,107923
107968,17,107951
107970,19,107951
107972,31,107941
107974,3,107971
107976,5,107971
107978,7,107971
107980,29,107951
107982,11,107971
107984,3,107981
107986,5,107981
107988,7,107981
107990,19,107971
107992,11,107981
107994,13,107981
107996,73,107923
107998,17,107981
108000,19,107981
108002,3,107999
108004,5,107999
108006,7,107999
108008,37,107971
108010,3,108007
108012,5,108007
108014,3,108011
108016,3,108013
108018,5,108013
108020,7,108013
108022,11,108011
108024,11,108013
108026,3,108023
108028,5,108023
108030,7,108023
108032,19,108013
108034,11,108023
108036,13,108023
108038,31,108007
108040,3,108037
108042,5,108037
108044,3,108041
108046,5,108041
108048,7,108041
108050,13,108037
108052,11,108041
108054,13,108041
108056,19,108037
108058,17,108041
108060,19,108041
108062,139,107923
108064,3,108061
108066,5,108061
108068,7,108061
108070,29,108041
108072,11,108061
108074,13,108061
108076,53,108023
108078,17,108061
108080,19,108061
108082,3,108079
108084,5,108079
108086,7,108079
108088,47,108041
108090,11,108079
108092,3,108089
108094,5,108089
108096,7,108089
108098,19,108079
108100,11,108089
108102,13,108089
108104,43,108061
108106,17,108089
108108,19,108089
108110,3,108107
108112,3,108109
108114,5,108109
108116,7,108109
108118,11,108107
108120,11,108109
108122,13,108109
108124,17,108107
108126,17,108109
108128,19,108109
108130,3,108127
108132,5,108127
108134,3,108131
108136,5,108131
108138,7,108131
108140,13,108127
108142,3,108139
108144,5,108139
108146,7,108139
108148,17,108131
108150,11,108139
108152,13,108139
108154,23,108131
108156,17,108139
108158,19,108139
108160,29,108131
108162,23,108139
108164,3,108161
108166,5,108161
108168,7,108161
108170,31,108139
108172,11,108161
108174,13,108161
108176,37,108139
108178,17,108161
108180,19,108161
108182,3,108179
108184,5,108179
108186,7,108179
108188,61,108127
108190,3,108187
108192,5,108187
108194,3,108191
108196,3,108193
108198,5,108193
108200,7,108193
108202,11,108191
108204,11,108193
108206,3,108203
108208,5,108203
108210,7,108203
108212,19,108193
108214,3,108211
108216,5,108211
108218,7,108211
108220,3,108217
108222,5,108217
108224,7,108217
108226,3,108223
108228,5,108223
108230,7,108223
108232,29,108203
108234,11,108223
108236,3,108233
108238,5,108233
108240,7,108233
108242,19,108223
108244,11,108233
108246,13,108233
108248,31,108217
108250,3,108247
108252,5,108247
108254,7,108247
108256,23,108233
108258,11,108247
108260,13,108247
108262,29,108233
108264,17,108247
108266,3,108263
108268,5,108263
108270,7,108263
108272,61,108211
108274,3,108271
108276,5,108271
108278,7,108271
108280,17,108263
108282,11,108271
108284,13,108271
108286,23,108263
108288,17,108271
108290,3,108287
108292,3,108289
108294,5,108289
108296,3,108293
108298,5,108293
108300,7,108293
108302,13,108289
108304,3,108301
108306,5,108301
108308,7,108301
108310,17,108293
108312,11,108301
108314,13,108301
108316,23,108293
108318,17,108301
108320,19,108301
108322,29,108293
108324,23,108301
108326,37,108289
108328,41,108287
108330,29,108301
108332,31,108301
108334,41,108293
108336,43,108293
108338,37,108301
108340,47,108293
108342,41,108301
108344,43,108301
108346,3,108343
108348,5,108343
108350,3,108347
108352,5,108347
108354,7,108347
108356,13,108343
108358,11,108347
108360,13,108347
108362,3,108359
108364,5,108359
108366,7,108359
108368,67,108301
108370,11,108359
108372,13,108359
108374,31,108343
108376,17,108359
108378,19,108359
108380,3,108377
108382,3,108379
108384,5,108379
108386,7,108379
108388,11,108377
108390,11,108379
108392,13,108379
108394,17,108377
108396,17,108379
108398,19,108379
108400,23,108377
108402,23,108379
108404,3,108401
108406,5,108401
108408,7,108401
108410,31,108379
108412,11,108401
108414,13,108401
108416,3,108413
108418,5,108413
108420,7,108413
108422,43,108379
108424,3,108421
108426,5,108421
108428,7,108421
108430,17,108413
108432,11,108421
108434,13,108421
108436,23,108413
108438,17,108421
108440,19,108421
108442,3,108439
108444,5,108439
108446,7,108439
108448,47,108401
108450,11,108439
108452,13,108439
108454,41,108413
108456,17,108439
108458,19,108439
108460,3,108457
108462,5,108457
108464,3,108461
108466,3,108463
108468,5,108463
108470,7,108463
108472,11,108461
108474,11,108463
108476,13,108463
108478,17,108461
108480,17,108463
108482,19,108463
108484,23,108461
108486,23,108463
108488,31,108457
108490,29,108461
108492,29,108463
108494,31,108463
108496,83,108413
108498,37,108461
108500,3,108497
108502,3,108499
108504,5,108499
108506,3,108503
108508,5,108503
108510,7,108503
108512,13,108499
108514,11,108503
108516,13,108503
108518,19,108499
108520,3,108517
108522,5,108517
108524,7,108517
108526,23,108503
108528,11,108517
108530,13,108517
108532,3,108529
108534,5,108529
108536,3,108533
108538,5,108533
108540,7,108533
108542,13,108529
108544,3,108541
108546,5,108541
108548,7,108541
108550,17,108533
108552,11,108541
108554,13,108541
108556,3,108553
108558,5,108553
108560,3,108557
108562,5,108557
108564,7,108557
108566,13,108553
108568,11,108557
108570,13,108557
108572,19,108553
108574,3,108571
108576,5,108571
108578,7,108571
108580,23,108557
108582,11,108571
108584,13,108571
108586,29,108557
108588,17,108571
108590,3,108587
108592,5,108587
108594,7,108587
108596,43,108553
108598,11,108587
108600,13,108587
108602,31,108571
108604,17,108587
108606,19,108587
108608,37,108571
108610,23,108587
108612,41,108571
108614,43,108571
108616,29,108587
108618,31,108587
108620,67,108553
108622,89,108533
108624,37,108587
108626,73,108553
108628,41,108587
108630,43,108587
108632,61,108571
108634,3,108631
108636,5,108631
108638,7,108631
108640,3,108637
108642,5,108637
108644,7,108637
108646,3,108643
108648,5,108643
108650,7,108643
108652,3,108649
108654,5,108649
108656,7,108649
108658,71,108587
108660,11,108649
108662,13,108649
108664,107,108557
108666,17,108649
108668,19,108649
108670,83,108587
108672,23,108649
108674,31,108643
108676,89,108587
108678,29,108649
108680,3,108677
108682,5,108677
108684,7,108677
108686,37,108649
108688,11,108677
108690,13,108677
108692,43,108649
108694,17,108677
108696,19,108677
108698,61,108637
108700,23,108677
108702,53,108649
108704,61,108643
108706,29,108677
108708,31,108677
108710,3,108707
108712,3,108709
108714,5,108709
108716,7,108709
108718,11,108707
108720,11,108709
108722,13,108709
108724,17,108707
108726,17,108709
108728,19,108709
108730,3,108727
108732,5,108727
108734,7,108727
108736,29,108707
108738,11,108727
108740,13,108727
108742,3,108739
108744,5,108739
108746,7,108739
108748,41,108707
108750,11,108739
108752,13,108739
108754,3,108751
108756,5,108751
108758,7,108751
108760,53,108707
108762,11,108751
108764,3,108761
108766,5,108761
108768,7,108761
108770,19,108751
108772,3,108769
108774,5,108769
108776,7,108769
108778,17,108761
108780,11,108769
108782,13,108769
108784,23,108761
108786,17,108769
108788,19,108769
108790,29,108761
108792,23,108769
108794,3,108791
108796,3,108793
108798,5,108793
108800,7,108793
108802,3,108799
108804,5,108799
108806,3,108803
108808,5,108803
108810,7,108803
108812,13,108799
108814,11,108803
108816,13,108803
108818,19,108799
108820,17,108803
108822,19,108803
108824,3,108821
108826,5,108821
108828,7,108821
108830,3,108827
108832,5,108827
108834,7,108827
108836,37,108799
108838,11,108827
108840,13,108827
108842,43,108799
108844,17,108827
108846,19,108827
108848,79,108769
108850,23,108827
108852,31,108821
108854,61,108793
108856,29,108827
108858,31,108827
108860,61,108799
108862,41,108821
108864,37,108827
108866,3,108863
108868,5,108863
108870,7,108863
108872,3,108869
108874,5,108869
108876,7,108869
108878,79,108799
108880,3,108877
108882,5,108877
108884,3,108881
108886,3,108883
108888,5,108883
108890,3,108887
108892,5,108887
108894,7,108887
108896,3,108893
108898,5,108893
108900,7,108893
108902,19,108883
108904,11,108893
108906,13,108893
108908,31,108877
108910,3,108907
108912,5,108907
108914,7,108907
108916,23,108893
108918,11,108907
108920,3,108917
108922,5,108917
108924,7,108917
108926,3,108923
108928,5,108923
108930,7,108923
108932,3,108929
108934,5,108929
108936,7,108929
108938,31,108907
108940,11,108929
108942,13,108929
108944,37,108907
108946,3,108943
108948,5,108943
108950,3,108947
108952,3,108949
108954,5,108949
108956,7,108949
108958,11,108947
108960,11,108949
108962,3,108959
108964,3,108961
108966,5,108961
108968,7,108961
108970,3,108967
108972,5,108967
108974,3,108971
108976,5,108971
108978,7,108971
108980,13,108967
108982,11,108971
108984,13,108971
108986,19,108967
108988,17,108971
108990,19,108971
108992,31,108961
108994,3,108991
108996,5,108991
108998,7,108991
109000,29,108971
109002,11,108991
109004,3,109001
109006,5,109001
109008,7,109001
109010,19,108991
109012,11,109001
109014,13,109001
109016,3,109013
109018,5,109013
109020,7,109013
109022,31,108991
109024,11,109013
109026,13,109013
109028,37,108991
109030,17,109013
109032,19,109013
109034,43,108991
109036,23,109013
109038,37,109001
109040,3,109037
109042,5,109037
109044,7,109037
109046,79,108967
109048,11,109037
109050,13,109037
109052,3,109049
109054,5,109049
109056,7,109049
109058,67,108991
109060,11,109049
109062,13,109049
109064,73,108991
109066,3,109063
109068,5,109063
109070,7,109063
109072,23,109049
109074,11,109063
109076,3,109073
109078,5,109073
109080,7,109073
109082,19,109063
109084,11,109073
109086,13,109073
109088,97,108991
109090,17,109073
109092,19,109073
109094,31,109063
109096,23,109073
109098,61,109037
109100,3,109097
109102,5,109097
109104,7,109097
109106,3,109103
109108,5,109103
109110,7,109103
109112,151,108961
109114,3,109111
109116,5,109111
109118,7,109111
109120,17,109103
109122,11,109111
109124,3,109121
109126,5,109121
109128,7,109121
109130,19,109111
109132,11,109121
109134,13,109121
109136,3,109133
109138,5,109133
109140,7,109133
109142,3,109139
109144,3,109141
109146,5,109141
109148,7,109141
109150,3,109147
109152,5,109147
109154,7,109147
109156,17,109139
109158,11,109147
109160,13,109147
109162,3,109159
109164,5,109159
109166,7,109159
109168,29,109139
109170,11,109159
109172,3,109169
109174,3,109171
109176,5,109171
109178,7,109171
109180,11,109169
109182,11,109171
109184,13,109171
109186,17,109169
109188,17,109171
109190,19,109171
109192,23,109169
109194,23,109171
109196,37,109159
109198,29,109169
109200,29,109171
109202,3,109199
109204,3,109201
109206,5,109201
109208,7,109201
109210,11,109199
109212,11,109201
109214,3,109211
109216,5,109211
109218,7,109211
109220,19,109201
109222,11,109211
109224,13,109211
109226,67,109159
109228,17,109211
109230,19,109211
109232,3,109229
109234,5,109229
109236,7,109229
109238,37,109201
109240,11,109229
109242,13,109229
109244,43,109201
109246,17,109229
109248,19,109229
109250,79,109171
109252,23,109229
109254,43,109211
109256,3,109253
109258,5,109253
109260,7,109253
109262,61,109201
109264,11,109253
109266,13,109253
109268,67,109201
109270,3,109267
109272,5,109267
109274,7,109267
109276,23,109253
109278,11,109267
109280,13,109267
109282,3,109279
109284,5,109279
109286,7,109279
109288,59,109229
109290,11,109279
109292,13,109279
109294,41,109253
109296,17,109279
109298,19,109279
109300,3,109297
109302,5,109297
109304,7,109297
109306,3,109303
109308,5,109303
109310,7,109303
109312,59,109253
109314,11,109303
109316,3,109313
109318,5,109313
109320,7,109313
109322,19,109303
109324,3,109321
109326,5,109321
109328,7,109321
109330,17,109313
109332,11,109321
109334,3,109331
109336,5,109331
109338,7,109331
109340,19,109321
109342,11,109331
109344,13,109331
109346,43,109303
109348,17,109331
109350,19,109331
109352,31,109321
109354,23,109331
109356,43,109313
109358,37,109321
109360,3,109357
109362,5,109357
109364,7,109357
109366,3,109363
109368,5,109363
109370,3,109367
109372,5,109367
109374,7,109367
109376,13,109363
109378,11,109367
109380,13,109367
109382,3,109379
109384,5,109379
109386,7,109379
109388,31,109357
109390,3,109387
109392,5,109387
109394,3,109391
109396,5,109391
109398,7,109391
109400,3,109397
109402,5,109397
109404,7,109397
109406,19,109387
109408,11,109397
109410,13,109397
109412,109,109303
109414,17,109397
109416,19,109397
109418,31,109387
109420,23,109397
109422,31,109391
109424,37,109387
109426,3,109423
109428,5,109423
109430,7,109423
109432,41,109391
109434,11,109423
109436,3,109433
109438,5,109433
109440,7,109433
109442,19,109423
109444,3,109441
109446,5,109441
109448,7,109441
109450,17,109433
109452,11,109441
109454,3,109451
109456,3,109453
109458,5,109453
109460,7,109453
109462,11,109451
109464,11,109453
109466,13,109453
109468,17,109451
109470,17,109453
109472,3,109469
109474,3,109471
109476,5,109471
109478,7,109471
109480,11,109469
109482,11,109471
109484,3,109481
109486,5,109481
109488,7,109481
109490,19,109471
109492,11,109481
109494,13,109481
109496,43,109453
109498,17,109481
109500,19,109481
109502,31,109471
109504,23,109481
109506,37,109469
109508,37,109471
109510,3,109507
109512,5,109507
109514,7,109507
109516,47,109469
109518,11,109507
109520,3,109517
109522,3,109519
109524,5,109519
109526,7,109519
109528,11,109517
109530,11,109519
109532,13,109519
109534,17,109517
109536,17,109519
109538,19,109519
109540,3,109537
109542,5,109537
109544,3,109541
109546,5,109541
109548,7,109541
109550,3,109547
109552,5,109547
109554,7,109547
109556,19,109537
109558,11,109547
109560,13,109547
109562,43,109519
109564,17,109547
109566,19,109547
109568,31,109537
109570,3,109567
109572,5,109567
109574,7,109567
109576,29,109547
109578,11,109567
109580,13,109567
109582,3,109579
109584,5,109579
109586,3,109583
109588,5,109583
109590,7,109583
109592,3,109589
109594,5,109589
109596,7,109589
109598,19,109579
109600,3,109597
109602,5,109597
109604,7,109597
109606,17,109589
109608,11,109597
109610,13,109597
109612,3,109609
109614,5,109609
109616,7,109609
109618,29,109589
109620,11,109609
109622,3,109619
109624,3,109621
109626,5,109621
109628,7,109621
109630,11,109619
109632,11,109621
109634,13,109621
109636,17,109619
109638,17,109621
109640,19,109621
109642,3,109639
109644,5,109639
109646,7,109639
109648,29,109619
109650,11,109639
109652,13,109639
109654,71,109583
109656,17,109639
109658,19,109639
109660,41,109619
109662,23,109639
109664,3,109661
109666,3,109663
109668,5,109663
109670,7,109663
109672,11,109661
109674,11,109663
109676,3,109673
109678,5,109673
109680,7,109673
109682,19,109663
109684,11,109673
109686,13,109673
109688,67,109621
109690,17,109673
109692,19,109673
109694,31,109663
109696,23,109673
109698,37,109661
109700,37,109663
109702,29,109673
109704,31,109673
109706,43,109663
109708,47,109661
109710,37,109673
109712,73,109639
109714,41,109673
109716,43,109673
109718,79,109639
109720,3,109717
109722,5,109717
109724,3,109721
109726,5,109721
109728,7,109721
109730,13,109717
109732,11,109721
109734,13,109721
109736,19,109717
109738,17,109721
109740,19,109721
109742,79,109663
109744,3,109741
109746,5,109741
109748,7,109741
109750,29,109721
109752,11,109741
109754,3,109751
109756,5,109751
109758,7,109751
109760,19,109741
109762,11,109751
109764,13,109751
109766,103,109663
109768,17,109751
109770,19,109751
109772,31,109741
109774,23,109751
109776,59,109717
109778,37,109741
109780,29,109751
109782,31,109751
109784,43,109741
109786,113,109673
109788,37,109751
109790,73,109717
109792,3,109789
109794,5,109789
109796,3,109793
109798,5,109793
109800,7,109793
109802,13,109789
109804,11,109793
109806,13,109793
109808,19,109789
109810,3,109807
109812,5,109807
109814,7,109807
109816,23,109793
109818,11,109807
109820,13,109807
109822,3,109819
109824,5,109819
109826,7,109819
109828,107,109721
109830,11,109819
109832,3,109829
109834,3,109831
109836,5,109831
109838,7,109831
109840,11,109829
109842,11,109831
109844,3,109841
109846,3,109843
109848,5,109843
109850,3,109847
109852,3,109849
109854,5,109849
109856,7,109849
109858,11,109847
109860,11,109849
109862,3,109859
109864,5,109859
109866,7,109859
109868,19,109849
109870,11,109859
109872,13,109859
109874,31,109843
109876,3,109873
109878,5,109873
109880,7,109873
109882,23,109859
109884,11,109873
109886,3,109883
109888,5,109883
109890,7,109883
109892,19,109873
109894,3,109891
109896,5,109891
109898,7,109891
109900,3,109897
109902,5,109897
109904,7,109897
109906,3,109903
109908,5,109903
109910,7,109903
109912,29,109883
109914,11,109903
109916,3,109913
109918,5,109913
109920,7,109913
109922,3,109919
109924,5,109919
109926,7,109919
109928,31,109897
109930,11,109919
109932,13,109919
109934,31,109903
109936,17,109919
109938,19,109919
109940,3,109937
109942,5,109937
109944,7,109937
109946,3,109943
109948,5,109943
109950,7,109943
109952,61,109891
109954,11,109943
109956,13,109943
109958,61,109897
109960,17,109943
109962,19,109943
109964,3,109961
109966,5,109961
109968,7,109961
109970,67,109903
109972,11,109961
109974,13,109961
109976,73,109903
109978,17,109961
109980,19,109961
109982,79,109903
109984,23,109961
109986,43,109943
109988,97,109891
109990,3,109987
109992,5,109987
109994,7,109987
109996,53,109943
109998,11,109987
110000,13,109987
110002,41,109961
110004,17,109987
110006,19,109987
110008,47,109961
110010,23,109987
110012,109,109903
110014,53,109961
110016,29,109987
110018,31,109987
110020,3,110017
110022,5,110017
110024,7,110017
110026,3,110023
110028,5,110023
110030,7,110023
110032,71,109961
110034,11,110023
110036,13,110023
110038,101,109937
110040,17,110023
110042,3,110039
110044,5,110039
110046,7,110039
110048,31,110017
110050,11,110039
110052,13,110039
110054,3,110051
110056,5,110051
110058,7,110051
110060,37,110023
110062,3,110059
110064,5,110059
110066,3,110063
110068,5,110063
110070,7,110063
110072,3,110069
110074,5,110069
110076,7,110069
110078,19,110059
110080,11,110069
110082,13,110069
110084,61,110023
110086,3,110083
110088,5,110083
110090,7,110083
110092,23,110069
110094,11,110083
110096,13,110083
110098,29,110069
110100,17,110083
110102,19,110083
110104,41,110063
110106,23,110083
110108,211,109897
110110,41,110069
110112,29,110083
110114,31,110083
110116,47,110069
110118,59,110059
110120,37,110083
110122,3,110119
110124,5,110119
110126,7,110119
110128,59,110069
110130,11,110119
110132,3,110129
110134,5,110129
110136,7,110129
110138,19,110119
110140,11,110129
110142,13,110129
110144,61,110083
110146,17,110129
110148,19,110129
110150,31,110119
110152,23,110129
110154,71,110083
110156,37,110119
110158,29,110129
110160,31,110129
110162,43,110119
110164,3,110161
110166,5,110161
110168,7,110161
110170,41,110129
110172,11,110161
110174,13,110161
110176,47,110129
110178,17,110161
110180,19,110161
110182,53,110129
110184,23,110161
110186,3,110183
110188,5,110183
110190,7,110183
110192,31,110161
110194,11,110183
110196,13,110183
110198,37,110161
110200,17,110183
110202,19,110183
110204,43,110161
110206,23,110183
110208,47,110161
110210,127,110083
110212,29,110183
110214,31,110183
110216,97,110119
110218,89,110129
110220,37,110183
110222,61,110161
110224,3,110221
110226,5,110221
110228,7,110221
110230,47,110183
110232,11,110221
110234,13,110221
110236,3,110233
110238,5,110233
110240,3,110237
110242,5,110237
110244,7,110237
110246,13,110233
110248,11,110237
110250,13,110237
110252,19,110233
110254,3,110251
110256,5,110251
110258,7,110251
110260,23,110237
110262,11,110251
110264,3,110261
110266,5,110261
110268,7,110261
110270,19,110251
110272,3,110269
110274,5,110269
110276,3,110273
110278,5,110273
110280,7,110273
110282,13,110269
110284,3,110281
110286,5,110281
110288,7,110281
110290,17,110273
110292,11,110281
110294,3,110291
110296,5,110291
110298,7,110291
110300,19,110281
110302,11,110291
110304,13,110291
110306,37,110269
110308,17,110291
110310,19,110291
110312,31,110281
110314,3,110311
110316,5,110311
110318,7,110311
110320,29,110291
110322,11,110311
110324,3,110321
110326,3,110323
110328,5,110323
110330,7,110323
110332,11,110321
110334,11,110323
110336,13,110323
110338,17,110321
110340,17,110323
110342,3,110339
110344,5,110339
110346,7,110339
110348,37,110311
110350,11,110339
110352,13,110339
110354,31,110323
110356,17,110339
110358,19,110339
110360,37,110323
110362,3,110359
110364,5,110359
110366,7,110359
110368,29,110339
110370,11,110359
110372,13,110359
110374,53,110321
110376,17,110359
110378,19,110359
110380,41,110339
110382,23,110359
110384,61,110323
110386,47,110339
110388,29,110359
110390,31,110359
110392,53,110339
110394,71,110323
110396,37,110359
110398,59,110339
110400,41,110359
110402,43,110359
110404,83,110321
110406,47,110359
110408,97,110311
110410,71,110339
110412,53,110359
110414,103,110311
110416,179,110237
110418,59,110359
110420,61,110359
110422,3,110419
110424,5,110419
110426,7,110419
110428,89,110339
110430,11,110419
110432,13,110419
110434,3,110431
110436,5,110431
110438,7,110431
110440,3,110437
110442,5,110437
110444,3,110441
110446,5,110441
110448,7,110441
110450,13,110437
110452,11,110441
110454,13,110441
110456,19,110437
110458,17,110441
110460,19,110441
110462,3,110459
110464,5,110459
110466,7,110459
110468,31,110437
110470,11,110459
110472,13,110459
110474,37,110437
110476,17,110459
110478,19,110459
110480,3,110477
110482,3,110479
110484,5,110479
110486,7,110479
110488,11,110477
110490,11,110479
110492,13,110479
110494,3,110491
110496,5,110491
110498,7,110491
110500,23,110477
110502,11,110491
110504,3,110501
110506,3,110503
110508,5,110503
110510,7,110503
110512,11,110501
110514,11,110503
110516,13,110503
110518,17,110501
110520,17,110503
110522,19,110503
110524,23,110501
110526,23,110503
110528,37,110491
110530,3,110527
110532,5,110527
110534,7,110527
110536,3,110533
110538,5,110533
110540,7,110533
110542,41,110501
110544,11,110533
110546,3,110543
110548,5,110543
110550,7,110543
110552,19,110533
110554,11,110543
110556,13,110543
110558,31,110527
110560,3,110557
110562,5,110557
110564,7,110557
110566,3,110563
110568,5,110563
110570,3,110567
110572,3,110569
110574,5,110569
110576,3,110573
110578,5,110573
110580,7,110573
110582,13,110569
110584,3,110581
110586,5,110581
110588,7,110581
110590,3,110587
110592,5,110587
110594,7,110587
110596,23,110573
110598,11,110587
110600,3,110597
110602,5,110597
110604,7,110597
110606,3,110603
110608,5,110603
110610,7,110603
110612,3,110609
110614,5,110609
110616,7,110609
110618,31,110587
110620,11,110609
110622,13,110609
110624,37,110587
110626,3,110623
110628,5,110623
110630,7,110623
110632,3,110629
110634,5,110629
110636,7,110629
110638,29,110609
110640,11,110629
110642,13,110629
110644,3,110641
110646,5,110641
110648,7,110641
110650,3,110647
110652,5,110647
110654,3,110651
110656,5,110651
110658,7,110651
110660,13,110647
110662,11,110651
110664,13,110651
110666,19,110647
110668,17,110651
110670,19,110651
110672,31,110641
110674,23,110651
110676,29,110647
110678,31,110647
110680,29,110651
110682,31,110651
110684,3,110681
110686,5,110681
110688,7,110681
110690,43,110647
110692,11,110681
110694,13,110681
110696,67,110629
110698,17,110681
110700,19,110681
110702,61,110641
110704,23,110681
110706,59,110647
110708,61,110647
110710,29,110681
110712,31,110681
110714,3,110711
110716,5,110711
110718,7,110711
110720,73,110647
110722,11,110711
110724,13,110711
110726,79,110647
110728,17,110711
110730,19,110711
110732,3,110729
110734,3,110731
110736,5,110731
110738,7,110731
110740,11,110729
110742,11,110731
110744,13,110731
110746,17,110729
110748,17,110731
110750,19,110731
110752,3,110749
110754,5,110749
110756,3,110753
110758,5,110753
110760,7,110753
110762,13,110749
110764,11,110753
110766,13,110753
110768,19,110749
110770,17,110753
110772,19,110753
110774,3,110771
110776,5,110771
110778,7,110771
110780,3,110777
110782,5,110777
110784,7,110777
110786,37,110749
110788,11,110777
110790,13,110777
110792,43,110749
110794,17,110777
110796,19,110777
110798,67,110731
110800,23,110777
110802,31,110771
110804,73,110731
110806,29,110777
110808,31,110777
110810,3,110807
110812,5,110807
110814,7,110807
110816,3,110813
110818,5,110813
110820,7,110813
110822,3,110819
110824,3,110821
110826,5,110821
110828,7,110821
110830,11,110819
110832,11,110821
110834,13,110821
110836,17,110819
110838,17,110821
110840,19,110821
110842,23,110819
110844,23,110821
110846,97,110749
110848,29,110819
110850,29,110821
110852,3,110849
110854,5,110849
110856,7,110849
110858,37,110821
110860,11,110849
110862,13,110849
110864,43,110821
110866,3,110863
110868,5,110863
110870,7,110863
110872,23,110849
110874,11,110863
110876,13,110863
110878,29,110849
110880,17,110863
110882,3,110879
110884,3,110881
110886,5,110881
110888,7,110881
110890,11,110879
110892,11,110881
110894,13,110881
110896,17,110879
110898,17,110881
110900,19,110881
110902,3,110899
110904,5,110899
110906,7,110899
110908,29,110879
110910,11,110899
110912,3,110909
110914,5,110909
110916,7,110909
110918,19,110899
110920,3,110917
110922,5,110917
110924,3,110921
110926,3,110923
110928,5,110923
110930,3,110927
110932,5,110927
110934,7,110927
110936,3,110933
110938,5,110933
110940,7,110933
110942,3,110939
110944,5,110939
110946,7,110939
110948,31,110917
110950,3,110947
110952,5,110947
110954,3,110951
110956,5,110951
110958,7,110951
110960,13,110947
110962,11,110951
110964,13,110951
110966,19,110947
110968,17,110951
110970,19,110951
110972,3,110969
110974,5,110969
110976,7,110969
110978,31,110947
110980,3,110977
110982,5,110977
110984,7,110977
110986,17,110969
110988,11,110977
110990,13,110977
110992,3,110989
110994,5,110989
110996,7,110989
110998,29,110969
111000,11,110989
111002,13,110989
111004,53,110951
111006,17,110989
111008,19,110989
111010,41,110969
111012,23,110989
111014,37,110977
111016,47,110969
111018,29,110989
111020,31,110989
111022,53,110969
111024,47,110977
111026,37,110989
111028,59,110969
111030,41,110989
111032,3,111029
111034,3,111031
111036,5,111031
111038,7,111031
111040,11,111029
111042,11,111031
111044,13,111031
111046,3,111043
111048,5,111043
111050,7,111043
111052,3,111049
111054,5,111049
111056,3,111053
111058,5,111053
111060,7,111053
111062,13,111049
111064,11,111053
111066,13,111053
111068,19,111049
111070,17,111053
111072,19,111053
111074,31,111043
111076,23,111053
111078,29,111049
111080,31,111049
111082,29,111053
111084,31,111053
111086,37,111049
111088,59,111029
111090,37,111053
111092,43,111049
111094,3,111091
111096,5,111091
111098,7,111091
111100,47,111053
111102,11,111091
111104,13,111091
111106,3,111103
111108,5,111103
111110,7,111103
111112,3,111109
111114,5,111109
111116,7,111109
111118,89,111029
111120,11,111109
111122,3,111119
111124,3,111121
111126,5,111121
111128,7,111121
111130,3,111127
111132,5,111127
111134,7,111127
111136,17,111119
111138,11,111127
111140,13,111127
111142,23,111119
111144,17,111127
111146,3,111143
111148,5,111143
111150,7,111143
111152,3,111149
111154,5,111149
111156,7,111149
111158,31,111127
111160,11,111149
111162,13,111149
111164,37,111127
111166,17,111149
111168,19,111149
111170,43,111127
111172,23,111149
111174,31,111143
111176,67,111109
111178,29,111149
111180,31,111149
111182,61,111121
111184,41,111143
111186,37,111149
111188,61,111127
111190,3,111187
111192,5,111187
111194,3,111191
111196,5,111191
111198,7,111191
111200,13,111187
111202,11,111191
111204,13,111191
111206,19,111187
111208,17,111191
111210,19,111191
111212,103,111109
111214,3,111211
111216,5,111211
111218,7,111211
111220,3,111217
111222,5,111217
111224,7,111217
111226,83,111143
111228,11,111217
111230,3,111227
111232,3,111229
111234,5,111229
111236,7,111229
111238,11,111227
111240,11,111229
111242,13,111229
111244,17,111227
111246,17,111229
111248,19,111229
111250,23,111227
111252,23,111229
111254,37,111217
111256,3,111253
111258,5,111253
111260,7,111253
111262,71,111191
111264,11,111253
111266,3,111263
111268,5,111263
111270,7,111263
111272,3,111269
111274,3,111271
111276,5,111271
111278,7,111271
111280,11,111269
111282,11,111271
111284,13,111271
111286,17,111269
111288,17,111271
111290,19,111271
111292,23,111269
111294,23,111271
111296,43,111253
111298,29,111269
111300,29,111271
111302,31,111271
111304,3,111301
111306,5,111301
111308,7,111301
111310,41,111269
111312,11,111301
111314,13,111301
111316,47,111269
111318,17,111301
111320,3,111317
111322,5,111317
111324,7,111317
111326,3,111323
111328,5,111323
111330,7,111323
111332,31,111301
111334,11,111323
111336,13,111323
111338,37,111301
111340,3,111337
111342,5,111337
111344,3,111341
111346,5,111341
111348,7,111341
111350,3,111347
111352,5,111347
111354,7,111347
111356,19,111337
111358,11,111347
111360,13,111347
111362,61,111301
111364,17,111347
111366,19,111347
111368,31,111337
111370,23,111347
111372,31,111341
111374,37,111337
111376,3,111373
111378,5,111373
111380,7,111373
111382,41,111341
111384,11,111373
111386,13,111373
111388,41,111347
111390,17,111373
111392,19,111373
111394,47,111347
111396,23,111373
111398,61,111337
111400,53,111347
111402,29,111373
111404,31,111373
111406,59,111347
111408,61,111347
111410,37,111373
111412,3,111409
111414,5,111409
111416,7,111409
111418,71,111347
111420,11,111409
111422,13,111409
111424,83,111341
111426,17,111409
111428,19,111409
111430,3,111427
111432,5,111427
111434,3,111431
111436,5,111431
111438,7,111431
111440,13,111427
111442,3,111439
111444,5,111439
111446,3,111443
111448,5,111443
111450,7,111443
111452,13,111439
111454,11,111443
111456,13,111443
111458,19,111439
111460,17,111443
111462,19,111443
111464,37,111427
111466,23,111443
111468,29,111439
111470,3,111467
111472,5,111467
111474,7,111467
111476,37,111439
111478,11,111467
111480,13,111467
111482,43,111439
111484,17,111467
111486,19,111467
111488,61,111427
111490,3,111487
111492,5,111487
111494,3,111491
111496,3,111493
111498,5,111493
111500,3,111497
111502,5,111497
111504,7,111497
111506,13,111493
111508,11,111497
111510,13,111497
111512,3,111509
111514,5,111509
111516,7,111509
111518,31,111487
111520,11,111509
111522,13,111509
111524,3,111521
111526,5,111521
111528,7,111521
111530,37,111493
111532,11,111521
111534,13,111521
111536,3,111533
111538,5,111533
111540,7,111533
111542,3,111539
111544,5,111539
111546,7,111539
111548,61,111487
111550,11,111539
111552,13,111539
111554,61,111493
111556,17,111539
111558,19,111539
111560,67,111493
111562,23,111539
111564,31,111533
111566,73,111493
111568,29,111539
111570,31,111539
111572,79,111493
111574,41,111533
111576,37,111539
111578,139,111439
111580,3,111577
111582,5,111577
111584,3,111581
111586,5,111581
111588,7,111581
111590,13,111577
111592,11,111581
111594,13,111581
111596,3,111593
111598,5,111593
111600,7,111593
111602,3,111599
111604,5,111599
111606,7,111599
111608,31,111577
111610,11,111599
111612,13,111599
111614,3,111611
111616,5,111611
111618,7,111611
111620,43,111577
111622,11,111611
111624,13,111611
111626,3,111623
111628,5,111623
111630,7,111623
111632,139,111493
111634,11,111623
111636,13,111623
111638,61,111577
111640,3,111637
111642,5,111637
111644,3,111641
111646,5,111641
111648,7,111641
111650,13,111637
111652,11,111641
111654,13,111641
111656,3,111653
111658,5,111653
111660,7,111653
111662,3,111659
111664,5,111659
111666,7,111659
111668,31,111637
111670,3,111667
111672,5,111667
111674,7,111667
111676,17,111659
111678,11,111667
111680,13,111667
111682,23,111659
111684,17,111667
111686,19,111667
111688,29,111659
111690,23,111667
111692,199,111493
111694,41,111653
111696,29,111667
111698,31,111667
111700,3,111697
111702,5,111697
111704,7,111697
111706,47,111659
111708,11,111697
111710,13,111697
111712,53,111659
111714,17,111697
111716,19,111697
111718,59,111659
111720,23,111697
111722,229,111493
111724,3,111721
111726,5,111721
111728,7,111721
111730,71,111659
111732,11,111721
111734,3,111731
111736,3,111733
111738,5,111733
111740,7,111733
111742,11,111731
111744,11,111733
111746,13,111733
111748,17,111731
111750,17,111733
111752,19,111733
111754,3,111751
111756,5,111751
111758,7,111751
111760,29,111731
111762,11,111751
111764,13,111751
111766,107,111659
111768,17,111751
111770,3,111767
111772,5,111767
111774,7,111767
111776,3,111773
111778,5,111773
111780,7,111773
111782,3,111779
111784,3,111781
111786,5,111781
111788,7,111781
111790,11,111779
111792,11,111781
111794,3,111791
111796,5,111791
111798,7,111791
111800,19,111781
111802,3,111799
111804,5,111799
111806,7,111799
111808,17,111791
111810,11,111799
111812,13,111799
111814,23,111791
111816,17,111799
111818,19,111799
111820,29,111791
111822,23,111799
111824,3,111821
111826,5,111821
111828,7,111821
111830,3,111827
111832,3,111829
111834,5,111829
111836,3,111833
111838,5,111833
111840,7,111833
111842,13,111829
111844,11,111833
111846,13,111833
111848,19,111829
111850,3,111847
111852,5,111847
111854,7,111847
111856,23,111833
111858,11,111847
111860,3,111857
111862,5,111857
111864,7,111857
111866,3,111863
111868,5,111863
111870,7,111863
111872,3,111869
111874,3,111871
111876,5,111871
111878,7,111871
111880,11,111869
111882,11,111871
111884,13,111871
111886,17,111869
111888,17,111871
111890,19,111871
111892,23,111869
111894,23,111871
111896,3,111893
111898,5,111893
111900,7,111893
111902,31,111871
111904,11,111893
111906,13,111893
111908,37,111871
111910,17,111893
111912,19,111893
111914,43,111871
111916,3,111913
111918,5,111913
111920,7,111913
111922,3,111919
111924,5,111919
111926,7,111919
111928,59,111869
111930,11,111919
111932,13,111919
111934,41,111893
111936,17,111919
111938,19,111919
111940,47,111893
111942,23,111919
111944,31,111913
111946,53,111893
111948,29,111919
111950,31,111919
111952,3,111949
111954,5,111949
111956,3,111953
111958,5,111953
111960,7,111953
111962,3,111959
111964,5,111959
111966,7,111959
111968,19,111949
111970,11,111959
111972,13,111959
111974,61,111913
111976,3,111973
111978,5,111973
111980,3,111977
111982,5,111977
111984,7,111977
111986,13,111973
111988,11,111977
111990,13,111977
111992,19,111973
111994,17,111977
111996,19,111977
111998,79,111919
112000,3,111997
112002,5,111997
112004,7,111997
112006,29,111977
112008,11,111997
112010,13,111997
112012,53,111959
112014,17,111997
112016,19,111997
112018,41,111977
112020,23,111997
112022,3,112019
112024,5,112019
112026,7,112019
112028,31,111997
112030,11,112019
112032,13,112019
112034,3,112031
112036,5,112031
112038,7,112031
112040,43,111997
112042,11,112031
112044,13,112031
112046,73,111973
112048,17,112031
112050,19,112031
112052,79,111973
112054,23,112031
112056,37,112019
112058,61,111997
112060,29,112031
112062,31,112031
112064,3,112061
112066,5,112061
112068,7,112061
112070,3,112067
112072,3,112069
112074,5,112069
112076,7,112069
112078,11,112067
112080,11,112069
112082,13,112069
112084,17,112067
112086,17,112069
112088,19,112069
112090,3,112087
112092,5,112087
112094,7,112087
112096,29,112067
112098,11,112087
112100,3,112097
112102,5,112097
112104,7,112097
112106,3,112103
112108,5,112103
112110,7,112103
112112,43,112069
112114,3,112111
112116,5,112111
112118,7,112111
112120,17,112103
112122,11,112111
112124,3,112121
112126,5,112121
112128,7,112121
112130,19,112111
112132,3,112129
112134,5,112129
112136,7,112129
112138,17,112121
112140,11,112129
112142,3,112139
112144,5,112139
112146,7,112139
112148,19,112129
112150,11,112139
112152,13,112139
112154,43,112111
112156,3,112153
112158,5,112153
112160,7,112153
112162,23,112139
112164,11,112153
112166,3,112163
112168,5,112163
112170,7,112163
112172,19,112153
112174,11,112163
112176,13,112163
112178,67,112111
112180,17,112163
112182,19,112163
112184,3,112181
112186,5,112181
112188,7,112181
112190,37,112153
112192,11,112181
112194,13,112181
112196,43,112153
112198,17,112181
112200,19,112181
112202,3,112199
112204,5,112199
112206,7,112199
112208,79,112129
112210,3,112207
112212,5,112207
112214,7,112207
112216,3,112213
112218,5,112213
112220,7,112213
112222,23,112199
112224,11,112213
112226,3,112223
112228,5,112223
112230,7,112223
112232,19,112213
112234,11,112223
112236,13,112223
112238,31,112207
112240,3,112237
112242,5,112237
112244,3,112241
112246,5,112241
112248,7,112241
112250,3,112247
112252,3,112249
112254,5,112249
112256,3,112253
112258,5,112253
112260,7,112253
112262,13,112249
112264,3,112261
112266,5,112261
112268,7,112261
112270,17,112253
112272,11,112261
112274,13,112261
112276,23,112253
112278,17,112261
112280,19,112261
112282,3,112279
112284,5,112279
112286,7,112279
112288,41,112247
112290,11,112279
112292,3,112289
112294,3,112291
112296,5,112291
112298,7,112291
112300,3,112297
112302,5,112297
112304,7,112297
112306,3,112303
112308,5,112303
112310,7,112303
112312,23,112289
112314,11,112303
112316,13,112303
112318,29,112289
112320,17,112303
112322,19,112303
112324,71,112253
112326,23,112303
112328,31,112297
112330,3,112327
112332,5,112327
112334,3,112331
112336,5,112331
112338,7,112331
112340,3,112337
112342,3,112339
112344,5,112339
112346,7,112339
112348,11,112337
112350,11,112339
112352,3,112349
112354,5,112349
112356,7,112349
112358,19,112339
112360,11,112349
112362,13,112349
112364,3,112361
112366,3,112363
112368,5,112363
112370,7,112363
112372,11,112361
112374,11,112363
112376,13,112363
112378,17,112361
112380,17,112363
112382,19,112363
112384,23,112361
112386,23,112363
112388,61,112327
112390,29,112361
112392,29,112363
112394,31,112363
112396,47,112349
112398,37,112361
112400,3,112397
112402,5,112397
112404,7,112397
112406,3,112403
112408,5,112403
112410,7,112403
112412,73,112339
112414,11,112403
112416,13,112403
112418,79,112339
112420,17,112403
112422,19,112403
112424,61,112363
112426,23,112403
112428,31,112397
112430,67,112363
112432,3,112429
112434,5,112429
112436,7,112429
112438,41,112397
112440,11,112429
112442,13,112429
112444,41,112403
112446,17,112429
112448,19,112429
112450,47,112403
112452,23,112429
112454,127,112327
112456,53,112403
112458,29,112429
112460,31,112429
112462,3,112459
112464,5,112459
112466,7,112459
112468,71,112397
112470,11,112459
112472,13,112459
112474,71,112403
112476,17,112459
112478,19,112459
112480,83,112397
112482,23,112459
112484,3,112481
112486,5,112481
112488,7,112481
112490,31,112459
112492,11,112481
112494,13,112481
112496,37,112459
112498,17,112481
112500,19,112481
112502,43,112459
112504,3,112501
112506,5,112501
112508,7,112501
112510,3,112507
112512,5,112507
112514,7,112507
112516,113,112403
112518,11,112507
112520,13,112507
112522,41,112481
112524,17,112507
112526,19,112507
112528,47,112481
112530,23,112507
112532,31,112501
112534,53,112481
112536,29,112507
112538,31,112507
112540,59,112481
112542,41,112501
112544,37,112507
112546,3,112543
112548,5,112543
112550,7,112543
112552,71,112481
112554,11,112543
112556,13,112543
112558,197,112361
112560,17,112543
112562,3,112559
112564,5,112559
112566,7,112559
112568,61,112507
112570,11,112559
112572,13,112559
112574,3,112571
112576,3,112573
112578,5,112573
112580,3,112577
112582,5,112577
112584,7,112577
112586,3,112583
112588,5,112583
112590,7,112583
112592,3,112589
112594,5,112589
112596,7,112589
112598,97,112501
112600,11,112589
112602,13,112589
112604,3,112601
112606,3,112603
112608,5,112603
112610,7,112603
112612,11,112601
112614,11,112603
112616,13,112603
112618,17,112601
112620,17,112603
112622,19,112603
112624,3,112621
112626,5,112621
112628,7,112621
112630,29,112601
112632,11,112621
112634,13,112621
112636,47,112589
112638,17,112621
112640,19,112621
112642,41,112601
112644,23,112621
112646,3,112643
112648,5,112643
112650,7,112643
112652,31,112621
112654,11,112643
112656,13,112643
112658,37,112621
112660,3,112657
112662,5,112657
112664,7,112657
112666,3,112663
112668,5,112663
112670,7,112663
112672,29,112643
112674,11,112663
112676,13,112663
112678,89,112589
112680,17,112663
112682,19,112663
112684,41,112643
112686,23,112663
112688,31,112657
112690,3,112687
112692,5,112687
112694,3,112691
112696,5,112691
112698,7,112691
112700,13,112687
112702,11,112691
112704,13,112691
112706,19,112687
112708,17,112691
112710,19,112691
112712,109,112603
112714,23,112691
112716,29,112687
112718,31,112687
112720,29,112691
112722,31,112691
112724,37,112687
112726,83,112643
112728,37,112691
112730,43,112687
112732,41,112691
112734,43,112691
112736,73,112663
112738,47,112691
112740,53,112687
112742,79,112663
112744,3,112741
112746,5,112741
112748,7,112741
112750,59,112691
112752,11,112741
112754,13,112741
112756,113,112643
112758,17,112741
112760,3,112757
112762,3,112759
112764,5,112759
112766,7,112759
112768,11,112757
112770,11,112759
112772,13,112759
112774,3,112771
112776,5,112771
112778,7,112771
112780,23,112757
112782,11,112771
112784,13,112771
112786,29,112757
112788,17,112771
112790,3,112787
112792,5,112787
112794,7,112787
112796,37,112759
112798,11,112787
112800,13,112787
112802,3,112799
112804,5,112799
112806,7,112799
112808,37,112771
112810,3,112807
112812,5,112807
112814,7,112807
112816,17,112799
112818,11,112807
112820,13,112807
112822,23,112799
112824,17,112807
112826,19,112807
112828,29,112799
112830,23,112807
112832,61,112771
112834,3,112831
112836,5,112831
112838,7,112831
112840,41,112799
112842,11,112831
112844,13,112831
112846,3,112843
112848,5,112843
112850,7,112843
112852,53,112799
112854,11,112843
112856,13,112843
112858,59,112799
112860,17,112843
112862,3,112859
112864,5,112859
112866,7,112859
112868,37,112831
112870,11,112859
112872,13,112859
112874,31,112843
112876,17,112859
112878,19,112859
112880,3,112877
112882,5,112877
112884,7,112877
112886,43,112843
112888,11,112877
112890,13,112877
112892,61,112831
112894,17,112877
112896,19,112877
112898,67,112831
112900,23,112877
112902,43,112859
112904,3,112901
112906,5,112901
112908,7,112901
112910,67,112843
112912,3,112909
112914,5,112909
112916,3,112913
112918,5,112913
112920,7,112913
112922,3,112919
112924,3,112921
112926,5,112921
112928,7,112921
112930,3,112927
112932,5,112927
112934,7,112927
112936,17,112919
112938,11,112927
112940,13,112927
112942,3,112939
112944,5,112939
112946,7,112939
112948,29,112919
112950,11,112939
112952,13,112939
112954,3,112951
112956,5,112951
112958,7,112951
112960,41,112919
112962,11,112951
112964,13,112951
112966,47,112919
112968,17,112951
112970,3,112967
112972,5,112967
112974,7,112967
112976,37,112939
112978,11,112967
112980,13,112967
112982,3,112979
112984,5,112979
112986,7,112979
112988,37,112951
112990,11,112979
112992,13,112979
112994,43,112951
112996,17,112979
112998,19,112979
113000,3,112997
113002,5,112997
113004,7,112997
113006,67,112939
113008,11,112997
113010,13,112997
113012,61,112951
113014,3,113011
113016,5,113011
113018,7,113011
113020,3,113017
113022,5,113017
113024,3,113021
113026,3,113023
113028,5,113023
113030,3,113027
113032,5,113027
113034,7,113027
113036,13,113023
113038,11,113027
113040,13,113027
113042,3,113039
113044,3,113041
113046,5,113041
113048,7,113041
113050,11,113039
113052,11,113041
113054,3,113051
113056,5,113051
113058,7,113051
113060,19,113041
113062,11,113051
113064,13,113051
113066,3,113063
113068,5,113063
113070,7,113063
113072,31,113041
113074,11,113063
113076,13,113063
113078,37,113041
113080,17,113063
113082,19,113063
113084,3,113081
113086,3,113083
113088,5,113083
113090,7,113083
113092,3,113089
113094,5,113089
113096,3,113093
113098,5,113093
113100,7,113093
113102,13,113089
113104,11,113093
113106,13,113093
113108,19,113089
113110,17,113093
113112,19,113093
113114,3,113111
113116,5,113111
113118,7,113111
113120,3,113117
113122,5,113117
113124,7,113117
113126,3,113123
113128,5,113123
113130,7,113123
113132,43,113089
113134,3,113131
113136,5,113131
113138,7,113131
113140,17,113123
113142,11,113131
113144,13,113131
113146,3,113143
113148,5,113143
113150,3,113147
113152,3,113149
113154,5,113149
113156,3,113153
113158,5,113153
113160,7,113153
113162,3,113159
113164,3,113161
113166,5,113161
113168,7,113161
113170,3,113167
113172,5,113167
113174,3,113171
113176,3,113173
113178,5,113173
113180,3,113177
113182,5,113177
113184,7,113177
113186,13,113173
113188,11,113177
113190,13,113177
113192,3,113189
113194,5,113189
113196,7,113189
113198,31,113167
113200,11,113189
113202,13,113189
113204,31,113173
113206,17,113189
113208,19,113189
113210,37,113173
113212,3,113209
113214,5,113209
113216,3,113213
113218,5,113213
113220,7,113213
113222,13,113209
113224,11,113213
113226,13,113213
113228,19,113209
113230,3,113227
113232,5,113227
113234,7,113227
113236,3,113233
113238,5,113233
113240,7,113233
113242,29,113213
113244,11,113233
113246,13,113233
113248,59,113189
113250,17,113233
113252,19,113233
113254,41,113213
113256,23,113233
113258,31,113227
113260,47,113213
113262,29,113233
113264,31,113233
113266,53,113213
113268,41,113227
113270,37,113233
113272,59,113213
113274,41,113233
113276,43,113233
113278,89,113189
113280,47,113233
113282,3,113279
113284,5,113279
113286,7,113279
113288,61,113227
113290,3,113287
113292,5,113287
113294,7,113287
113296,17,113279
113298,11,113287
113300,13,113287
113302,23,113279
113304,17,113287
113306,19,113287
113308,29,113279
113310,23,113287
113312,79,113233
113314,101,113213
113316,29,113287
113318,31,113287
113320,41,113279
113322,43,113279
113324,37,113287
113326,47,113279
113328,41,113287
113330,3,113327
113332,3,113329
113334,5,113329
113336,7,113329
113338,11,113327
113340,11,113329
113342,13,113329
113344,3,113341
113346,5,113341
113348,7,113341
113350,23,113327
113352,11,113341
113354,13,113341
113356,29,113327
113358,17,113341
113360,3,113357
113362,3,113359
113364,5,113359
113366,3,113363
113368,5,113363
113370,7,113363
113372,13,113359
113374,3,113371
113376,5,113371
113378,7,113371
113380,17,113363
113382,11,113371
113384,3,113381
113386,3,113383
113388,5,113383
113390,7,113383
113392,11,113381
113394,11,113383
113396,13,113383
113398,17,113381
113400,17,113383
113402,19,113383
113404,23,113381
113406,23,113383
113408,37,113371
113410,29,113381
113412,29,113383
113414,31,113383
113416,53,113363
113418,37,113381
113420,3,113417
113422,5,113417
113424,7,113417
113426,43,113383
113428,11,113417
113430,13,113417
113432,61,113371
113434,17,113417
113436,19,113417
113438,67,113371
113440,3,113437
113442,5,113437
113444,7,113437
113446,29,113417
113448,11,113437
113450,13,113437
113452,71,113381
113454,17,113437
113456,3,113453
113458,5,113453
113460,7,113453
113462,79,113383
113464,11,113453
113466,13,113453
113468,31,113437
113470,3,113467
113472,5,113467
113474,7,113467
113476,23,113453
113478,11,113467
113480,13,113467
113482,29,113453
113484,17,113467
113486,19,113467
113488,71,113417
113490,23,113467
113492,3,113489
113494,5,113489
113496,7,113489
113498,31,113467
113500,3,113497
113502,5,113497
113504,3,113501
113506,5,113501
113508,7,113501
113510,13,113497
113512,11,113501
113514,13,113501
113516,3,113513
113518,5,113513
113520,7,113513
113522,139,113383
113524,11,113513
113526,13,113513
113528,31,113497
113530,17,113513
113532,19,113513
113534,37,113497
113536,23,113513
113538,37,113501
113540,3,113537
113542,3,113539
113544,5,113539
113546,7,113539
113548,11,113537
113550,11,113539
113552,13,113539
113554,17,113537
113556,17,113539
113558,19,113539
113560,3,113557
113562,5,113557
113564,7,113557
113566,29,113537
113568,11,113557
113570,3,113567
113572,5,113567
113574,7,113567
113576,19,113557
113578,11,113567
113580,13,113567
113582,43,113539
113584,17,113567
113586,19,113567
113588,31,113557
113590,23,113567
113592,53,113539
113594,3,113591
113596,5,113591
113598,7,113591
113600,43,113557
113602,11,113591
113604,13,113591
113606,67,113539
113608,17,113591
113610,19,113591
113612,73,113539
113614,23,113591
113616,59,113557
113618,61,113557
113620,29,113591
113622,31,113591
113624,3,113621
113626,3,113623
113628,5,113623
113630,7,113623
113632,11,113621
113634,11,113623
113636,13,113623
113638,17,113621
113640,17,113623
113642,19,113623
113644,23,113621
113646,23,113623
113648,109,113539
113650,3,113647
113652,5,113647
113654,7,113647
113656,89,113567
113658,11,113647
113660,3,113657
113662,5,113657
113664,7,113657
113666,19,113647
113668,11,113657
113670,13,113657
113672,313,113359
113674,17,113657
113676,19,113657
113678,31,113647
113680,23,113657
113682,59,113623
113684,37,113647
113686,3,113683
113688,5,113683
113690,7,113683
113692,71,113621
113694,11,113683
113696,13,113683
113698,41,113657
113700,17,113683
113702,19,113683
113704,47,113657
113706,23,113683
113708,61,113647
113710,53,113657
113712,29,113683
113714,31,113683
113716,59,113657
113718,61,113657
113720,3,113717
113722,3,113719
113724,5,113719
113726,3,113723
113728,5,113723
113730,7,113723
113732,13,113719
113734,3,113731
113736,5,113731
113738,7,113731
113740,17,113723
113742,11,113731
113744,13,113731
113746,23,113723
113748,17,113731
113750,19,113731
113752,3,113749
113754,5,113749
113756,7,113749
113758,41,113717
113760,11,113749
113762,3,113759
113764,3,113761
113766,5,113761
113768,7,113761
113770,11,113759
113772,11,113761
113774,13,113761
113776,17,113759
113778,17,113761
113780,3,113777
113782,3,113779
113784,5,113779
113786,3,113783
113788,5,113783
113790,7,113783
113792,13,113779
113794,11,113783
113796,13,113783
113798,19,113779
113800,3,113797
113802,5,113797
113804,7,113797
113806,23,113783
113808,11,113797
113810,13,113797
113812,3,113809
113814,5,113809
113816,7,113809
113818,41,113777
113820,11,113809
113822,3,113819
113824,5,113819
113826,7,113819
113828,19,113809
113830,11,113819
113832,13,113819
113834,37,113797
113836,17,113819
113838,19,113819
113840,3,113837
113842,5,113837
113844,7,113837
113846,3,113843
113848,5,113843
113850,7,113843
113852,43,113809
113854,11,113843
113856,13,113843
113858,61,113797
113860,17,113843
113862,19,113843
113864,67,113797
113866,23,113843
113868,31,113837
113870,61,113809
113872,29,113843
113874,31,113843
113876,67,113809
113878,41,113837
113880,37,113843
113882,73,113809
113884,41,113843
113886,43,113843
113888,79,113809
113890,47,113843
113892,73,113819
113894,3,113891
113896,5,113891
113898,7,113891
113900,103,113797
113902,3,113899
113904,5,113899
113906,3,113903
113908,5,113903
113910,7,113903
113912,3,113909
113914,5,113909
113916,7,113909
113918,19,113899
113920,11,113909
113922,13,113909
113924,3,113921
113926,5,113921
113928,7,113921
113930,31,113899
113932,11,113921
113934,13,113921
113936,3,113933
113938,5,113933
113940,7,113933
113942,43,113899
113944,11,113933
113946,13,113933
113948,139,113809
113950,3,113947
113952,5,113947
113954,7,113947
113956,23,113933
113958,11,113947
113960,3,113957
113962,5,113957
113964,7,113957
113966,3,113963
113968,5,113963
113970,7,113963
113972,3,113969
113974,5,113969
113976,7,113969
113978,31,113947
113980,11,113969
113982,13,113969
113984,37,113947
113986,3,113983
113988,5,113983
113990,7,113983
113992,3,113989
113994,5,113989
113996,7,113989
113998,29,113969
114000,11,113989
114002,13,113989
114004,3,114001
114006,5,114001
114008,7,114001
114010,41,113969
114012,11,114001
114014,13,114001
114016,3,114013
114018,5,114013
114020,7,114013
114022,53,113969
114024,11,114013
114026,13,114013
114028,59,113969
114030,17,114013
114032,19,114013
114034,3,114031
114036,5,114031
114038,7,114031
114040,71,113969
114042,11,114031
114044,3,114041
114046,3,114043
114048,5,114043
114050,7,114043
114052,11,114041
114054,11,114043
114056,13,114043
114058,17,114041
114060,17,114043
114062,19,114043
114064,23,114041
114066,23,114043
114068,37,114031
114070,3,114067
114072,5,114067
114074,7,114067
114076,3,114073
114078,5,114073
114080,3,114077
114082,5,114077
114084,7,114077
114086,3,114083
114088,5,114083
114090,7,114083
114092,3,114089
114094,5,114089
114096,7,114089
114098,31,114067
114100,11,114089
114102,13,114089
114104,31,114073
114106,17,114089
114108,19,114089
114110,37,114073
114112,23,114089
114114,31,114083
114116,3,114113
114118,5,114113
114120,7,114113
114122,79,114043
114124,11,114113
114126,13,114113
114128,61,114067
114130,17,114113
114132,19,114113
114134,61,114073
114136,23,114113
114138,61,114077
114140,67,114073
114142,29,114113
114144,31,114113
114146,3,114143
114148,5,114143
114150,7,114143
114152,79,114073
114154,11,114143
114156,13,114143
114158,127,114031
114160,3,114157
114162,5,114157
114164,3,114161
114166,5,114161
114168,7,114161
114170,3,114167
114172,5,114167
114174,7,114167
114176,19,114157
114178,11,114167
114180,13,114167
114182,109,114073
114184,17,114167
114186,19,114167
114188,31,114157
114190,23,114167
114192,31,114161
114194,37,114157
114196,3,114193
114198,5,114193
114200,3,114197
114202,3,114199
114204,5,114199
114206,3,114203
114208,5,114203
114210,7,114203
114212,13,114199
114214,11,114203
114216,13,114203
114218,19,114199
114220,3,114217
114222,5,114217
114224,3,114221
114226,5,114221
114228,7,114221
114230,13,114217
114232,3,114229
114234,5,114229
114236,7,114229
114238,17,114221
114240,11,114229
114242,13,114229
114244,23,114221
114246,17,114229
114248,19,114229
114250,29,114221
114252,23,114229
114254,37,114217
114256,53,114203
114258,29,114229
114260,31,114229
114262,3,114259
114264,5,114259
114266,7,114259
114268,47,114221
114270,11,114259
114272,3,114269
114274,5,114269
114276,7,114269
114278,19,114259
114280,3,114277
114282,5,114277
114284,3,114281
114286,5,114281
114288,7,114281
114290,13,114277
114292,11,114281
114294,13,114281
114296,19,114277
114298,17,114281
114300,19,114281
114302,3,114299
114304,5,114299
114306,7,114299
114308,31,114277
114310,11,114299
114312,13,114299
114314,3,114311
114316,5,114311
114318,7,114311
114320,43,114277
114322,3,114319
114324,5,114319
114326,7,114319
114328,17,114311
114330,11,114319
114332,3,114329
114334,5,114329
114336,7,114329
114338,19,114319
114340,11,114329
114342,13,114329
114344,67,114277
114346,3,114343
114348,5,114343
114350,7,114343
114352,23,114329
114354,11,114343
114356,13,114343
114358,29,114329
114360,17,114343
114362,19,114343
114364,53,114311
114366,23,114343
114368,109,114259
114370,41,114329
114372,29,114343
114374,3,114371
114376,5,114371
114378,7,114371
114380,3,114377
114382,5,114377
114384,7,114377
114386,43,114343
114388,11,114377
114390,13,114377
114392,73,114319
114394,17,114377
114396,19,114377
114398,79,114319
114400,23,114377
114402,31,114371
114404,61,114343
114406,29,114377
114408,31,114377
114410,3,114407
114412,5,114407
114414,7,114407
114416,73,114343
114418,11,114407
114420,13,114407
114422,3,114419
114424,5,114419
114426,7,114419
114428,109,114319
114430,11,114419
114432,13,114419
114434,157,114277
114436,17,114419
114438,19,114419
114440,97,114343
114442,23,114419
114444,37,114407
114446,103,114343
114448,29,114419
114450,31,114419
114452,109,114343
114454,3,114451
114456,5,114451
114458,7,114451
114460,41,114419
114462,11,114451
114464,13,114451
114466,47,114419
114468,17,114451
114470,3,114467
114472,5,114467
114474,7,114467
114476,3,114473
114478,5,114473
114480,7,114473
114482,3,114479
114484,5,114479
114486,7,114479
114488,37,114451
114490,3,114487
114492,5,114487
114494,7,114487
114496,3,114493
114498,5,114493
114500,7,114493
114502,23,114479
114504,11,114493
114506,13,114493
114508,29,114479
114510,17,114493
114512,19,114493
114514,41,114473
114516,23,114493
114518,31,114487
114520,41,114479
114522,29,114493
114524,31,114493
114526,47,114479
114528,41,114487
114530,37,114493
114532,53,114479
114534,41,114493
114536,43,114493
114538,59,114479
114540,47,114493
114542,199,114343
114544,71,114473
114546,53,114493
114548,61,114487
114550,3,114547
114552,5,114547
114554,7,114547
114556,3,114553
114558,5,114553
114560,7,114553
114562,83,114479
114564,11,114553
114566,13,114553
114568,89,114479
114570,17,114553
114572,19,114553
114574,3,114571
114576,5,114571
114578,7,114571
114580,3,114577
114582,5,114577
114584,7,114577
114586,107,114479
114588,11,114577
114590,13,114577
114592,113,114479
114594,17,114577
114596,3,114593
114598,5,114593
114600,7,114593
114602,3,114599
114604,3,114601
114606,5,114601
114608,7,114601
114610,11,114599
114612,11,114601
114614,13,114601
114616,3,114613
114618,5,114613
114620,3,114617
114622,5,114617
114624,7,114617
114626,13,114613
114628,11,114617
114630,13,114617
114632,19,114613
114634,17,114617
114636,19,114617
114638,37,114601
114640,23,114617
114642,29,114613
114644,3,114641
114646,3,114643
114648,5,114643
114650,7,114643
114652,3,114649
114654,5,114649
114656,7,114649
114658,17,114641
114660,11,114649
114662,3,114659
114664,3,114661
114666,5,114661
114668,7,114661
114670,11,114659
114672,11,114661
114674,3,114671
114676,5,114671
114678,7,114671
114680,19,114661
114682,3,114679
114684,5,114679
114686,7,114679
114688,17,114671
114690,11,114679
114692,3,114689
114694,3,114691
114696,5,114691
114698,7,114691
114700,11,114689
114702,11,114691
114704,13,114691
114706,17,114689
114708,17,114691
114710,19,114691
114712,23,114689
114714,23,114691
114716,3,114713
114718,5,114713
114720,7,114713
114722,31,114691
114724,11,114713
114726,13,114713
114728,37,114691
114730,17,114713
114732,19,114713
114734,43,114691
114736,23,114713
114738,47,114691
114740,61,114679
114742,29,114713
114744,31,114713
114746,3,114743
114748,5,114743
114750,7,114743
114752,3,114749
114754,5,114749
114756,7,114749
114758,67,114691
114760,3,114757
114762,5,114757
114764,3,114761
114766,5,114761
114768,7,114761
114770,13,114757
114772,3,114769
114774,5,114769
114776,3,114773
114778,5,114773
114780,7,114773
114782,13,114769
114784,3,114781
114786,5,114781
114788,7,114781
114790,17,114773
114792,11,114781
114794,13,114781
114796,23,114773
114798,17,114781
114800,3,114797
114802,3,114799
114804,5,114799
114806,7,114799
114808,11,114797
114810,11,114799
114812,3,114809
114814,5,114809
114816,7,114809
114818,19,114799
114820,11,114809
114822,13,114809
114824,43,114781
114826,17,114809
114828,19,114809
114830,3,114827
114832,5,114827
114834,7,114827
114836,3,114833
114838,5,114833
114840,7,114833
114842,43,114799
114844,11,114833
114846,13,114833
114848,67,114781
114850,3,114847
114852,5,114847
114854,7,114847
114856,23,114833
114858,11,114847
114860,13,114847
114862,3,114859
114864,5,114859
114866,7,114859
114868,41,114827
114870,11,114859
114872,13,114859
114874,41,114833
114876,17,114859
114878,19,114859
114880,47,114833
114882,23,114859
114884,37,114847
114886,3,114883
114888,5,114883
114890,7,114883
114892,3,114889
114894,5,114889
114896,7,114889
114898,71,114827
114900,11,114889
114902,13,114889
114904,3,114901
114906,5,114901
114908,7,114901
114910,83,114827
114912,11,114901
114914,13,114901
114916,3,114913
114918,5,114913
114920,7,114913
114922,89,114833
114924,11,114913
114926,13,114913
114928,101,114827
114930,17,114913
114932,19,114913
114934,101,114833
114936,23,114913
114938,37,114901
114940,107,114833
114942,29,114913
114944,3,114941
114946,5,114941
114948,7,114941
114950,37,114913
114952,11,114941
114954,13,114941
114956,43,114913
114958,17,114941
114960,19,114941
114962,61,114901
114964,23,114941
114966,53,114913
114968,67,114901
114970,3,114967
114972,5,114967
114974,7,114967
114976,3,114973
114978,5,114973
114980,7,114973
114982,41,114941
114984,11,114973
114986,13,114973
114988,47,114941
114990,17,114973
114992,19,114973
114994,53,114941
114996,23,114973
114998,31,114967
115000,3,114997
115002,5,114997
115004,3,115001
115006,5,115001
115008,7,115001
115010,13,114997
115012,11,115001
115014,13,115001
115016,3,115013
115018,5,115013
115020,7,115013
115022,3,115019
115024,3,115021
115026,5,115021
115028,7,115021
115030,11,115019
115032,11,115021
115034,13,115021
115036,17,115019
115038,17,115021
115040,19,115021
115042,23,115019
115044,23,115021
115046,73,114973
115048,29,115019
115050,29,115021
115052,31,115021
115054,41,115013
115056,37,115019
115058,37,115021
115060,3,115057
115062,5,115057
115064,3,115061
115066,5,115061
115068,7,115061
115070,3,115067
115072,5,115067
115074,7,115067
115076,19,115057
115078,11,115067
115080,13,115067
115082,3,115079
115084,5,115079
115086,7,115079
115088,31,115057
115090,11,115079
115092,13,115079
115094,37,115057
115096,17,115079
115098,19,115079
115100,43,115057
115102,3,115099
115104,5,115099
115106,7,115099
115108,29,115079
115110,11,115099
115112,13,115099
115114,47,115067
115116,17,115099
115118,19,115099
115120,3,115117
115122,5,115117
115124,7,115117
115126,3,115123
115128,5,115123
115130,3,115127
115132,5,115127
115134,7,115127
115136,3,115133
115138,5,115133
115140,7,115133
115142,19,115123
115144,11,115133
115146,13,115133
115148,31,115117
115150,17,115133
115152,19,115133
115154,3,115151
115156,3,115153
115158,5,115153
115160,7,115153
115162,11,115151
115164,11,115153
115166,3,115163
115168,5,115163
115170,7,115163
115172,19,115153
115174,11,115163
115176,13,115163
115178,61,115117
115180,17,115163
115182,19,115163
115184,31,115153
115186,3,115183
115188,5,115183
115190,7,115183
115192,29,115163
115194,11,115183
115196,13,115183
115198,47,115151
115200,17,115183
115202,19,115183
115204,3,115201
115206,5,115201
115208,7,115201
115210,47,115163
115212,11,115201
115214,3,115211
115216,5,115211
115218,7,115211
115220,19,115201
115222,11,115211
115224,13,115211
115226,3,115223
115228,5,115223
115230,7,115223
115232,31,115201
115234,11,115223
115236,13,115223
115238,37,115201
115240,3,115237
115242,5,115237
115244,7,115237
115246,23,115223
115248,11,115237
115250,13,115237
115252,3,115249
115254,5,115249
115256,7,115249
115258,47,115211
115260,11,115249
115262,3,115259
115264,5,115259
115266,7,115259
115268,19,115249
115270,11,115259
115272,13,115259
115274,37,115237
115276,17,115259
115278,19,115259
115280,31,115249
115282,3,115279
115284,5,115279
115286,7,115279
115288,29,115259
115290,11,115279
115292,13,115279
115294,71,115223
115296,17,115279
115298,19,115279
115300,41,115259
115302,23,115279
115304,3,115301
115306,3,115303
115308,5,115303
115310,7,115303
115312,3,115309
115314,5,115309
115316,7,115309
115318,17,115301
115320,11,115309
115322,3,115319
115324,3,115321
115326,5,115321
115328,7,115321
115330,3,115327
115332,5,115327
115334,3,115331
115336,5,115331
115338,7,115331
115340,3,115337
115342,5,115337
115344,7,115337
115346,3,115343
115348,5,115343
115350,7,115343
115352,31,115321
115354,11,115343
115356,13,115343
115358,31,115327
115360,17,115343
115362,19,115343
115364,3,115361
115366,3,115363
115368,5,115363
115370,7,115363
115372,11,115361
115374,11,115363
115376,13,115363
115378,17,115361
115380,17,115363
115382,19,115363
115384,23,115361
115386,23,115363
115388,61,115327
115390,29,115361
115392,29,115363
115394,31,115363
115396,53,115343
115398,37,115361
115400,37,115363
115402,3,115399
115404,5,115399
115406,7,115399
115408,47,115361
115410,11,115399
115412,13,115399
115414,53,115361
115416,17,115399
115418,19,115399
115420,59,115361
115422,23,115399
115424,3,115421
115426,5,115421
115428,7,115421
115430,31,115399
115432,3,115429
115434,5,115429
115436,7,115429
115438,17,115421
115440,11,115429
115442,13,115429
115444,23,115421
115446,17,115429
115448,19,115429
115450,29,115421
115452,23,115429
115454,127,115327
115456,113,115343
115458,29,115429
115460,31,115429
115462,3,115459
115464,5,115459
115466,7,115459
115468,47,115421
115470,11,115459
115472,3,115469
115474,3,115471
115476,5,115471
115478,7,115471
115480,11,115469
115482,11,115471
115484,13,115471
115486,17,115469
115488,17,115471
115490,19,115471
115492,23,115469
115494,23,115471
115496,37,115459
115498,29,115469
115500,29,115471
115502,3,115499
115504,5,115499
115506,7,115499
115508,37,115471
115510,11,115499
115512,13,115499
115514,43,115471
115516,3,115513
115518,5,115513
115520,7,115513
115522,23,115499
115524,11,115513
115526,3,115523
115528,5,115523
115530,7,115523
115532,19,115513
115534,11,115523
115536,13,115523
115538,67,115471
115540,17,115523
115542,19,115523
115544,31,115513
115546,23,115523
115548,79,115469
115550,3,115547
115552,5,115547
115554,7,115547
115556,3,115553
115558,5,115553
115560,7,115553
115562,103,115459
115564,3,115561
115566,5,115561
115568,7,115561
115570,17,115553
115572,11,115561
115574,3,115571
115576,5,115571
115578,7,115571
115580,19,115561
115582,11,115571
115584,13,115571
115586,73,115513
115588,17,115571
115590,19,115571
115592,3,115589
115594,5,115589
115596,7,115589
115598,37,115561
115600,3,115597
115602,5,115597
115604,3,115601
115606,3,115603
115608,5,115603
115610,7,115603
115612,11,115601
115614,11,115603
115616,3,115613
115618,5,115613
115620,7,115613
115622,19,115603
115624,11,115613
115626,13,115613
115628,31,115597
115630,17,115613
115632,19,115613
115634,3,115631
115636,5,115631
115638,7,115631
115640,3,115637
115642,5,115637
115644,7,115637
115646,43,115603
115648,11,115637
115650,13,115637
115652,139,115513
115654,17,115637
115656,19,115637
115658,61,115597
115660,3,115657
115662,5,115657
115664,7,115657
115666,3,115663
115668,5,115663
115670,7,115663
115672,41,115631
115674,11,115663
115676,13,115663
115678,41,115637
115680,17,115663
115682,3,115679
115684,5,115679
115686,7,115679
115688,31,115657
115690,11,115679
115692,13,115679
115694,31,115663
115696,3,115693
115698,5,115693
115700,7,115693
115702,23,115679
115704,11,115693
115706,13,115693
115708,29,115679
115710,17,115693
115712,19,115693
115714,83,115631
115716,23,115693
115718,61,115657
115720,41,115679
115722,29,115693
115724,31,115693
115726,47,115679
115728,71,115657
115730,3,115727
115732,5,115727
115734,7,115727
115736,3,115733
115738,5,115733
115740,7,115733
115742,79,115663
115744,3,115741
115746,5,115741
115748,7,115741
115750,17,115733
115752,11,115741
115754,3,115751
115756,5,115751
115758,7,115751
115760,3,115757
115762,5,115757
115764,7,115757
115766,3,115763
115768,5,115763
115770,7,115763
115772,3,115769
115774,3,115771
115776,5,115771
115778,7,115771
115780,3,115777
115782,5,115777
115784,3,115781
115786,3,115783
115788,5,115783
115790,7,115783
115792,11,115781
115794,11,115783
115796,3,115793
115798,5,115793
115800,7,115793
115802,19,115783
115804,11,115793
115806,13,115793
115808,31,115777
115810,3,115807
115812,5,115807
115814,3,115811
115816,5,115811
115818,7,115811
115820,13,115807
115822,11,115811
115824,13,115811
115826,3,115823
115828,5,115823
115830,7,115823
115832,61,115771
115834,3,115831
115836,5,115831
115838,7,115831
115840,3,115837
115842,5,115837
115844,7,115837
115846,23,115823
115848,11,115837
115850,13,115837
115852,3,115849
115854,5,115849
115856,3,115853
115858,5,115853
115860,7,115853
115862,3,115859
115864,3,115861
115866,5,115861
115868,7,115861
115870,11,115859
115872,11,115861
115874,13,115861
115876,3,115873
115878,5,115873
115880,3,115877
115882,3,115879
115884,5,115879
115886,3,115883
115888,5,115883
115890,7,115883
115892,13,115879
115894,3,115891
115896,5,115891
115898,7,115891
115900,17,115883
115902,11,115891
115904,3,115901
115906,3,115903
115908,5,115903
115910,7,115903
115912,11,115901
115914,11,115903
115916,13,115903
115918,17,115901
115920,17,115903
115922,19,115903
115924,23,115901
115926,23,115903
115928,37,115891
115930,29,115901
115932,29,115903
115934,3,115931
115936,3,115933
115938,5,115933
115940,7,115933
115942,11,115931
115944,11,115933
115946,13,115933
115948,17,115931
115950,17,115933
115952,19,115933
115954,23,115931
115956,23,115933
115958,67,115891
115960,29,115931
115962,29,115933
115964,31,115933
115966,3,115963
115968,5,115963
115970,7,115963
115972,41,115931
115974,11,115963
115976,13,115963
115978,47,115931
115980,17,115963
115982,3,115979
115984,3,115981
115986,5,115981
115988,7,115981
115990,3,115987
115992,5,115987
115994,7,115987
115996,17,115979
115998,11,115987
116000,13,115987
116002,23,115979
116004,17,115987
116006,19,115987
116008,29,115979
116010,23,115987
116012,3,116009
116014,5,116009
116016,7,116009
116018,31,115987
116020,11,116009
116022,13,116009
116024,37,115987
116026,17,116009
116028,19,116009
116030,3,116027
116032,5,116027
116034,7,116027
116036,73,115963
116038,11,116027
116040,13,116027
116042,61,115981
116044,3,116041
116046,5,116041
116048,7,116041
116050,3,116047
116052,5,116047
116054,7,116047
116056,29,116027
116058,11,116047
116060,13,116047
116062,53,116009
116064,17,116047
116066,19,116047
116068,41,116027
116070,23,116047
116072,31,116041
116074,47,116027
116076,29,116047
116078,31,116047
116080,53,116027
116082,41,116041
116084,37,116047
116086,59,116027
116088,41,116047
116090,43,116047
116092,3,116089
116094,5,116089
116096,7,116089
116098,71,116027
116100,11,116089
116102,3,116099
116104,3,116101
116106,5,116101
116108,7,116101
116110,3,116107
116112,5,116107
116114,7,116107
116116,3,116113
116118,5,116113
116120,7,116113
116122,23,116099
116124,11,116113
116126,13,116113
116128,29,116099
116130,17,116113
116132,19,116113
116134,3,116131
116136,5,116131
116138,7,116131
116140,41,116099
116142,11,116131
116144,3,116141
116146,5,116141
116148,7,116141
116150,19,116131
116152,11,116141
116154,13,116141
116156,43,116113
116158,17,116141
116160,19,116141
116162,3,116159
116164,5,116159
116166,7,116159
116168,37,116131
116170,3,116167
116172,5,116167
116174,7,116167
116176,17,116159
116178,11,116167
116180,3,116177
116182,5,116177
116184,7,116177
116186,19,116167
116188,11,116177
116190,13,116177
116192,3,116189
116194,3,116191
116196,5,116191
116198,7,116191
116200,11,116189
116202,11,116191
116204,3,116201
116206,5,116201
116208,7,116201
116210,19,116191
116212,11,116201
116214,13,116201
116216,103,116113
116218,17,116201
116220,19,116201
116222,31,116191
116224,23,116201
116226,37,116189
116228,37,116191
116230,29,116201
116232,31,116201
116234,43,116191
116236,47,116189
116238,37,116201
116240,73,116167
116242,3,116239
116244,5,116239
116246,3,116243
116248,5,116243
116250,7,116243
116252,13,116239
116254,11,116243
116256,13,116243
116258,19,116239
116260,3,116257
116262,5,116257
116264,7,116257
116266,23,116243
116268,11,116257
116270,13,116257
116272,3,116269
116274,5,116269
116276,3,116273
116278,5,116273
116280,7,116273
116282,3,116279
116284,5,116279
116286,7,116279
116288,19,116269
116290,11,116279
116292,13,116279
116294,37,116257
116296,3,116293
116298,5,116293
116300,7,116293
116302,23,116279
116304,11,116293
116306,13,116293
116308,29,116279
116310,17,116293
116312,19,116293
116314,41,116273
116316,23,116293
116318,61,116257
116320,41,116279
116322,29,116293
116324,31,116293
116326,47,116279
116328,59,116269
116330,37,116293
116332,3,116329
116334,5,116329
116336,7,116329
116338,59,116279
116340,11,116329
116342,13,116329
116344,3,116341
116346,5,116341
116348,7,116341
116350,71,116279
116352,11,116341
116354,3,116351
116356,5,116351
116358,7,116351
116360,19,116341
116362,3,116359
116364,5,116359
116366,7,116359
116368,17,116351
116370,11,116359
116372,13,116359
116374,3,116371
116376,5,116371
116378,7,116371
116380,29,116351
116382,11,116371
116384,3,116381
116386,5,116381
116388,7,116381
116390,3,116387
116392,5,116387
116394,7,116387
116396,37,116359
116398,11,116387
116400,13,116387
116402,31,116371
116404,17,116387
116406,19,116387
116408,37,116371
116410,23,116387
116412,31,116381
116414,3,116411
116416,5,116411
116418,7,116411
116420,61,116359
116422,11,116411
116424,13,116411
116426,3,116423
116428,5,116423
116430,7,116423
116432,61,116371
116434,11,116423
116436,13,116423
116438,67,116371
116440,3,116437
116442,5,116437
116444,7,116437
116446,3,116443
116448,5,116443
116450,3,116447
116452,5,116447
116454,7,116447
116456,13,116443
116458,11,116447
116460,13,116447
116462,19,116443
116464,3,116461
116466,5,116461
116468,7,116461
116470,23,116447
116472,11,116461
116474,3,116471
116476,5,116471
116478,7,116471
116480,19,116461
116482,11,116471
116484,13,116471
116486,3,116483
116488,5,116483
116490,7,116483
116492,31,116461
116494,3,116491
116496,5,116491
116498,7,116491
116500,17,116483
116502,11,116491
116504,13,116491
116506,23,116483
116508,17,116491
116510,3,116507
116512,5,116507
116514,7,116507
116516,73,116443
116518,11,116507
116520,13,116507
116522,31,116491
116524,17,116507
116526,19,116507
116528,37,116491
116530,23,116507
116532,41,116491
116534,3,116531
116536,3,116533
116538,5,116533
116540,3,116537
116542,3,116539
116544,5,116539
116546,7,116539
116548,11,116537
116550,11,116539
116552,3,116549
116554,5,116549
116556,7,116549
116558,19,116539
116560,11,116549
116562,13,116549
116564,31,116533
116566,17,116549
116568,19,116549
116570,31,116539
116572,23,116549
116574,37,116537
116576,37,116539
116578,29,116549
116580,31,116549
116582,3,116579
116584,5,116579
116586,7,116579
116588,97,116491
116590,11,116579
116592,13,116579
116594,61,116533
116596,3,116593
116598,5,116593
116600,7,116593
116602,23,116579
116604,11,116593
116606,13,116593
116608,29,116579
116610,17,116593
116612,19,116593
116614,83,116531
116616,23,116593
116618,79,116539
116620,41,116579
116622,29,116593
116624,31,116593
116626,47,116579
116628,79,116549
116630,37,116593
116632,53,116579
116634,41,116593
116636,43,116593
116638,59,116579
116640,47,116593
116642,3,116639
116644,5,116639
116646,7,116639
116648,109,116539
116650,11,116639
116652,13,116639
116654,61,116593
116656,17,116639
116658,19,116639
116660,3,116657
116662,5,116657
116664,7,116657
116666,3,116663
116668,5,116663
116670,7,116663
116672,79,116593
116674,11,116663
116676,13,116663
116678,139,116539
116680,17,116663
116682,19,116663
116684,3,116681
116686,5,116681
116688,7,116681
116690,3,116687
116692,3,116689
116694,5,116689
116696,7,116689
116698,11,116687
116700,11,116689
116702,13,116689
116704,17,116687
116706,17,116689
116708,19,116689
116710,3,116707
116712,5,116707
116714,7,116707
116716,29,116687
116718,11,116707
116720,13,116707
116722,3,116719
116724,5,116719
116726,7,116719
116728,41,116687
116730,11,116719
116732,13,116719
116734,3,116731
116736,5,116731
116738,7,116731
116740,53,116687
116742,11,116731
116744,3,116741
116746,5,116741
116748,7,116741
116750,3,116747
116752,5,116747
116754,7,116747
116756,37,116719
116758,11,116747
116760,13,116747
116762,31,116731
116764,17,116747
116766,19,116747
116768,37,116731
116770,23,116747
116772,31,116741
116774,43,116731
116776,29,116747
116778,31,116747
116780,61,116719
116782,41,116741
116784,37,116747
116786,67,116719
116788,41,116747
116790,43,116747
116792,3,116789
116794,3,116791
116796,5,116791
116798,7,116791
116800,3,116797
116802,5,116797
116804,7,116797
116806,3,116803
116808,5,116803
116810,7,116803
116812,23,116789
116814,11,116803
116816,13,116803
116818,29,116789
116820,17,116803
116822,3,116819
116824,5,116819
116826,7,116819
116828,31,116797
116830,3,116827
116832,5,116827
116834,7,116827
116836,3,116833
116838,5,116833
116840,7,116833
116842,23,116819
116844,11,116833
116846,13,116833
116848,29,116819
116850,17,116833
116852,3,116849
116854,5,116849
116856,7,116849
116858,31,116827
116860,11,116849
116862,13,116849
116864,31,116833
116866,17,116849
116868,19,116849
116870,3,116867
116872,5,116867
116874,7,116867
116876,43,116833
116878,11,116867
116880,13,116867
116882,79,116803
116884,3,116881
116886,5,116881
116888,7,116881
116890,23,116867
116892,11,116881
116894,13,116881
116896,29,116867
116898,17,116881
116900,19,116881
116902,53,116849
116904,23,116881
116906,3,116903
116908,5,116903
116910,7,116903
116912,31,116881
116914,3,116911
116916,5,116911
116918,7,116911
116920,17,116903
116922,11,116911
116924,13,116911
116926,3,116923
116928,5,116923
116930,3,116927
116932,3,116929
116934,5,116929
116936,3,116933
116938,5,116933
116940,7,116933
116942,13,116929
116944,11,116933
116946,13,116933
116948,19,116929
116950,17,116933
116952,19,116933
116954,31,116923
116956,3,116953
116958,5,116953
116960,7,116953
116962,3,116959
116964,5,116959
116966,7,116959
116968,41,116927
116970,11,116959
116972,3,116969
116974,5,116969
116976,7,116969
116978,19,116959
116980,11,116969
116982,13,116969
116984,3,116981
116986,5,116981
116988,7,116981
116990,31,116959
116992,3,116989
116994,5,116989
116996,3,116993
116998,5,116993
117000,7,116993
117002,13,116989
117004,11,116993
117006,13,116993
117008,19,116989
117010,17,116993
117012,19,116993
117014,61,116953
117016,23,116993
117018,29,116989
117020,3,117017
117022,5,117017
117024,7,117017
117026,3,117023
117028,5,117023
117030,7,117023
117032,43,116989
117034,11,117023
117036,13,117023
117038,79,116959
117040,3,117037
117042,5,117037
117044,3,117041
117046,3,117043
117048,5,117043
117050,7,117043
117052,11,117041
117054,11,117043
117056,3,117053
117058,5,117053
117060,7,117053
117062,19,117043
117064,11,117053
117066,13,117053
117068,31,117037
117070,17,117053
117072,19,117053
117074,3,117071
117076,5,117071
117078,7,117071
117080,37,117043
117082,11,117071
117084,13,117071
117086,43,117043
117088,17,117071
117090,19,117071
117092,103,116989
117094,23,117071
117096,43,117053
117098,61,117037
117100,29,117071
117102,31,117071
117104,3,117101
117106,5,117101
117108,7,117101
117110,67,117043
117112,3,117109
117114,5,117109
117116,7,117109
117118,17,117101
117120,11,117109
117122,3,117119
117124,5,117119
117126,7,117119
117128,19,117109
117130,3,117127
117132,5,117127
117134,7,117127
117136,3,117133
117138,5,117133
117140,7,117133
117142,23,117119
117144,11,117133
117146,13,117133
117148,29,117119
117150,17,117133
117152,19,117133
117154,53,117101
117156,23,117133
117158,31,117127
117160,41,117119
117162,29,117133
117164,31,117133
117166,3,117163
117168,5,117163
117170,3,117167
117172,5,117167
117174,7,117167
117176,13,117163
117178,11,117167
117180,13,117167
117182,19,117163
117184,17,117167
117186,19,117167
117188,61,117127
117190,23,117167
117192,29,117163
117194,3,117191
117196,3,117193
117198,5,117193
117200,7,117193
117202,11,117191
117204,11,117193
117206,3,117203
117208,5,117203
117210,7,117203
117212,3,117209
117214,5,117209
117216,7,117209
117218,109,117109
117220,11,117209
117222,13,117209
117224,31,117193
117226,3,117223
117228,5,117223
117230,7,117223
117232,23,117209
117234,11,117223
117236,13,117223
117238,29,117209
117240,17,117223
117242,3,117239
117244,3,117241
117246,5,117241
117248,7,117241
117250,11,117239
117252,11,117241
117254,3,117251
117256,5,117251
117258,7,117251
117260,19,117241
117262,3,117259
117264,5,117259
117266,7,117259
117268,17,117251
117270,11,117259
117272,3,117269
117274,5,117269
117276,7,117269
117278,19,117259
117280,11,117269
117282,13,117269
117284,3,117281
117286,5,117281
117288,7,117281
117290,31,117259
117292,11,117281
117294,13,117281
117296,37,117259
117298,17,117281
117300,19,117281
117302,43,117259
117304,23,117281
117306,37,117269
117308,67,117241
117310,3,117307
117312,5,117307
117314,7,117307
117316,47,117269
117318,11,117307
117320,13,117307
117322,3,117319
117324,5,117319
117326,7,117319
117328,47,117281
117330,11,117319
117332,3,117329
117334,3,117331
117336,5,117331
117338,7,117331
117340,11,117329
117342,11,117331
117344,13,117331
117346,17,117329
117348,17,117331
117350,19,117331
117352,23,117329
117354,23,117331
117356,3,117353
117358,5,117353
117360,7,117353
117362,31,117331
117364,3,117361
117366,5,117361
117368,7,117361
117370,17,117353
117372,11,117361
117374,3,117371
117376,3,117373
117378,5,117373
117380,7,117373
117382,11,117371
117384,11,117373
117386,13,117373
117388,17,117371
117390,17,117373
117392,3,117389
117394,5,117389
117396,7,117389
117398,37,117361
117400,11,117389
117402,13,117389
117404,31,117373
117406,17,117389
117408,19,117389
117410,37,117373
117412,23,117389
117414,41,117373
117416,3,117413
117418,5,117413
117420,7,117413
117422,61,117361
117424,11,117413
117426,13,117413
117428,67,117361
117430,3,117427
117432,5,117427
117434,3,117431
117436,5,117431
117438,7,117431
117440,3,117437
117442,5,117437
117444,7,117437
117446,3,117443
117448,5,117443
117450,7,117443
117452,79,117373
117454,11,117443
117456,13,117443
117458,31,117427
117460,17,117443
117462,19,117443
117464,37,117427
117466,23,117443
117468,31,117437
117470,43,117427
117472,29,117443
117474,31,117443
117476,103,117373
117478,41,117437
117480,37,117443
117482,109,117373
117484,41,117443
117486,43,117443
117488,61,117427
117490,47,117443
117492,61,117431
117494,67,117427
117496,53,117443
117498,61,117437
117500,3,117497
117502,3,117499
117504,5,117499
117506,3,117503
117508,5,117503
117510,7,117503
117512,13,117499
117514,3,117511
117516,5,117511
117518,7,117511
117520,3,117517
117522,5,117517
117524,7,117517
117526,23,117503
117528,11,117517
117530,13,117517
117532,3,117529
117534,5,117529
117536,7,117529
117538,41,117497
117540,11,117529
117542,3,117539
117544,3,117541
117546,5,117541
117548,7,117541
117550,11,117539
117552,11,117541
117554,13,117541
117556,17,117539
117558,17,117541
117560,19,117541
117562,23,117539
117564,23,117541
117566,3,117563
117568,5,117563
117570,7,117563
117572,31,117541
117574,3,117571
117576,5,117571
117578,7,117571
117580,3,117577
117582,5,117577
117584,7,117577
117586,23,117563
117588,11,117577
117590,13,117577
117592,29,117563
117594,17,117577
117596,19,117577
117598,59,117539
117600,23,117577
117602,31,117571
117604,41,117563
117606,29,117577
117608,31,117577
117610,47,117563
117612,41,117571
117614,37,117577
117616,53,117563
117618,41,117577
117620,3,117617
117622,3,117619
117624,5,117619
117626,7,117619
117628,11,117617
117630,11,117619
117632,13,117619
117634,17,117617
117636,17,117619
117638,19,117619
117640,23,117617
117642,23,117619
117644,67,117577
117646,3,117643
117648,5,117643
117650,7,117643
117652,89,117563
117654,11,117643
117656,13,117643
117658,41,117617
117660,17,117643
117662,3,117659
117664,5,117659
117666,7,117659
117668,97,117571
117670,11,117659
117672,13,117659
117674,3,117671
117676,3,117673
117678,5,117673
117680,7,117673
117682,3,117679
117684,5,117679
117686,7,117679
117688,17,117671
117690,11,117679
117692,13,117679
117694,23,117671
117696,17,117679
117698,19,117679
117700,29,117671
117702,23,117679
117704,3,117701
117706,3,117703
117708,5,117703
117710,7,117703
117712,3,117709
117714,5,117709
117716,7,117709
117718,17,117701
117720,11,117709
117722,13,117709
117724,3,117721
117726,5,117721
117728,7,117721
117730,3,117727
117732,5,117727
117734,3,117731
117736,5,117731
117738,7,117731
117740,13,117727
117742,11,117731
117744,13,117731
117746,19,117727
117748,17,117731
117750,19,117731
117752,31,117721
117754,3,117751
117756,5,117751
117758,7,117751
117760,3,117757
117762,5,117757
117764,7,117757
117766,3,117763
117768,5,117763
117770,7,117763
117772,41,117731
117774,11,117763
117776,3,117773
117778,5,117773
117780,7,117773
117782,3,117779
117784,5,117779
117786,7,117779
117788,31,117757
117790,3,117787
117792,5,117787
117794,7,117787
117796,17,117779
117798,11,117787
117800,3,117797
117802,5,117797
117804,7,117797
117806,19,117787
117808,11,117797
117810,13,117797
117812,3,117809
117814,3,117811
117816,5,117811
117818,7,117811
117820,11,117809
117822,11,117811
117824,13,117811
117826,17,117809
117828,17,117811
117830,19,117811
117832,23,117809
117834,23,117811
117836,3,117833
117838,5,117833
117840,7,117833
117842,3,117839
117844,3,117841
117846,5,117841
117848,7,117841
117850,11,117839
117852,11,117841
117854,3,117851
117856,5,117851
117858,7,117851
117860,19,117841
117862,11,117851
117864,13,117851
117866,79,117787
117868,17,117851
117870,19,117851
117872,31,117841
117874,23,117851
117876,37,117839
117878,37,117841
117880,3,117877
117882,5,117877
117884,3,117881
117886,3,117883
117888,5,117883
117890,7,117883
117892,3,117889
117894,5,117889
117896,7,117889
117898,17,117881
117900,11,117889
117902,3,117899
117904,5,117899
117906,7,117899
117908,19,117889
117910,11,117899
117912,13,117899
117914,3,117911
117916,5,117911
117918,7,117911
117920,3,117917
117922,5,117917
117924,7,117917
117926,37,117889
117928,11,117917
117930,13,117917
117932,43,117889
117934,17,117917
117936,19,117917
117938,61,117877
117940,3,117937
117942,5,117937
117944,7,117937
117946,29,117917
117948,11,117937
117950,13,117937
117952,41,117911
117954,17,117937
117956,19,117937
117958,41,117917
117960,23,117937
117962,3,117959
117964,5,117959
117966,7,117959
117968,31,117937
117970,11,117959
117972,13,117959
117974,37,117937
117976,3,117973
117978,5,117973
117980,3,117977
117982,3,117979
117984,5,117979
117986,7,117979
117988,11,117977
117990,11,117979
117992,3,117989
117994,3,117991
117996,5,117991
117998,7,117991
118000,11,117989
118002,11,117991
118004,13,117991
118006,17,117989
118008,17,117991
118010,19,117991
118012,23,117989
118014,23,117991
118016,37,117979
118018,29,117989
118020,29,117991
118022,31,117991
118024,47,117977
118026,37,117989
118028,37,117991
118030,41,117989
118032,41,117991
118034,43,117991
118036,3,118033
118038,5,118033
118040,3,118037
118042,5,118037
118044,7,118037
118046,3,118043
118048,5,118043
118050,7,118043
118052,19,118033
118054,3,118051
118056,5,118051
118058,7,118051
118060,3,118057
118062,5,118057
118064,3,118061
118066,5,118061
118068,7,118061
118070,13,118057
118072,11,118061
118074,13,118061
118076,19,118057
118078,17,118061
118080,19,118061
118082,31,118051
118084,3,118081
118086,5,118081
118088,7,118081
118090,29,118061
118092,11,118081
118094,13,118081
118096,3,118093
118098,5,118093
118100,7,118093
118102,41,118061
118104,11,118093
118106,13,118093
118108,47,118061
118110,17,118093
118112,19,118093
118114,53,118061
118116,23,118093
118118,37,118081
118120,59,118061
118122,29,118093
118124,31,118093
118126,83,118043
118128,47,118081
118130,3,118127
118132,5,118127
118134,7,118127
118136,43,118093
118138,11,118127
118140,13,118127
118142,61,118081
118144,17,118127
118146,19,118127
118148,67,118081
118150,3,118147
118152,5,118147
118154,7,118147
118156,29,118127
118158,11,118147
118160,13,118147
118162,101,118061
118164,17,118147
118166,3,118163
118168,5,118163
118170,7,118163
118172,3,118169
118174,3,118171
118176,5,118171
118178,7,118171
118180,11,118169
118182,11,118171
118184,13,118171
118186,17,118169
118188,17,118171
118190,19,118171
118192,3,118189
118194,5,118189
118196,7,118189
118198,29,118169
118200,11,118189
118202,13,118189
118204,41,118163
118206,17,118189
118208,19,118189
118210,41,118169
118212,23,118189
118214,3,118211
118216,3,118213
118218,5,118213
118220,7,118213
118222,3,118219
118224,5,118219
118226,7,118219
118228,17,118211
118230,11,118219
118232,13,118219
118234,23,118211
118236,17,118219
118238,19,118219
118240,29,118211
118242,23,118219
118244,31,118213
118246,83,118163
118248,29,118219
118250,3,118247
118252,3,118249
118254,5,118249
118256,3,118253
118258,5,118253
118260,7,118253
118262,3,118259
118264,5,118259
118266,7,118259
118268,19,118249
118270,11,118259
118272,13,118259
118274,61,118213
118276,3,118273
118278,5,118273
118280,3,118277
118282,5,118277
118284,7,118277
118286,13,118273
118288,11,118277
118290,13,118277
118292,19,118273
118294,17,118277
118296,19,118277
118298,79,118219
118300,3,118297
118302,5,118297
118304,7,118297
118306,29,118277
118308,11,118297
118310,13,118297
118312,53,118259
118314,17,118297
118316,19,118297
118318,41,118277
118320,23,118297
118322,73,118249
118324,47,118277
118326,29,118297
118328,31,118297
118330,53,118277
118332,59,118273
118334,37,118297
118336,59,118277
118338,41,118297
118340,43,118297
118342,83,118259
118344,47,118297
118346,3,118343
118348,5,118343
118350,7,118343
118352,79,118273
118354,11,118343
118356,13,118343
118358,61,118297
118360,17,118343
118362,19,118343
118364,3,118361
118366,5,118361
118368,7,118361
118370,73,118297
118372,3,118369
118374,5,118369
118376,3,118373
118378,5,118373
118380,7,118373
118382,13,118369
118384,11,118373
118386,13,118373
118388,19,118369
118390,3,118387
118392,5,118387
118394,7,118387
118396,23,118373
118398,11,118387
118400,13,118387
118402,3,118399
118404,5,118399
118406,7,118399
118408,47,118361
118410,11,118399
118412,3,118409
118414,3,118411
118416,5,118411
118418,7,118411
118420,11,118409
118422,11,118411
118424,13,118411
118426,3,118423
118428,5,118423
118430,7,118423
118432,3,118429
118434,5,118429
118436,7,118429
118438,29,118409
118440,11,118429
118442,13,118429
118444,71,118373
118446,17,118429
118448,19,118429
118450,41,118409
118452,23,118429
118454,31,118423
118456,3,118453
118458,5,118453
118460,3,118457
118462,5,118457
118464,7,118457
118466,3,118463
118468,5,118463
118470,7,118463
118472,19,118453
118474,3,118471
118476,5,118471
118478,7,118471
118480,17,118463
118482,11,118471
118484,13,118471
118486,23,118463
118488,17,118471
118490,19,118471
118492,29,118463
118494,23,118471
118496,3,118493
118498,5,118493
118500,7,118493
118502,31,118471
118504,11,118493
118506,13,118493
118508,37,118471
118510,17,118493
118512,19,118493
118514,43,118471
118516,23,118493
118518,47,118471
118520,67,118453
118522,29,118493
118524,31,118493
118526,73,118453
118528,71,118457
118530,37,118493
118532,3,118529
118534,5,118529
118536,7,118529
118538,67,118471
118540,11,118529
118542,13,118529
118544,73,118471
118546,3,118543
118548,5,118543
118550,7,118543
118552,3,118549
118554,5,118549
118556,7,118549
118558,29,118529
118560,11,118549
118562,13,118549
118564,71,118493
118566,17,118549
118568,19,118549
118570,41,118529
118572,23,118549
118574,3,118571
118576,5,118571
118578,7,118571
118580,31,118549
118582,11,118571
118584,13,118571
118586,3,118583
118588,5,118583
118590,7,118583
118592,3,118589
118594,5,118589
118596,7,118589
118598,127,118471
118600,11,118589
118602,13,118589
118604,61,118543
118606,3,118603
118608,5,118603
118610,7,118603
118612,23,118589
118614,11,118603
118616,13,118603
118618,29,118589
118620,17,118603
118622,3,118619
118624,3,118621
118626,5,118621
118628,7,118621
118630,11,118619
118632,11,118621
118634,13,118621
118636,3,118633
118638,5,118633
118640,7,118633
118642,23,118619
118644,11,118633
118646,13,118633
118648,29,118619
118650,17,118633
118652,19,118633
118654,71,118583
118656,23,118633
118658,37,118621
118660,41,118619
118662,29,118633
118664,3,118661
118666,5,118661
118668,7,118661
118670,37,118633
118672,3,118669
118674,5,118669
118676,3,118673
118678,5,118673
118680,7,118673
118682,13,118669
118684,3,118681
118686,5,118681
118688,7,118681
118690,3,118687
118692,5,118687
118694,3,118691
118696,5,118691
118698,7,118691
118700,13,118687
118702,11,118691
118704,13,118691
118706,19,118687
118708,17,118691
118710,19,118691
118712,3,118709
118714,5,118709
118716,7,118709
118718,31,118687
118720,3,118717
118722,5,118717
118724,7,118717
118726,17,118709
118728,11,118717
118730,13,118717
118732,23,118709
118734,17,118717
118736,19,118717
118738,29,118709
118740,23,118717
118742,3,118739
118744,5,118739
118746,7,118739
118748,31,118717
118750,3,118747
118752,5,118747
118754,3,118751
118756,5,118751
118758,7,118751
118760,3,118757
118762,5,118757
118764,7,118757
118766,19,118747
118768,11,118757
118770,13,118757
118772,103,118669
118774,17,118757
118776,19,118757
118778,31,118747
118780,23,118757
118782,31,118751
118784,37,118747
118786,29,118757
118788,31,118757
118790,3,118787
118792,5,118787
118794,7,118787
118796,79,118717
118798,11,118787
118800,13,118787
118802,3,118799
118804,3,118801
118806,5,118801
118808,7,118801
118810,11,118799
118812,11,118801
118814,13,118801
118816,17,118799
118818,17,118801
118820,19,118801
118822,3,118819
118824,5,118819
118826,7,118819
118828,29,118799
118830,11,118819
118832,13,118819
118834,3,118831
118836,5,118831
118838,7,118831
118840,41,118799
118842,11,118831
118844,13,118831
118846,3,118843
118848,5,118843
118850,7,118843
118852,53,118799
118854,11,118843
118856,13,118843
118858,59,118799
118860,17,118843
118862,19,118843
118864,3,118861
118866,5,118861
118868,7,118861
118870,71,118799
118872,11,118861
118874,13,118861
118876,3,118873
118878,5,118873
118880,7,118873
118882,83,118799
118884,11,118873
118886,13,118873
118888,89,118799
118890,17,118873
118892,19,118873
118894,3,118891
118896,5,118891
118898,7,118891
118900,3,118897
118902,5,118897
118904,3,118901
118906,3,118903
118908,5,118903
118910,3,118907
118912,5,118907
118914,7,118907
118916,3,118913
118918,5,118913
118920,7,118913
118922,19,118903
118924,11,118913
118926,13,118913
118928,31,118897
118930,3,118927
118932,5,118927
118934,3,118931
118936,5,118931
118938,7,118931
118940,13,118927
118942,11,118931
118944,13,118931
118946,19,118927
118948,17,118931
118950,19,118931
118952,61,118891
118954,23,118931
118956,29,118927
118958,31,118927
118960,29,118931
118962,31,118931
118964,37,118927
118966,53,118913
118968,37,118931
118970,3,118967
118972,5,118967
118974,7,118967
118976,3,118973
118978,5,118973
118980,7,118973
118982,79,118903
118984,11,118973
118986,13,118973
118988,61,118927
118990,17,118973
118992,19,118973
118994,67,118927
118996,23,118973
118998,31,118967
119000,73,118927
119002,29,118973
119004,31,118973
119006,79,118927
119008,41,118967
119010,37,118973
119012,109,118903
119014,41,118973
119016,43,118973
119018,127,118891
119020,47,118973
119022,109,118913
119024,97,118927
119026,53,118973
119028,61,118967
119030,3,119027
119032,5,119027
119034,7,119027
119036,3,119033
119038,5,119033
119040,7,119033
119042,3,119039
119044,5,119039
119046,7,119039
119048,151,118897
119050,3,119047
119052,5,119047
119054,7,119047
119056,17,119039
119058,11,119047
119060,3,119057
119062,5,119057
119064,7,119057
119066,19,119047
119068,11,119057
119070,13,119057
119072,3,119069
119074,5,119069
119076,7,119069
119078,31,119047
119080,11,119069
119082,13,119069
119084,37,119047
119086,3,119083
119088,5,119083
119090,3,119087
119092,3,119089
119094,5,119089
119096,7,119089
119098,11,119087
119100,11,119089
119102,3,119099
119104,3,119101
119106,5,119101
119108,7,119101
119110,3,119107
119112,5,119107
119114,7,119107
119116,17,119099
119118,11,119107
119120,13,119107
119122,23,119099
119124,17,119107
119126,19,119107
119128,29,119099
119130,23,119107
119132,3,119129
119134,3,119131
119136,5,119131
119138,7,119131
119140,11,119129
119142,11,119131
119144,13,119131
119146,17,119129
119148,17,119131
119150,19,119131
119152,23,119129
119154,23,119131
119156,67,119089
119158,29,119129
119160,29,119131
119162,3,119159
119164,5,119159
119166,7,119159
119168,37,119131
119170,11,119159
119172,13,119159
119174,43,119131
119176,3,119173
119178,5,119173
119180,7,119173
119182,3,119179
119184,5,119179
119186,3,119183
119188,5,119183
119190,7,119183
119192,13,119179
119194,3,119191
119196,5,119191
119198,7,119191
119200,17,119183
119202,11,119191
119204,13,119191
119206,23,119183
119208,17,119191
119210,19,119191
119212,29,119183
119214,23,119191
119216,37,119179
119218,59,119159
119220,29,119191
119222,31,119191
119224,41,119183
119226,43,119183
119228,37,119191
119230,3,119227
119232,5,119227
119234,7,119227
119236,3,119233
119238,5,119233
119240,3,119237
119242,5,119237
119244,7,119237
119246,3,119243
119248,5,119243
119250,7,119243
119252,19,119233
119254,11,119243
119256,13,119243
119258,31,119227
119260,17,119243
119262,19,119243
119264,31,119233
119266,23,119243
119268,31,119237
119270,3,119267
119272,5,119267
119274,7,119267
119276,43,119233
119278,11,119267
119280,13,119267
119282,103,119179
119284,17,119267
119286,19,119267
119288,61,119227
119290,23,119267
119292,59,119233
119294,3,119291
119296,3,119293
119298,5,119293
119300,3,119297
119302,3,119299
119304,5,119299
119306,7,119299
119308,11,119297
119310,11,119299
119312,13,119299
119314,3,119311
119316,5,119311
119318,7,119311
119320,23,119297
119322,11,119311
119324,3,119321
119326,5,119321
119328,7,119321
119330,19,119311
119332,11,119321
119334,13,119321
119336,37,119299
119338,17,119321
119340,19,119321
119342,31,119311
119344,23,119321
119346,47,119299
119348,37,119311
119350,29,119321
119352,31,119321
119354,43,119311
119356,59,119297
119358,37,119321
119360,61,119299
119362,3,119359
119364,5,119359
119366,3,119363
119368,5,119363
119370,7,119363
119372,13,119359
119374,11,119363
119376,13,119363
119378,19,119359
119380,17,119363
119382,19,119363
119384,73,119311
119386,23,119363
119388,29,119359
119390,31,119359
119392,3,119389
119394,5,119389
119396,7,119389
119398,101,119297
119400,11,119389
119402,13,119389
119404,41,119363
119406,17,119389
119408,19,119389
119410,47,119363
119412,23,119389
119414,103,119311
119416,53,119363
119418,29,119389
119420,3,119417
119422,3,119419
119424,5,119419
119426,7,119419
119428,11,119417
119430,11,119419
119432,3,119429
119434,5,119429
119436,7,119429
119438,19,119419
119440,11,119429
119442,13,119429
119444,151,119293
119446,17,119429
119448,19,119429
119450,3,119447
119452,5,119447
119454,7,119447
119456,37,119419
119458,11,119447
119460,13,119447
119462,43,119419
119464,17,119447
119466,19,119447
119468,79,119389
119470,23,119447
119472,43,119429
119474,163,119311
119476,29,119447
119478,31,119447
119480,61,119419
119482,53,119429
119484,37,119447
119486,67,119419
119488,41,119447
119490,43,119447
119492,3,119489
119494,5,119489
119496,7,119489
119498,79,119419
119500,11,119489
119502,13,119489
119504,193,119311
119506,3,119503
119508,5,119503
119510,7,119503
119512,23,119489
119514,11,119503
119516,3,119513
119518,5,119513
119520,7,119513
119522,19,119503
119524,11,119513
119526,13,119513
119528,109,119419
119530,17,119513
119532,19,119513
119534,31,119503
119536,3,119533
119538,5,119533
119540,7,119533
119542,29,119513
119544,11,119533
119546,13,119533
119548,59,119489
119550,17,119533
119552,3,119549
119554,3,119551
119556,5,119551
119558,7,119551
119560,3,119557
119562,5,119557
119564,7,119557
119566,3,119563
119568,5,119563
119570,7,119563
119572,3,119569
119574,5,119569
119576,7,119569
119578,29,119549
119580,11,119569
119582,13,119569
119584,71,119513
119586,17,119569
119588,19,119569
119590,41,119549
119592,23,119569
119594,3,119591
119596,5,119591
119598,7,119591
119600,31,119569
119602,11,119591
119604,13,119591
119606,37,119569
119608,17,119591
119610,19,119591
119612,43,119569
119614,3,119611
119616,5,119611
119618,7,119611
119620,3,119617
119622,5,119617
119624,7,119617
119626,113,119513
119628,11,119617
119630,3,119627
119632,5,119627
119634,7,119627
119636,3,119633
119638,5,119633
119640,7,119633
119642,31,119611
119644,11,119633
119646,13,119633
119648,31,119617
119650,17,119633
119652,19,119633
119654,37,119617
119656,3,119653
119658,5,119653
119660,3,119657
119662,3,119659
119664,5,119659
119666,7,119659
119668,11,119657
119670,11,119659
119672,13,119659
119674,3,119671
119676,5,119671
119678,7,119671
119680,3,119677
119682,5,119677
119684,7,119677
119686,29,119657
119688,11,119677
119690,3,119687
119692,3,119689
119694,5,119689
119696,7,119689
119698,11,119687
119700,11,119689
119702,3,119699
119704,3,119701
119706,5,119701
119708,7,119701
119710,11,119699
119712,11,119701
119714,13,119701
119716,17,119699
119718,17,119701
119720,19,119701
119722,23,119699
119724,23,119701
119726,3,119723
119728,5,119723
119730,7,119723
119732,31,119701
119734,11,119723
119736,13,119723
119738,37,119701
119740,3,119737
119742,5,119737
119744,7,119737
119746,23,119723
119748,11,119737
119750,3,119747
119752,5,119747
119754,7,119747
119756,19,119737
119758,11,119747
119760,13,119747
119762,3,119759
119764,5,119759
119766,7,119759
119768,31,119737
119770,11,119759
119772,13,119759
119774,3,119771
119776,3,119773
119778,5,119773
119780,7,119773
119782,11,119771
119784,11,119773
119786,3,119783
119788,5,119783
119790,7,119783
119792,19,119773
119794,11,119783
119796,13,119783
119798,61,119737
119800,3,119797
119802,5,119797
119804,7,119797
119806,23,119783
119808,11,119797
119810,13,119797
119812,3,119809
119814,5,119809
119816,3,119813
119818,5,119813
119820,7,119813
119822,13,119809
119824,11,119813
119826,13,119813
119828,19,119809
119830,3,119827
119832,5,119827
119834,3,119831
119836,5,119831
119838,7,119831
119840,13,119827
119842,3,119839
119844,5,119839
119846,7,119839
119848,17,119831
119850,11,119839
119852,3,119849
119854,3,119851
119856,5,119851
119858,7,119851
119860,11,119849
119862,11,119851
119864,13,119851
119866,17,119849
119868,17,119851
119870,19,119851
119872,3,119869
119874,5,119869
119876,7,119869
119878,29,119849
119880,11,119869
119882,13,119869
119884,3,119881
119886,5,119881
119888,7,119881
119890,41,119849
119892,11,119881
119894,3,119891
119896,5,119891
119898,7,119891
119900,19,119881
119902,11,119891
119904,13,119891
119906,37,119869
119908,17,119891
119910,19,119891
119912,31,119881
119914,23,119891
119916,47,119869
119918,37,119881
119920,29,119891
119922,31,119891
119924,3,119921
119926,3,119923
119928,5,119923
119930,7,119923
119932,3,119929
119934,5,119929
119936,7,119929
119938,17,119921
119940,11,119929
119942,13,119929
119944,23,119921
119946,17,119929
119948,19,119929
119950,29,119921
119952,23,119929
119954,31,119923
119956,3,119953
119958,5,119953
119960,7,119953
119962,41,119921
119964,11,119953
119966,3,119963
119968,5,119963
119970,7,119963
119972,19,119953
119974,3,119971
119976,5,119971
119978,7,119971
119980,17,119963
119982,11,119971
119984,3,119981
119986,3,119983
119988,5,119983
119990,7,119983
119992,11,119981
119994,11,119983
119996,3,119993
119998,5,119993
120000,7,119993
120002,19,119983
120004,11,119993
120006,13,119993
120008,37,119971
120010,17,119993
120012,19,119993
120014,3,120011
120016,5,120011
120018,7,120011
120020,3,120017
120022,5,120017
120024,7,120017
120026,43,119983
120028,11,120017
120030,13,120017
120032,61,119971
120034,17,120017
120036,19,120017
120038,67,119971
120040,23,120017
120042,31,120011
120044,3,120041
120046,5,120041
120048,7,120041
120050,3,120047
120052,3,120049
120054,5,120049
120056,7,120049
120058,11,120047
120060,11,120049
120062,13,120049
120064,17,120047
120066,17,120049
120068,19,120049
120070,3,120067
120072,5,120067
120074,7,120067
120076,29,120047
120078,11,120067
120080,3,120077
120082,3,120079
120084,5,120079
120086,7,120079
120088,11,120077
120090,11,120079
120092,13,120079
120094,3,120091
120096,5,120091
120098,7,120091
120100,3,120097
120102,5,120097
120104,7,120097
120106,3,120103
120108,5,120103
120110,7,120103
120112,71,120041
120114,11,120103
120116,13,120103
120118,41,120077
120120,17,120103
120122,19,120103
120124,3,120121
120126,5,120121
120128,7,120121
120130,53,120077
120132,11,120121
120134,13,120121
120136,59,120077
120138,17,120121
120140,19,120121
120142,101,120041
120144,23,120121
120146,43,120103
120148,71,120077
120150,29,120121
120152,31,120121
120154,107,120047
120156,53,120103
120158,37,120121
120160,3,120157
120162,5,120157
120164,7,120157
120166,3,120163
120168,5,120163
120170,3,120167
120172,5,120167
120174,7,120167
120176,13,120163
120178,11,120167
120180,13,120167
120182,19,120163
120184,3,120181
120186,5,120181
120188,7,120181
120190,23,120167
120192,11,120181
120194,13,120181
120196,3,120193
120198,5,120193
120200,7,120193
120202,3,120199
120204,5,120199
120206,7,120199
120208,41,120167
120210,11,120199
120212,3,120209
120214,5,120209
120216,7,120209
120218,19,120199
120220,11,120209
120222,13,120209
120224,31,120193
120226,3,120223
120228,5,120223
120230,7,120223
120232,23,120209
120234,11,120223
120236,3,120233
120238,5,120233
120240,7,120233
120242,19,120223
120244,11,120233
120246,13,120233
120248,67,120181
120250,3,120247
120252,5,120247
120254,7,120247
120256,23,120233
120258,11,120247
120260,13,120247
120262,29,120233
120264,17,120247
120266,19,120247
120268,59,120209
120270,23,120247
120272,73,120199
120274,41,120233
120276,29,120247
120278,31,120247
120280,3,120277
120282,5,120277
120284,7,120277
120286,3,120283
120288,5,120283
120290,7,120283
120292,59,120233
120294,11,120283
120296,3,120293
120298,5,120293
120300,7,120293
120302,3,120299
120304,5,120299
120306,7,120299
120308,31,120277
120310,11,120299
120312,13,120299
120314,31,120283
120316,17,120299
120318,19,120299
120320,37,120283
120322,3,120319
120324,5,120319
120326,7,120319
120328,29,120299
120330,11,120319
120332,13,120319
120334,3,120331
120336,5,120331
120338,7,120331
120340,41,120299
120342,11,120331
120344,13,120331
120346,47,120299
120348,17,120331
120350,19,120331
120352,3,120349
120354,5,120349
120356,7,120349
120358,59,120299
120360,11,120349
120362,13,120349
120364,71,120293
120366,17,120349
120368,19,120349
120370,71,120299
120372,23,120349
120374,3,120371
120376,5,120371
120378,7,120371
120380,31,120349
120382,11,120371
120384,13,120371
120386,3,120383
120388,5,120383
120390,7,120383
120392,43,120349
120394,3,120391
120396,5,120391
120398,7,120391
120400,3,120397
120402,5,120397
120404,3,120401
120406,5,120401
120408,7,120401
120410,13,120397
120412,11,120401
120414,13,120401
120416,3,120413
120418,5,120413
120420,7,120413
120422,31,120391
120424,11,120413
120426,13,120413
120428,31,120397
120430,3,120427
120432,5,120427
120434,3,120431
120436,5,120431
120438,7,120431
120440,13,120427
120442,11,120431
120444,13,120431
120446,19,120427
120448,17,120431
120450,19,120431
120452,61,120391
120454,23,120431
120456,29,120427
120458,31,120427
120460,29,120431
120462,31,120431
120464,37,120427
120466,53,120413
120468,37,120431
120470,43,120427
120472,41,120431
120474,43,120431
120476,3,120473
120478,5,120473
120480,7,120473
120482,151,120331
120484,11,120473
120486,13,120473
120488,61,120427
120490,17,120473
120492,19,120473
120494,67,120427
120496,23,120473
120498,67,120431
120500,73,120427
120502,29,120473
120504,31,120473
120506,3,120503
120508,5,120503
120510,7,120503
120512,163,120349
120514,3,120511
120516,5,120511
120518,7,120511
120520,17,120503
120522,11,120511
120524,13,120511
120526,23,120503
120528,17,120511
120530,19,120511
120532,29,120503
120534,23,120511
120536,109,120427
120538,107,120431
120540,29,120511
120542,3,120539
120544,5,120539
120546,7,120539
120548,37,120511
120550,11,120539
120552,13,120539
120554,3,120551
120556,5,120551
120558,7,120551
120560,3,120557
120562,5,120557
120564,7,120557
120566,3,120563
120568,5,120563
120570,7,120563
120572,3,120569
120574,5,120569
120576,7,120569
120578,67,120511
120580,3,120577
120582,5,120577
120584,7,120577
120586,17,120569
120588,11,120577
120590,3,120587
120592,5,120587
120594,7,120587
120596,19,120577
120598,11,120587
120600,13,120587
120602,211,120391
120604,17,120587
120606,19,120587
120608,31,120577
120610,3,120607
120612,5,120607
120614,7,120607
120616,29,120587
120618,11,120607
120620,13,120607
120622,3,120619
120624,5,120619
120626,3,120623
120628,5,120623
120630,7,120623
120632,13,120619
120634,11,120623
120636,13,120623
120638,19,120619
120640,17,120623
120642,19,120623
120644,3,120641
120646,5,120641
120648,7,120641
120650,3,120647
120652,5,120647
120654,7,120647
120656,37,120619
120658,11,120647
120660,13,120647
120662,43,120619
120664,3,120661
120666,5,120661
120668,7,120661
120670,23,120647
120672,11,120661
120674,3,120671
120676,5,120671
120678,7,120671
120680,3,120677
120682,5,120677
120684,7,120677
120686,67,120619
120688,11,120677
120690,13,120677
120692,3,120689
120694,3,120691
120696,5,120691
120698,7,120691
120700,11,120689
120702,11,120691
120704,13,120691
120706,17,120689
120708,17,120691
120710,19,120691
120712,3,120709
120714,5,120709
120716,3,120713
120718,5,120713
120720,7,120713
120722,13,120709
120724,3,120721
120726,5,120721
120728,7,120721
120730,17,120713
120732,11,120721
120734,13,120721
120736,23,120713
120738,17,120721
120740,3,120737
120742,3,120739
120744,5,120739
120746,7,120739
120748,11,120737
120750,11,120739
120752,3,120749
120754,5,120749
120756,7,120749
120758,19,120739
120760,11,120749
120762,13,120749
120764,43,120721
120766,3,120763
120768,5,120763
120770,3,120767
120772,5,120767
120774,7,120767
120776,13,120763
120778,11,120767
120780,13,120767
120782,3,120779
120784,5,120779
120786,7,120779
120788,67,120721
120790,11,120779
120792,13,120779
120794,31,120763
120796,17,120779
120798,19,120779
120800,37,120763
120802,23,120779
120804,37,120767
120806,43,120763
120808,29,120779
120810,31,120779
120812,73,120739
120814,3,120811
120816,5,120811
120818,7,120811
120820,3,120817
120822,5,120817
120824,7,120817
120826,3,120823
120828,5,120823
120830,7,120823
120832,3,120829
120834,5,120829
120836,3,120833
120838,5,120833
120840,7,120833
120842,13,120829
120844,11,120833
120846,13,120833
120848,19,120829
120850,3,120847
120852,5,120847
120854,3,120851
120856,5,120851
120858,7,120851
120860,13,120847
120862,11,120851
120864,13,120851
120866,3,120863
120868,5,120863
120870,7,120863
120872,43,120829
120874,3,120871
120876,5,120871
120878,7,120871
120880,3,120877
120882,5,120877
120884,7,120877
120886,23,120863
120888,11,120877
120890,13,120877
120892,3,120889
120894,5,120889
120896,7,120889
120898,47,120851
120900,11,120889
120902,3,120899
120904,5,120899
120906,7,120899
120908,19,120889
120910,3,120907
120912,5,120907
120914,7,120907
120916,17,120899
120918,11,120907
120920,3,120917
120922,3,120919
120924,5,120919
120926,7,120919
120928,11,120917
120930,11,120919
120932,3,120929
120934,5,120929
120936,7,120929
120938,19,120919
120940,3,120937
120942,5,120937
120944,3,120941
120946,3,120943
120948,5,120943
120950,3,120947
120952,5,120947
120954,7,120947
120956,13,120943
120958,11,120947
120960,13,120947
120962,19,120943
120964,17,120947
120966,19,120947
120968,31,120937
120970,23,120947
120972,29,120943
120974,31,120943
120976,29,120947
120978,31,120947
120980,3,120977
120982,5,120977
120984,7,120977
120986,43,120943
120988,11,120977
120990,13,120977
120992,73,120919
120994,17,120977
120996,19,120977
120998,61,120937
121000,3,120997
121002,5,120997
121004,3,121001
121006,5,121001
121008,7,121001
121010,3,121007
121012,5,121007
121014,7,121007
121016,3,121013
121018,5,121013
121020,7,121013
121022,3,121019
121024,3,121021
121026,5,121021
121028,7,121021
121030,11,121019
121032,11,121021
121034,13,121021
121036,17,121019
121038,17,121021
121040,19,121021
121042,3,121039
121044,5,121039
121046,7,121039
121048,29,121019
121050,11,121039
121052,13,121039
121054,41,121013
121056,17,121039
121058,19,121039
121060,41,121019
121062,23,121039
121064,3,121061
121066,3,121063
121068,5,121063
121070,3,121067
121072,5,121067
121074,7,121067
121076,13,121063
121078,11,121067
121080,13,121067
121082,19,121063
121084,3,121081
121086,5,121081
121088,7,121081
121090,23,121067
121092,11,121081
121094,13,121081
121096,29,121067
121098,17,121081
121100,19,121081
121102,41,121061
121104,23,121081
121106,43,121063
121108,41,121067
121110,29,121081
121112,31,121081
121114,47,121067
121116,53,121063
121118,37,121081
121120,53,121067
121122,41,121081
121124,43,121081
121126,3,121123
121128,5,121123
121130,7,121123
121132,71,121061
121134,11,121123
121136,13,121123
121138,71,121067
121140,17,121123
121142,3,121139
121144,5,121139
121146,7,121139
121148,67,121081
121150,11,121139
121152,13,121139
121154,3,121151
121156,5,121151
121158,7,121151
121160,3,121157
121162,5,121157
121164,7,121157
121166,43,121123
121168,11,121157
121170,13,121157
121172,3,121169
121174,3,121171
121176,5,121171
121178,7,121171
121180,11,121169
121182,11,121171
121184,3,121181
121186,5,121181
121188,7,121181
121190,19,121171
121192,3,121189
121194,5,121189
121196,7,121189
121198,17,121181
121200,11,121189
121202,13,121189
121204,23,121181
121206,17,121189
121208,19,121189
121210,29,121181
121212,23,121189
121214,43,121171
121216,47,121169
121218,29,121189
121220,31,121189
121222,41,121181
121224,43,121181
121226,37,121189
121228,47,121181
121230,41,121189
121232,3,121229
121234,5,121229
121236,7,121229
121238,67,121171
121240,11,121229
121242,13,121229
121244,73,121171
121246,17,121229
121248,19,121229
121250,61,121189
121252,23,121229
121254,73,121181
121256,67,121189
121258,29,121229
121260,31,121229
121262,3,121259
121264,5,121259
121266,7,121259
121268,79,121189
121270,3,121267
121272,5,121267
121274,3,121271
121276,5,121271
121278,7,121271
121280,13,121267
121282,11,121271
121284,13,121271
121286,3,121283
121288,5,121283
121290,7,121283
121292,103,121189
121294,3,121291
121296,5,121291
121298,7,121291
121300,17,121283
121302,11,121291
121304,13,121291
121306,23,121283
121308,17,121291
121310,19,121291
121312,3,121309
121314,5,121309
121316,3,121313
121318,5,121313
121320,7,121313
121322,13,121309
121324,3,121321
121326,5,121321
121328,7,121321
121330,3,121327
121332,5,121327
121334,7,121327
121336,3,121333
121338,5,121333
121340,7,121333
121342,29,121313
121344,11,121333
121346,3,121343
121348,5,121343
121350,7,121343
121352,3,121349
121354,3,121351
121356,5,121351
121358,7,121351
121360,3,121357
121362,5,121357
121364,7,121357
121366,17,121349
121368,11,121357
121370,3,121367
121372,3,121369
121374,5,121369
121376,7,121369
121378,11,121367
121380,11,121369
121382,3,121379
121384,5,121379
121386,7,121379
121388,19,121369
121390,11,121379
121392,13,121379
121394,37,121357
121396,17,121379
121398,19,121379
121400,31,121369
121402,23,121379
121404,37,121367
121406,3,121403
121408,5,121403
121410,7,121403
121412,43,121369
121414,11,121403
121416,13,121403
121418,61,121357
121420,17,121403
121422,19,121403
121424,3,121421
121426,5,121421
121428,7,121421
121430,61,121369
121432,11,121421
121434,13,121421
121436,67,121369
121438,17,121421
121440,19,121421
121442,3,121439
121444,3,121441
121446,5,121441
121448,7,121441
121450,3,121447
121452,5,121447
121454,7,121447
121456,3,121453
121458,5,121453
121460,7,121453
121462,23,121439
121464,11,121453
121466,13,121453
121468,29,121439
121470,17,121453
121472,3,121469
121474,5,121469
121476,7,121469
121478,31,121447
121480,11,121469
121482,13,121469
121484,31,121453
121486,17,121469
121488,19,121469
121490,3,121487
121492,5,121487
121494,7,121487
121496,3,121493
121498,5,121493
121500,7,121493
121502,61,121441
121504,3,121501
121506,5,121501
121508,7,121501
121510,3,121507
121512,5,121507
121514,7,121507
121516,23,121493
121518,11,121507
121520,13,121507
121522,29,121493
121524,17,121507
121526,3,121523
121528,5,121523
121530,7,121523
121532,31,121501
121534,3,121531
121536,5,121531
121538,7,121531
121540,17,121523
121542,11,121531
121544,13,121531
121546,23,121523
121548,17,121531
121550,3,121547
121552,5,121547
121554,7,121547
121556,3,121553
121558,5,121553
121560,7,121553
121562,3,121559
121564,5,121559
121566,7,121559
121568,37,121531
121570,11,121559
121572,13,121559
121574,3,121571
121576,5,121571
121578,7,121571
121580,3,121577
121582,3,121579
121584,5,121579
121586,7,121579
121588,11,121577
121590,11,121579
121592,13,121579
121594,3,121591
121596,5,121591
121598,7,121591
121600,23,121577
121602,11,121591
121604,13,121591
121606,29,121577
121608,17,121591
121610,3,121607
121612,3,121609
121614,5,121609
121616,7,121609
121618,11,121607
121620,11,121609
121622,13,121609
121624,3,121621
121626,5,121621
121628,7,121621
121630,23,121607
121632,11,121621
121634,3,121631
121636,3,121633
121638,5,121633
121640,3,121637
121642,5,121637
121644,7,121637
121646,13,121633
121648,11,121637
121650,13,121637
121652,19,121633
121654,17,121637
121656,19,121637
121658,37,121621
121660,23,121637
121662,29,121633
121664,3,121661
121666,5,121661
121668,7,121661
121670,37,121633
121672,11,121661
121674,13,121661
121676,43,121633
121678,17,121661
121680,19,121661
121682,61,121621
121684,23,121661
121686,53,121633
121688,67,121621
121690,3,121687
121692,5,121687
121694,7,121687
121696,59,121637
121698,11,121687
121700,3,121697
121702,5,121697
121704,7,121697
121706,19,121687
121708,11,121697
121710,13,121697
121712,79,121633
121714,3,121711
121716,5,121711
121718,7,121711
121720,23,121697
121722,11,121711
121724,3,121721
121726,5,121721
121728,7,121721
121730,3,121727
121732,5,121727
121734,7,121727
121736,103,121633
121738,11,121727
121740,13,121727
121742,31,121711
121744,17,121727
121746,19,121727
121748,37,121711
121750,23,121727
121752,31,121721
121754,43,121711
121756,29,121727
121758,31,121727
121760,73,121687
121762,41,121721
121764,37,121727
121766,3,121763
121768,5,121763
121770,7,121763
121772,61,121711
121774,11,121763
121776,13,121763
121778,67,121711
121780,17,121763
121782,19,121763
121784,73,121711
121786,23,121763
121788,61,121727
121790,3,121787
121792,3,121789
121794,5,121789
121796,7,121789
121798,11,121787
121800,11,121789
121802,13,121789
121804,17,121787
121806,17,121789
121808,19,121789
121810,23,121787
121812,23,121789
121814,103,121711
121816,29,121787
121818,29,121789
121820,31,121789
121822,59,121763
121824,37,121787
121826,37,121789
121828,41,121787
121830,41,121789
121832,43,121789
121834,47,121787
121836,47,121789
121838,127,121711
121840,53,121787
121842,53,121789
121844,157,121687
121846,3,121843
121848,5,121843
121850,7,121843
121852,89,121763
121854,11,121843
121856,3,121853
121858,5,121853
121860,7,121853
121862,19,121843
121864,11,121853
121866,13,121853
121868,79,121789
121870,3,121867
121872,5,121867
121874,7,121867
121876,23,121853
121878,11,121867
121880,13,121867
121882,29,121853
121884,17,121867
121886,3,121883
121888,5,121883
121890,7,121883
121892,3,121889
121894,5,121889
121896,7,121889
121898,31,121867
121900,11,121889
121902,13,121889
121904,37,121867
121906,17,121889
121908,19,121889
121910,43,121867
121912,3,121909
121914,5,121909
121916,7,121909
121918,29,121889
121920,11,121909
121922,13,121909
121924,3,121921
121926,5,121921
121928,7,121921
121930,41,121889
121932,11,121921
121934,3,121931
121936,5,121931
121938,7,121931
121940,3,121937
121942,5,121937
121944,7,121937
121946,37,121909
121948,11,121937
121950,13,121937
121952,3,121949
121954,3,121951
121956,5,121951
121958,7,121951
121960,11,121949
121962,11,121951
121964,13,121951
121966,3,121963
121968,5,121963
121970,3,121967
121972,5,121967
121974,7,121967
121976,13,121963
121978,11,121967
121980,13,121967
121982,19,121963
121984,17,121967
121986,19,121967
121988,37,121951
121990,23,121967
121992,29,121963
121994,31,121963
121996,3,121993
121998,5,121993
122000,3,121997
122002,5,121997
122004,7,121997
122006,13,121993
122008,11,121997
122010,13,121997
122012,19,121993
122014,3,122011
122016,5,122011
122018,7,122011
122020,23,121997
122022,11,122011
122024,3,122021
122026,5,122021
122028,7,122021
122030,3,122027
122032,3,122029
122034,5,122029
122036,3,122033
122038,5,122033
122040,7,122033
122042,3,122039
122044,3,122041
122046,5,122041
122048,7,122041
122050,11,122039
122052,11,122041
122054,3,122051
122056,3,122053
122058,5,122053
122060,7,122053
122062,11,122051
122064,11,122053
122066,13,122053
122068,17,122051
122070,17,122053
122072,3,122069
122074,5,122069
122076,7,122069
122078,37,122041
122080,11,122069
122082,13,122069
122084,3,122081
122086,5,122081
122088,7,122081
122090,37,122053
122092,11,122081
122094,13,122081
122096,43,122053
122098,17,122081
122100,19,122081
122102,3,122099
122104,5,122099
122106,7,122099
122108,67,122041
122110,11,122099
122112,13,122099
122114,61,122053
122116,17,122099
122118,19,122099
122120,3,122117
122122,5,122117
122124,7,122117
122126,73,122053
122128,11,122117
122130,13,122117
122132,79,122053
122134,3,122131
122136,5,122131
122138,7,122131
122140,23,122117
122142,11,122131
122144,13,122131
122146,29,122117
122148,17,122131
122150,3,122147
122152,3,122149
122154,5,122149
122156,7,122149
122158,11,122147
122160,11,122149
122162,13,122149
122164,17,122147
122166,17,122149
122168,19,122149
122170,3,122167
122172,5,122167
122174,7,122167
122176,3,122173
122178,5,122173
122180,7,122173
122182,83,122099
122184,11,122173
122186,13,122173
122188,41,122147
122190,17,122173
122192,19,122173
122194,47,122147
122196,23,122173
122198,31,122167
122200,53,122147
122202,29,122173
122204,3,122201
122206,3,122203
122208,5,122203
122210,3,122207
122212,3,122209
122214,5,122209
122216,7,122209
122218,11,122207
122220,11,122209
122222,3,122219
122224,5,122219
122226,7,122219
122228,19,122209
122230,11,122219
122232,13,122219
122234,3,122231
122236,5,122231
122238,7,122231
122240,31,122209
122242,11,122231
122244,13,122231
122246,37,122209
122248,17,122231
122250,19,122231
122252,43,122209
122254,3,122251
122256,5,122251
122258,7,122251
122260,29,122231
122262,11,122251
122264,13,122251
122266,3,122263
122268,5,122263
122270,3,122267
122272,5,122267
122274,7,122267
122276,3,122273
122278,5,122273
122280,7,122273
122282,3,122279
122284,5,122279
122286,7,122279
122288,37,122251
122290,11,122279
122292,13,122279
122294,31,122263
122296,17,122279
122298,19,122279
122300,37,122263
122302,3,122299
122304,5,122299
122306,7,122299
122308,29,122279
122310,11,122299
122312,13,122299
122314,41,122273
122316,17,122299
122318,19,122299
122320,41,122279
122322,23,122299
122324,3,122321
122326,3,122323
122328,5,122323
122330,3,122327
122332,5,122327
122334,7,122327
122336,13,122323
122338,11,122327
122340,13,122327
122342,19,122323
122344,17,122327
122346,19,122327
122348,97,122251
122350,3,122347
122352,5,122347
122354,7,122347
122356,29,122327
122358,11,122347
122360,13,122347
122362,41,122321
122364,17,122347
122366,3,122363
122368,5,122363
122370,7,122363
122372,73,122299
122374,11,122363
122376,13,122363
122378,31,122347
122380,17,122363
122382,19,122363
122384,37,122347
122386,23,122363
122388,41,122347
122390,3,122387
122392,3,122389
122394,5,122389
122396,3,122393
122398,5,122393
122400,7,122393
122402,3,122399
122404,3,122401
122406,5,122401
122408,7,122401
122410,11,122399
122412,11,122401
122414,13,122401
122416,17,122399
122418,17,122401
122420,19,122401
122422,23,122399
122424,23,122401
122426,37,122389
122428,29,122399
122430,29,122401
122432,31,122401
122434,41,122393
122436,37,122399
122438,37,122401
122440,41,122399
122442,41,122401
122444,43,122401
122446,3,122443
122448,5,122443
122450,7,122443
122452,3,122449
122454,5,122449
122456,3,122453
122458,5,122453
122460,7,122453
122462,13,122449
122464,11,122453
122466,13,122453
122468,19,122449
122470,17,122453
122472,19,122453
122474,3,122471
122476,5,122471
122478,7,122471
122480,3,122477
122482,5,122477
122484,7,122477
122486,37,122449
122488,11,122477
122490,13,122477
122492,3,122489
122494,5,122489
122496,7,122489
122498,97,122401
122500,3,122497
122502,5,122497
122504,3,122501
122506,3,122503
122508,5,122503
122510,7,122503
122512,3,122509
122514,5,122509
122516,7,122509
122518,17,122501
122520,11,122509
122522,13,122509
122524,23,122501
122526,17,122509
122528,19,122509
122530,3,122527
122532,5,122527
122534,7,122527
122536,3,122533
122538,5,122533
122540,7,122533
122542,41,122501
122544,11,122533
122546,13,122533
122548,47,122501
122550,17,122533
122552,19,122533
122554,53,122501
122556,23,122533
122558,31,122527
122560,3,122557
122562,5,122557
122564,3,122561
122566,5,122561
122568,7,122561
122570,13,122557
122572,11,122561
122574,13,122561
122576,19,122557
122578,17,122561
122580,19,122561
122582,3,122579
122584,5,122579
122586,7,122579
122588,31,122557
122590,11,122579
122592,13,122579
122594,37,122557
122596,17,122579
122598,19,122579
122600,3,122597
122602,3,122599
122604,5,122599
122606,7,122599
122608,11,122597
122610,11,122599
122612,3,122609
122614,3,122611
122616,5,122611
122618,7,122611
122620,11,122609
122622,11,122611
122624,13,122611
122626,17,122609
122628,17,122611
122630,19,122611
122632,23,122609
122634,23,122611
122636,37,122599
122638,29,122609
122640,29,122611
122642,31,122611
122644,47,122597
122646,37,122609
122648,37,122611
122650,41,122609
122652,41,122611
122654,3,122651
122656,3,122653
122658,5,122653
122660,7,122653
122662,11,122651
122664,11,122653
122666,3,122663
122668,5,122663
122670,7,122663
122672,19,122653
122674,11,122663
122676,13,122663
122678,67,122611
122680,17,122663
122682,19,122663
122684,31,122653
122686,23,122663
122688,37,122651
122690,37,122653
122692,29,122663
122694,31,122663
122696,3,122693
122698,5,122693
122700,7,122693
122702,103,122599
122704,3,122701
122706,5,122701
122708,7,122701
122710,17,122693
122712,11,122701
122714,13,122701
122716,23,122693
122718,17,122701
122720,19,122701
122722,3,122719
122724,5,122719
122726,7,122719
122728,131,122597
122730,11,122719
122732,13,122719
122734,41,122693
122736,17,122719
122738,19,122719
122740,47,122693
122742,23,122719
122744,3,122741
122746,3,122743
122748,5,122743
122750,7,122743
122752,11,122741
122754,11,122743
122756,3,122753
122758,5,122753
122760,7,122753
122762,19,122743
122764,3,122761
122766,5,122761
122768,7,122761
122770,17,122753
122772,11,122761
122774,13,122761
122776,23,122753
122778,17,122761
122780,3,122777
122782,5,122777
122784,7,122777
122786,43,122743
122788,11,122777
122790,13,122777
122792,3,122789
122794,5,122789
122796,7,122789
122798,37,122761
122800,11,122789
122802,13,122789
122804,43,122761
122806,17,122789
122808,19,122789
122810,67,122743
122812,23,122789
122814,37,122777
122816,73,122743
122818,29,122789
122820,31,122789
122822,3,122819
122824,5,122819
122826,7,122819
122828,67,122761
122830,3,122827
122832,5,122827
122834,7,122827
122836,3,122833
122838,5,122833
122840,7,122833
122842,3,122839
122844,5,122839
122846,7,122839
122848,29,122819
122850,11,122839
122852,3,122849
122854,5,122849
122856,7,122849
122858,19,122839
122860,11,122849
122862,13,122849
122864,3,122861
122866,5,122861
122868,7,122861
122870,3,122867
122872,3,122869
122874,5,122869
122876,7,122869
122878,11,122867
122880,11,122869
122882,13,122869
122884,17,122867
122886,17,122869
122888,19,122869
122890,3,122887
122892,5,122887
122894,3,122891
122896,5,122891
122898,7,122891
122900,13,122887
122902,11,122891
122904,13,122891
122906,19,122887
122908,17,122891
122910,19,122891
122912,43,122869
122914,23,122891
122916,29,122887
122918,31,122887
122920,29,122891
122922,31,122891
122924,3,122921
122926,5,122921
122928,7,122921
122930,43,122887
122932,3,122929
122934,5,122929
122936,7,122929
122938,17,122921
122940,11,122929
122942,3,122939
122944,5,122939
122946,7,122939
122948,19,122929
122950,11,122939
122952,13,122939
122954,67,122887
122956,3,122953
122958,5,122953
122960,3,122957
122962,5,122957
122964,7,122957
122966,3,122963
122968,5,122963
122970,7,122963
122972,19,122953
122974,3,122971
122976,5,122971
122978,7,122971
122980,17,122963
122982,11,122971
122984,13,122971
122986,23,122963
122988,17,122971
122990,19,122971
122992,29,122963
122994,23,122971
122996,43,122953
122998,41,122957
123000,29,122971
123002,31,122971
123004,3,123001
123006,5,123001
123008,7,123001
123010,3,123007
123012,5,123007
123014,7,123007
123016,53,122963
123018,11,123007
123020,3,123017
123022,5,123017
123024,7,123017
123026,19,123007
123028,11,123017
123030,13,123017
123032,31,123001
123034,3,123031
123036,5,123031
123038,7,123031
123040,23,123017
123042,11,123031
123044,13,123031
123046,29,123017
123048,17,123031
123050,19,123031
123052,3,123049
123054,5,123049
123056,7,123049
123058,41,123017
123060,11,123049
123062,3,123059
123064,5,123059
123066,7,123059
123068,19,123049
123070,11,123059
123072,13,123059
123074,43,123031
123076,17,123059
123078,19,123059
123080,3,123077
123082,5,123077
123084,7,123077
123086,3,123083
123088,5,123083
123090,7,123083
123092,43,123049
123094,3,123091
123096,5,123091
123098,7,123091
123100,17,123083
123102,11,123091
123104,13,123091
123106,23,123083
123108,17,123091
123110,19,123091
123112,29,123083
123114,23,123091
123116,3,123113
123118,5,123113
123120,7,123113
123122,31,123091
123124,3,123121
123126,5,123121
123128,7,123121
123130,3,123127
123132,5,123127
123134,7,123127
123136,23,123113
123138,11,123127
123140,13,123127
123142,29,123113
123144,17,123127
123146,3,123143
123148,5,123143
123150,7,123143
123152,31,123121
123154,11,123143
123156,13,123143
123158,31,123127
123160,17,123143
123162,19,123143
123164,37,123127
123166,23,123143
123168,41,123127
123170,43,123127
123172,3,123169
123174,5,123169
123176,7,123169
123178,101,123077
123180,11,123169
123182,13,123169
123184,41,123143
123186,17,123169
123188,19,123169
123190,47,123143
123192,23,123169
123194,3,123191
123196,5,123191
123198,7,123191
123200,31,123169
123202,11,123191
123204,13,123191
123206,3,123203
123208,5,123203
123210,7,123203
123212,3,123209
123214,5,123209
123216,7,123209
123218,97,123121
123220,3,123217
123222,5,123217
123224,7,123217
123226,17,123209
123228,11,123217
123230,13,123217
123232,3,123229
123234,5,123229
123236,7,123229
123238,29,123209
123240,11,123229
123242,3,123239
123244,5,123239
123246,7,123239
123248,19,123229
123250,11,123239
123252,13,123239
123254,37,123217
123256,17,123239
123258,19,123239
123260,31,123229
123262,3,123259
123264,5,123259
123266,7,123259
123268,29,123239
123270,11,123259
123272,3,123269
123274,5,123269
123276,7,123269
123278,19,123259
123280,11,123269
123282,13,123269
123284,67,123217
123286,17,123269
123288,19,123269
123290,31,123259
123292,3,123289
123294,5,123289
123296,7,123289
123298,29,123269
123300,11,123289
123302,13,123289
123304,101,123203
123306,17,123289
123308,19,123289
123310,3,123307
123312,5,123307
123314,3,123311
123316,5,123311
123318,7,123311
123320,13,123307
123322,11,123311
123324,13,123311
123326,3,123323
123328,5,123323
123330,7,123323
123332,43,123289
123334,11,123323
123336,13,123323
123338,31,123307
123340,17,123323
123342,19,123323
123344,3,123341
123346,5,123341
123348,7,123341
123350,43,123307
123352,11,123341
123354,13,123341
123356,67,123289
123358,17,123341
123360,19,123341
123362,73,123289
123364,23,123341
123366,43,123323
123368,61,123307
123370,29,123341
123372,31,123341
123374,67,123307
123376,3,123373
123378,5,123373
123380,3,123377
123382,3,123379
123384,5,123379
123386,7,123379
123388,11,123377
123390,11,123379
123392,13,123379
123394,17,123377
123396,17,123379
123398,19,123379
123400,3,123397
123402,5,123397
123404,3,123401
123406,5,123401
123408,7,123401
123410,3,123407
123412,5,123407
123414,7,123407
123416,19,123397
123418,11,123407
123420,13,123407
123422,3,123419
123424,5,123419
123426,7,123419
123428,31,123397
123430,3,123427
123432,5,123427
123434,7,123427
123436,3,123433
123438,5,123433
123440,7,123433
123442,3,123439
123444,5,123439
123446,7,123439
123448,29,123419
123450,11,123439
123452,3,123449
123454,5,123449
123456,7,123449
123458,19,123439
123460,3,123457
123462,5,123457
123464,7,123457
123466,17,123449
123468,11,123457
123470,13,123457
123472,23,123449
123474,17,123457
123476,19,123457
123478,29,123449
123480,23,123457
123482,3,123479
123484,5,123479
123486,7,123479
123488,31,123457
123490,11,123479
123492,13,123479
123494,3,123491
123496,3,123493
123498,5,123493
123500,7,123493
123502,3,123499
123504,5,123499
123506,3,123503
123508,5,123503
123510,7,123503
123512,13,123499
123514,11,123503
123516,13,123503
123518,19,123499
123520,3,123517
123522,5,123517
123524,7,123517
123526,23,123503
123528,11,123517
123530,3,123527
123532,5,123527
123534,7,123527
123536,19,123517
123538,11,123527
123540,13,123527
123542,43,123499
123544,17,123527
123546,19,123527
123548,31,123517
123550,3,123547
123552,5,123547
123554,3,123551
123556,3,123553
123558,5,123553
123560,7,123553
123562,11,123551
123564,11,123553
123566,13,123553
123568,17,123551
123570,17,123553
123572,19,123553
123574,23,123551
123576,23,123553
123578,31,123547
123580,29,123551
123582,29,123553
123584,3,123581
123586,3,123583
123588,5,123583
123590,7,123583
123592,11,123581
123594,11,123583
123596,3,123593
123598,5,123593
123600,7,123593
123602,19,123583
123604,3,123601
123606,5,123601
123608,7,123601
123610,17,123593
123612,11,123601
123614,13,123601
123616,23,123593
123618,17,123601
123620,19,123601
123622,3,123619
123624,5,123619
123626,7,123619
123628,47,123581
123630,11,123619
123632,13,123619
123634,3,123631
123636,5,123631
123638,7,123631
123640,3,123637
123642,5,123637
123644,7,123637
123646,53,123593
123648,11,123637
123650,13,123637
123652,59,123593
123654,17,123637
123656,3,123653
123658,5,123653
123660,7,123653
123662,31,123631
123664,3,123661
123666,5,123661
123668,7,123661
123670,3,123667
123672,5,123667
123674,7,123667
123676,23,123653
123678,11,123667
123680,3,123677
123682,5,123677
123684,7,123677
123686,19,123667
123688,11,123677
123690,13,123677
123692,31,123661
123694,17,123677
123696,19,123677
123698,31,123667
123700,23,123677
123702,41,123661
123704,3,123701
123706,5,123701
123708,7,123701
123710,3,123707
123712,5,123707
123714,7,123707
123716,79,123637
123718,11,123707
123720,13,123707
123722,3,123719
123724,5,123719
123726,7,123719
123728,61,123667
123730,3,123727
123732,5,123727
123734,3,123731
123736,3,123733
123738,5,123733
123740,3,123737
123742,5,123737
123744,7,123737
123746,13,123733
123748,11,123737
123750,13,123737
123752,19,123733
123754,17,123737
123756,19,123737
123758,31,123727
123760,3,123757
123762,5,123757
123764,7,123757
123766,29,123737
123768,11,123757
123770,13,123757
123772,41,123731
123774,17,123757
123776,19,123757
123778,41,123737
123780,23,123757
123782,151,123631
123784,47,123737
123786,29,123757
123788,31,123757
123790,3,123787
123792,5,123787
123794,3,123791
123796,5,123791
123798,7,123791
123800,13,123787
123802,11,123791
123804,13,123791
123806,3,123803
123808,5,123803
123810,7,123803
123812,79,123733
123814,11,123803
123816,13,123803
123818,31,123787
123820,3,123817
123822,5,123817
123824,3,123821
123826,5,123821
123828,7,123821
123830,13,123817
123832,3,123829
123834,5,123829
123836,3,123833
123838,5,123833
123840,7,123833
123842,13,123829
123844,11,123833
123846,13,123833
123848,19,123829
123850,17,123833
123852,19,123833
123854,37,123817
123856,3,123853
123858,5,123853
123860,7,123853
123862,29,123833
123864,11,123853
123866,3,123863
123868,5,123863
123870,7,123863
123872,19,123853
123874,11,123863
123876,13,123863
123878,61,123817
123880,17,123863
123882,19,123863
123884,31,123853
123886,23,123863
123888,59,123829
123890,3,123887
123892,5,123887
123894,7,123887
123896,43,123853
123898,11,123887
123900,13,123887
123902,73,123829
123904,17,123887
123906,19,123887
123908,79,123829
123910,23,123887
123912,59,123853
123914,3,123911
123916,5,123911
123918,7,123911
123920,67,123853
123922,11,123911
123924,13,123911
123926,3,123923
123928,5,123923
123930,7,123923
123932,79,123853
123934,3,123931
123936,5,123931
123938,7,123931
123940,17,123923
123942,11,123931
123944,3,123941
123946,5,123941
123948,7,123941
123950,19,123931
123952,11,123941
123954,13,123941
123956,3,123953
123958,5,123953
123960,7,123953
123962,31,123931
123964,11,123953
123966,13,123953
123968,37,123931
123970,17,123953
123972,19,123953
123974,43,123931
123976,3,123973
123978,5,123973
123980,7,123973
123982,3,123979
123984,5,123979
123986,3,123983
123988,5,123983
123990,7,123983
123992,3,123989
123994,5,123989
123996,7,123989
123998,19,123979
124000,3,123997
124002,5,123997
124004,3,124001
124006,5,124001
124008,7,124001
124010,13,123997
124012,11,124001
124014,13,124001
124016,19,123997
124018,17,124001
124020,19,124001
124022,43,123979
124024,3,124021
124026,5,124021
124028,7,124021
124030,29,124001
124032,11,124021
124034,13,124021
124036,47,123989
124038,17,124021
124040,19,124021
124042,41,124001
124044,23,124021
124046,67,123979
124048,47,124001
124050,29,124021
124052,31,124021
124054,53,124001
124056,59,123997
124058,37,124021
124060,59,124001
124062,41,124021
124064,43,124021
124066,83,123983
124068,47,124021
124070,3,124067
124072,5,124067
124074,7,124067
124076,79,123997
124078,11,124067
124080,13,124067
124082,61,124021
124084,17,124067
124086,19,124067
124088,67,124021
124090,3,124087
124092,5,124087
124094,7,124087
124096,29,124067
124098,11,124087
124100,3,124097
124102,5,124097
124104,7,124097
124106,19,124087
124108,11,124097
124110,13,124097
124112,139,123973
124114,17,124097
124116,19,124097
124118,31,124087
124120,23,124097
124122,101,124021
124124,3,124121
124126,3,124123
124128,5,124123
124130,7,124123
124132,11,124121
124134,11,124123
124136,3,124133
124138,5,124133
124140,7,124133
124142,3,124139
124144,5,124139
124146,7,124139
124148,61,124087
124150,3,124147
124152,5,124147
124154,7,124147
124156,3,124153
124158,5,124153
124160,7,124153
124162,23,124139
124164,11,124153
124166,13,124153
124168,29,124139
124170,17,124153
124172,19,124153
124174,3,124171
124176,5,124171
124178,7,124171
124180,41,124139
124182,11,124171
124184,3,124181
124186,3,124183
124188,5,124183
124190,7,124183
124192,11,124181
124194,11,124183
124196,3,124193
124198,5,124193
124200,7,124193
124202,3,124199
124204,5,124199
124206,7,124199
124208,37,124171
124210,11,124199
124212,13,124199
124214,31,124183
124216,3,124213
124218,5,124213
124220,7,124213
124222,23,124199
124224,11,124213
124226,13,124213
124228,29,124199
124230,17,124213
124232,19,124213
124234,3,124231
124236,5,124231
124238,7,124231
124240,41,124199
124242,11,124231
124244,13,124231
124246,47,124199
124248,17,124231
124250,3,124247
124252,3,124249
124254,5,124249
124256,7,124249
124258,11,124247
124260,11,124249
124262,13,124249
124264,17,124247
124266,17,124249
124268,19,124249
124270,23,124247
124272,23,124249
124274,43,124231
124276,29,124247
124278,29,124249
124280,3,124277
124282,5,124277
124284,7,124277
124286,37,124249
124288,11,124277
124290,13,124277
124292,43,124249
124294,3,124291
124296,5,124291
124298,7,124291
124300,3,124297
124302,5,124297
124304,3,124301
124306,3,124303
124308,5,124303
124310,7,124303
124312,3,124309
124314,5,124309
124316,7,124309
124318,17,124301
124320,11,124309
124322,13,124309
124324,23,124301
124326,17,124309
124328,19,124309
124330,29,124301
124332,23,124309
124334,31,124303
124336,59,124277
124338,29,124309
124340,3,124337
124342,3,124339
124344,5,124339
124346,3,124343
124348,5,124343
124350,7,124343
124352,3,124349
124354,3,124351
124356,5,124351
124358,7,124351
124360,11,124349
124362,11,124351
124364,13,124351
124366,3,124363
124368,5,124363
124370,3,124367
124372,5,124367
124374,7,124367
124376,13,124363
124378,11,124367
124380,13,124367
124382,19,124363
124384,17,124367
124386,19,124367
124388,37,124351
124390,23,124367
124392,29,124363
124394,31,124363
124396,29,124367
124398,31,124367
124400,37,124363
124402,53,124349
124404,37,124367
124406,43,124363
124408,41,124367
124410,43,124367
124412,61,124351
124414,47,124367
124416,53,124363
124418,67,124351
124420,53,124367
124422,59,124363
124424,61,124363
124426,59,124367
124428,61,124367
124430,3,124427
124432,3,124429
124434,5,124429
124436,3,124433
124438,5,124433
124440,7,124433
124442,13,124429
124444,11,124433
124446,13,124433
124448,19,124429
124450,3,124447
124452,5,124447
124454,7,124447
124456,23,124433
124458,11,124447
124460,13,124447
124462,3,124459
124464,5,124459
124466,7,124459
124468,41,124427
124470,11,124459
124472,13,124459
124474,3,124471
124476,5,124471
124478,7,124471
124480,3,124477
124482,5,124477
124484,7,124477
124486,53,124433
124488,11,124477
124490,13,124477
124492,3,124489
124494,5,124489
124496,3,124493
124498,5,124493
124500,7,124493
124502,13,124489
124504,11,124493
124506,13,124493
124508,19,124489
124510,17,124493
124512,19,124493
124514,37,124477
124516,3,124513
124518,5,124513
124520,7,124513
124522,29,124493
124524,11,124513
124526,13,124513
124528,101,124427
124530,17,124513
124532,3,124529
124534,5,124529
124536,7,124529
124538,61,124477
124540,11,124529
124542,13,124529
124544,3,124541
124546,3,124543
124548,5,124543
124550,7,124543
124552,11,124541
124554,11,124543
124556,13,124543
124558,17,124541
124560,17,124543
124562,19,124543
124564,3,124561
124566,5,124561
124568,7,124561
124570,3,124567
124572,5,124567
124574,7,124567
124576,47,124529
124578,11,124567
124580,3,124577
124582,5,124577
124584,7,124577
124586,19,124567
124588,11,124577
124590,13,124577
124592,31,124561
124594,17,124577
124596,19,124577
124598,31,124567
124600,23,124577
124602,41,124561
124604,3,124601
124606,5,124601
124608,7,124601
124610,43,124567
124612,11,124601
124614,13,124601
124616,73,124543
124618,17,124601
124620,19,124601
124622,61,124561
124624,23,124601
124626,59,124567
124628,61,124567
124630,29,124601
124632,31,124601
124634,67,124567
124636,3,124633
124638,5,124633
124640,7,124633
124642,41,124601
124644,11,124633
124646,3,124643
124648,5,124643
124650,7,124643
124652,19,124633
124654,11,124643
124656,13,124643
124658,97,124561
124660,17,124643
124662,19,124643
124664,31,124633
124666,23,124643
124668,67,124601
124670,37,124633
124672,3,124669
124674,5,124669
124676,3,124673
124678,5,124673
124680,7,124673
124682,3,124679
124684,5,124679
124686,7,124679
124688,19,124669
124690,11,124679
124692,13,124679
124694,61,124633
124696,3,124693
124698,5,124693
124700,7,124693
124702,3,124699
124704,5,124699
124706,3,124703
124708,5,124703
124710,7,124703
124712,13,124699
124714,11,124703
124716,13,124703
124718,19,124699
124720,3,124717
124722,5,124717
124724,3,124721
124726,5,124721
124728,7,124721
124730,13,124717
124732,11,124721
124734,13,124721
124736,19,124717
124738,17,124721
124740,19,124721
124742,3,124739
124744,5,124739
124746,7,124739
124748,31,124717
124750,11,124739
124752,13,124739
124754,37,124717
124756,3,124753
124758,5,124753
124760,7,124753
124762,3,124759
124764,5,124759
124766,7,124759
124768,29,124739
124770,11,124759
124772,3,124769
124774,3,124771
124776,5,124771
124778,7,124771
124780,3,124777
124782,5,124777
124784,3,124781
124786,3,124783
124788,5,124783
124790,7,124783
124792,11,124781
124794,11,124783
124796,3,124793
124798,5,124793
124800,7,124793
124802,3,124799
124804,5,124799
124806,7,124799
124808,31,124777
124810,11,124799
124812,13,124799
124814,31,124783
124816,17,124799
124818,19,124799
124820,37,124783
124822,3,124819
124824,5,124819
124826,3,124823
124828,5,124823
124830,7,124823
124832,13,124819
124834,11,124823
124836,13,124823
124838,19,124819
124840,17,124823
124842,19,124823
124844,61,124783
124846,23,124823
124848,29,124819
124850,3,124847
124852,5,124847
124854,7,124847
124856,3,124853
124858,5,124853
124860,7,124853
124862,43,124819
124864,11,124853
124866,13,124853
124868,97,124771
124870,17,124853
124872,19,124853
124874,97,124777
124876,23,124853
124878,31,124847
124880,61,124819
124882,29,124853
124884,31,124853
124886,67,124819
124888,41,124847
124890,37,124853
124892,73,124819
124894,41,124853
124896,43,124853
124898,79,124819
124900,3,124897
124902,5,124897
124904,7,124897
124906,53,124853
124908,11,124897
124910,3,124907
124912,3,124909
124914,5,124909
124916,7,124909
124918,11,124907
124920,11,124909
124922,3,124919
124924,5,124919
124926,7,124919
124928,19,124909
124930,11,124919
124932,13,124919
124934,37,124897
124936,17,124919
124938,19,124919
124940,31,124909
124942,23,124919
124944,37,124907
124946,37,124909
124948,29,124919
124950,31,124919
124952,43,124909
124954,3,124951
124956,5,124951
124958,7,124951
124960,41,124919
124962,11,124951
124964,13,124951
124966,47,124919
124968,17,124951
124970,19,124951
124972,53,124919
124974,23,124951
124976,67,124909
124978,59,124919
124980,29,124951
124982,3,124979
124984,3,124981
124986,5,124981
124988,7,124981
124990,3,124987
124992,5,124987
124994,3,124991
124996,5,124991
124998,7,124991
125000,13,124987
125002,11,124991
125004,13,124991
125006,3,125003
125008,5,125003
125010,7,125003
125012,31,124981
125014,11,125003
125016,13,125003
125018,31,124987
125020,3,125017
125022,5,125017
125024,7,125017
125026,23,125003
125028,11,125017
125030,13,125017
125032,3,125029
125034,5,125029
125036,7,125029
125038,47,124991
125040,11,125029
125042,13,125029
125044,41,125003
125046,17,125029
125048,19,125029
125050,47,125003
125052,23,125029
125054,37,125017
125056,3,125053
125058,5,125053
125060,7,125053
125062,59,125003
125064,11,125053
125066,3,125063
125068,5,125063
125070,7,125063
125072,19,125053
125074,11,125063
125076,13,125063
125078,61,125017
125080,17,125063
125082,19,125063
125084,31,125053
125086,23,125063
125088,59,125029
125090,37,125053
125092,29,125063
125094,31,125063
125096,3,125093
125098,5,125093
125100,7,125093
125102,73,125029
125104,3,125101
125106,5,125101
125108,7,125101
125110,3,125107
125112,5,125107
125114,7,125107
125116,3,125113
125118,5,125113
125120,3,125117
125122,3,125119
125124,5,125119
125126,7,125119
125128,11,125117
125130,11,125119
125132,13,125119
125134,3,125131
125136,5,125131
125138,7,125131
125140,23,125117
125142,11,125131
125144,3,125141
125146,5,125141
125148,7,125141
125150,19,125131
125152,3,125149
125154,5,125149
125156,7,125149
125158,17,125141
125160,11,125149
125162,13,125149
125164,23,125141
125166,17,125149
125168,19,125149
125170,29,125141
125172,23,125149
125174,43,125131
125176,59,125117
125178,29,125149
125180,31,125149
125182,41,125141
125184,43,125141
125186,3,125183
125188,5,125183
125190,7,125183
125192,43,125149
125194,11,125183
125196,13,125183
125198,67,125131
125200,3,125197
125202,5,125197
125204,3,125201
125206,5,125201
125208,7,125201
125210,3,125207
125212,5,125207
125214,7,125207
125216,19,125197
125218,11,125207
125220,13,125207
125222,3,125219
125224,3,125221
125226,5,125221
125228,7,125221
125230,11,125219
125232,11,125221
125234,3,125231
125236,5,125231
125238,7,125231
125240,19,125221
125242,11,125231
125244,13,125231
125246,3,125243
125248,5,125243
125250,7,125243
125252,31,125221
125254,11,125243
125256,13,125243
125258,37,125221
125260,17,125243
125262,19,125243
125264,3,125261
125266,5,125261
125268,7,125261
125270,73,125197
125272,3,125269
125274,5,125269
125276,7,125269
125278,17,125261
125280,11,125269
125282,13,125269
125284,23,125261
125286,17,125269
125288,19,125269
125290,3,125287
125292,5,125287
125294,7,125287
125296,53,125243
125298,11,125287
125300,13,125287
125302,3,125299
125304,5,125299
125306,3,125303
125308,5,125303
125310,7,125303
125312,13,125299
125314,3,125311
125316,5,125311
125318,7,125311
125320,17,125303
125322,11,125311
125324,13,125311
125326,23,125303
125328,17,125311
125330,19,125311
125332,3,125329
125334,5,125329
125336,7,125329
125338,107,125231
125340,11,125329
125342,3,125339
125344,5,125339
125346,7,125339
125348,19,125329
125350,11,125339
125352,13,125339
125354,43,125311
125356,3,125353
125358,5,125353
125360,7,125353
125362,23,125339
125364,11,125353
125366,13,125353
125368,29,125339
125370,17,125353
125372,19,125353
125374,3,125371
125376,5,125371
125378,7,125371
125380,41,125339
125382,11,125371
125384,13,125371
125386,3,125383
125388,5,125383
125390,3,125387
125392,5,125387
125394,7,125387
125396,13,125383
125398,11,125387
125400,13,125387
125402,3,125399
125404,5,125399
125406,7,125399
125408,37,125371
125410,3,125407
125412,5,125407
125414,7,125407
125416,17,125399
125418,11,125407
125420,13,125407
125422,23,125399
125424,17,125407
125426,3,125423
125428,5,125423
125430,7,125423
125432,3,125429
125434,5,125429
125436,7,125429
125438,31,125407
125440,11,125429
125442,13,125429
125444,3,125441
125446,5,125441
125448,7,125441
125450,43,125407
125452,11,125441
125454,13,125441
125456,3,125453
125458,5,125453
125460,7,125453
125462,79,125383
125464,11,125453
125466,13,125453
125468,61,125407
125470,17,125453
125472,19,125453
125474,3,125471
125476,5,125471
125478,7,125471
125480,73,125407
125482,11,125471
125484,13,125471
125486,79,125407
125488,17,125471
125490,19,125471
125492,109,125383
125494,23,125471
125496,43,125453
125498,127,125371
125500,3,125497
125502,5,125497
125504,7,125497
125506,53,125453
125508,11,125497
125510,3,125507
125512,3,125509
125514,5,125509
125516,7,125509
125518,11,125507
125520,11,125509
125522,13,125509
125524,17,125507
125526,17,125509
125528,19,125509
125530,3,125527
125532,5,125527
125534,7,125527
125536,29,125507
125538,11,125527
125540,13,125527
125542,3,125539
125544,5,125539
125546,7,125539
125548,41,125507
125550,11,125539
125552,13,125539
125554,3,125551
125556,5,125551
125558,7,125551
125560,53,125507
125562,11,125551
125564,13,125551
125566,59,125507
125568,17,125551
125570,19,125551
125572,101,125471
125574,23,125551
125576,37,125539
125578,71,125507
125580,29,125551
125582,31,125551
125584,113,125471
125586,47,125539
125588,37,125551
125590,83,125507
125592,41,125551
125594,3,125591
125596,5,125591
125598,7,125591
125600,3,125597
125602,5,125597
125604,7,125597
125606,67,125539
125608,11,125597
125610,13,125597
125612,61,125551
125614,17,125597
125616,19,125597
125618,67,125551
125620,3,125617
125622,5,125617
125624,3,125621
125626,5,125621
125628,7,125621
125630,3,125627
125632,5,125627
125634,7,125627
125636,19,125617
125638,11,125627
125640,13,125627
125642,3,125639
125644,3,125641
125646,5,125641
125648,7,125641
125650,11,125639
125652,11,125641
125654,3,125651
125656,5,125651
125658,7,125651
125660,19,125641
125662,3,125659
125664,5,125659
125666,7,125659
125668,17,125651
125670,11,125659
125672,3,125669
125674,5,125669
125676,7,125669
125678,19,125659
125680,11,125669
125682,13,125669
125684,43,125641
125686,3,125683
125688,5,125683
125690,3,125687
125692,5,125687
125694,7,125687
125696,3,125693
125698,5,125693
125700,7,125693
125702,19,125683
125704,11,125693
125706,13,125693
125708,67,125641
125710,3,125707
125712,5,125707
125714,3,125711
125716,5,125711
125718,7,125711
125720,3,125717
125722,5,125717
125724,7,125717
125726,19,125707
125728,11,125717
125730,13,125717
125732,73,125659
125734,3,125731
125736,5,125731
125738,7,125731
125740,3,125737
125742,5,125737
125744,7,125737
125746,3,125743
125748,5,125743
125750,7,125743
125752,41,125711
125754,11,125743
125756,3,125753
125758,5,125753
125760,7,125753
125762,19,125743
125764,11,125753
125766,13,125753
125768,31,125737
125770,17,125753
125772,19,125753
125774,31,125743
125776,23,125753
125778,41,125737
125780,3,125777
125782,5,125777
125784,7,125777
125786,43,125743
125788,11,125777
125790,13,125777
125792,3,125789
125794,3,125791
125796,5,125791
125798,7,125791
125800,11,125789
125802,11,125791
125804,13,125791
125806,3,125803
125808,5,125803
125810,7,125803
125812,23,125789
125814,11,125803
125816,3,125813
125818,5,125813
125820,7,125813
125822,19,125803
125824,3,125821
125826,5,125821
125828,7,125821
125830,17,125813
125832,11,125821
125834,13,125821
125836,23,125813
125838,17,125821
125840,19,125821
125842,29,125813
125844,23,125821
125846,43,125803
125848,59,125789
125850,29,125821
125852,31,125821
125854,41,125813
125856,43,125813
125858,37,125821
125860,47,125813
125862,41,125821
125864,43,125821
125866,3,125863
125868,5,125863
125870,7,125863
125872,59,125813
125874,11,125863
125876,13,125863
125878,89,125789
125880,17,125863
125882,19,125863
125884,71,125813
125886,23,125863
125888,67,125821
125890,3,125887
125892,5,125887
125894,7,125887
125896,83,125813
125898,11,125887
125900,3,125897
125902,3,125899
125904,5,125899
125906,7,125899
125908,11,125897
125910,11,125899
125912,13,125899
125914,17,125897
125916,17,125899
125918,19,125899
125920,23,125897
125922,23,125899
125924,3,125921
125926,5,125921
125928,7,125921
125930,3,125927
125932,3,125929
125934,5,125929
125936,3,125933
125938,5,125933
125940,7,125933
125942,13,125929
125944,3,125941
125946,5,125941
125948,7,125941
125950,17,125933
125952,11,125941
125954,13,125941
125956,23,125933
125958,17,125941
125960,19,125941
125962,3,125959
125964,5,125959
125966,3,125963
125968,5,125963
125970,7,125963
125972,13,125959
125974,11,125963
125976,13,125963
125978,19,125959
125980,17,125963
125982,19,125963
125984,43,125941
125986,23,125963
125988,29,125959
125990,31,125959
125992,29,125963
125994,31,125963
125996,37,125959
125998,71,125927
126000,37,125963
126002,43,125959
126004,3,126001
126006,5,126001
126008,7,126001
126010,47,125963
126012,11,126001
126014,3,126011
126016,3,126013
126018,5,126013
126020,7,126013
126022,3,126019
126024,5,126019
126026,3,126023
126028,5,126023
126030,7,126023
126032,13,126019
126034,3,126031
126036,5,126031
126038,7,126031
126040,3,126037
126042,5,126037
126044,3,126041
126046,5,126041
126048,7,126041
126050,3,126047
126052,5,126047
126054,7,126047
126056,19,126037
126058,11,126047
126060,13,126047
126062,31,126031
126064,17,126047
126066,19,126047
126068,31,126037
126070,3,126067
126072,5,126067
126074,7,126067
126076,29,126047
126078,11,126067
126080,13,126067
126082,3,126079
126084,5,126079
126086,7,126079
126088,41,126047
126090,11,126079
126092,13,126079
126094,47,126047
126096,17,126079
126098,19,126079
126100,3,126097
126102,5,126097
126104,7,126097
126106,59,126047
126108,11,126097
126110,3,126107
126112,5,126107
126114,7,126107
126116,19,126097
126118,11,126107
126120,13,126107
126122,43,126079
126124,17,126107
126126,19,126107
126128,31,126097
126130,3,126127
126132,5,126127
126134,3,126131
126136,5,126131
126138,7,126131
126140,13,126127
126142,11,126131
126144,13,126131
126146,3,126143
126148,5,126143
126150,7,126143
126152,73,126079
126154,3,126151
126156,5,126151
126158,7,126151
126160,17,126143
126162,11,126151
126164,13,126151
126166,23,126143
126168,17,126151
126170,19,126151
126172,29,126143
126174,23,126151
126176,3,126173
126178,5,126173
126180,7,126173
126182,31,126151
126184,11,126173
126186,13,126173
126188,37,126151
126190,17,126173
126192,19,126173
126194,43,126151
126196,23,126173
126198,47,126151
126200,73,126127
126202,3,126199
126204,5,126199
126206,7,126199
126208,101,126107
126210,11,126199
126212,13,126199
126214,3,126211
126216,5,126211
126218,7,126211
126220,47,126173
126222,11,126211
126224,13,126211
126226,3,126223
126228,5,126223
126230,3,126227
126232,3,126229
126234,5,126229
126236,3,126233
126238,5,126233
126240,7,126233
126242,13,126229
126244,3,126241
126246,5,126241
126248,7,126241
126250,17,126233
126252,11,126241
126254,13,126241
126256,23,126233
126258,17,126241
126260,3,126257
126262,5,126257
126264,7,126257
126266,37,126229
126268,11,126257
126270,13,126257
126272,31,126241
126274,3,126271
126276,5,126271
126278,7,126271
126280,23,126257
126282,11,126271
126284,13,126271
126286,29,126257
126288,17,126271
126290,19,126271
126292,59,126233
126294,23,126271
126296,67,126229
126298,41,126257
126300,29,126271
126302,31,126271
126304,47,126257
126306,73,126233
126308,37,126271
126310,3,126307
126312,5,126307
126314,3,126311
126316,5,126311
126318,7,126311
126320,3,126317
126322,5,126317
126324,7,126317
126326,3,126323
126328,5,126323
126330,7,126323
126332,61,126271
126334,11,126323
126336,13,126323
126338,31,126307
126340,3,126337
126342,5,126337
126344,3,126341
126346,5,126341
126348,7,126341
126350,13,126337
126352,3,126349
126354,5,126349
126356,7,126349
126358,17,126341
126360,11,126349
126362,3,126359
126364,5,126359
126366,7,126359
126368,19,126349
126370,11,126359
126372,13,126359
126374,37,126337
126376,17,126359
126378,19,126359
126380,31,126349
126382,23,126359
126384,43,126341
126386,37,126349
126388,29,126359
126390,31,126359
126392,43,126349
126394,53,126341
126396,37,126359
126398,61,126337
126400,3,126397
126402,5,126397
126404,7,126397
126406,47,126359
126408,11,126397
126410,13,126397
126412,53,126359
126414,17,126397
126416,19,126397
126418,59,126359
126420,23,126397
126422,73,126349
126424,3,126421
126426,5,126421
126428,7,126421
126430,71,126359
126432,11,126421
126434,13,126421
126436,3,126433
126438,5,126433
126440,7,126433
126442,83,126359
126444,11,126433
126446,3,126443
126448,5,126443
126450,7,126443
126452,19,126433
126454,11,126443
126456,13,126443
126458,37,126421
126460,3,126457
126462,5,126457
126464,3,126461
126466,5,126461
126468,7,126461
126470,13,126457
126472,11,126461
126474,13,126461
126476,3,126473
126478,5,126473
126480,7,126473
126482,61,126421
126484,3,126481
126486,5,126481
126488,7,126481
126490,3,126487
126492,5,126487
126494,3,126491
126496,3,126493
126498,5,126493
126500,7,126493
126502,3,126499
126504,5,126499
126506,7,126499
126508,17,126491
126510,11,126499
126512,13,126499
126514,23,126491
126516,17,126499
126518,19,126499
126520,3,126517
126522,5,126517
126524,7,126517
126526,53,126473
126528,11,126517
126530,13,126517
126532,41,126491
126534,17,126517
126536,19,126517
126538,47,126491
126540,23,126517
126542,43,126499
126544,3,126541
126546,5,126541
126548,7,126541
126550,3,126547
126552,5,126547
126554,3,126551
126556,5,126551
126558,7,126551
126560,13,126547
126562,11,126551
126564,13,126551
126566,19,126547
126568,17,126551
126570,19,126551
126572,31,126541
126574,23,126551
126576,29,126547
126578,31,126547
126580,29,126551
126582,31,126551
126584,37,126547
126586,3,126583
126588,5,126583
126590,7,126583
126592,41,126551
126594,11,126583
126596,13,126583
126598,47,126551
126600,17,126583
126602,19,126583
126604,3,126601
126606,5,126601
126608,7,126601
126610,59,126551
126612,11,126601
126614,3,126611
126616,3,126613
126618,5,126613
126620,7,126613
126622,11,126611
126624,11,126613
126626,13,126613
126628,17,126611
126630,17,126613
126632,19,126613
126634,3,126631
126636,5,126631
126638,7,126631
126640,29,126611
126642,11,126631
126644,3,126641
126646,5,126641
126648,7,126641
126650,19,126631
126652,11,126641
126654,13,126641
126656,3,126653
126658,5,126653
126660,7,126653
126662,31,126631
126664,11,126653
126666,13,126653
126668,37,126631
126670,17,126653
126672,19,126653
126674,43,126631
126676,23,126653
126678,37,126641
126680,67,126613
126682,29,126653
126684,31,126653
126686,3,126683
126688,5,126683
126690,7,126683
126692,61,126631
126694,3,126691
126696,5,126691
126698,7,126691
126700,17,126683
126702,11,126691
126704,13,126691
126706,3,126703
126708,5,126703
126710,7,126703
126712,29,126683
126714,11,126703
126716,3,126713
126718,5,126713
126720,7,126713
126722,3,126719
126724,5,126719
126726,7,126719
126728,37,126691
126730,11,126719
126732,13,126719
126734,31,126703
126736,3,126733
126738,5,126733
126740,7,126733
126742,3,126739
126744,5,126739
126746,3,126743
126748,5,126743
126750,7,126743
126752,13,126739
126754,3,126751
126756,5,126751
126758,7,126751
126760,3,126757
126762,5,126757
126764,3,126761
126766,5,126761
126768,7,126761
126770,13,126757
126772,11,126761
126774,13,126761
126776,19,126757
126778,17,126761
126780,19,126761
126782,31,126751
126784,3,126781
126786,5,126781
126788,7,126781
126790,29,126761
126792,11,126781
126794,13,126781
126796,53,126743
126798,17,126781
126800,19,126781
126802,41,126761
126804,23,126781
126806,67,126739
126808,47,126761
126810,29,126781
126812,31,126781
126814,53,126761
126816,59,126757
126818,37,126781
126820,59,126761
126822,41,126781
126824,43,126781
126826,3,126823
126828,5,126823
126830,3,126827
126832,5,126827
126834,7,126827
126836,13,126823
126838,11,126827
126840,13,126827
126842,3,126839
126844,5,126839
126846,7,126839
126848,67,126781
126850,11,126839
126852,13,126839
126854,3,126851
126856,5,126851
126858,7,126851
126860,3,126857
126862,3,126859
126864,5,126859
126866,7,126859
126868,11,126857
126870,11,126859
126872,13,126859
126874,17,126857
126876,17,126859
126878,19,126859
126880,23,126857
126882,23,126859
126884,61,126823
126886,29,126857
126888,29,126859
126890,31,126859
126892,41,126851
126894,37,126857
126896,37,126859
126898,41,126857
126900,41,126859
126902,43,126859
126904,47,126857
126906,47,126859
126908,127,126781
126910,53,126857
126912,53,126859
126914,157,126757
126916,3,126913
126918,5,126913
126920,7,126913
126922,71,126851
126924,11,126913
126926,3,126923
126928,5,126923
126930,7,126923
126932,19,126913
126934,11,126923
126936,13,126923
126938,79,126859
126940,17,126923
126942,19,126923
126944,31,126913
126946,3,126943
126948,5,126943
126950,7,126943
126952,3,126949
126954,5,126949
126956,7,126949
126958,101,126857
126960,11,126949
126962,13,126949
126964,3,126961
126966,5,126961
126968,7,126961
126970,3,126967
126972,5,126967
126974,7,126967
126976,53,126923
126978,11,126967
126980,13,126967
126982,59,126923
126984,17,126967
126986,19,126967
126988,131,126857
126990,23,126967
126992,3,126989
126994,5,126989
126996,7,126989
126998,31,126967
127000,11,126989
127002,13,126989
127004,37,126967
127006,17,126989
127008,19,126989
127010,43,126967
127012,23,126989
127014,47,126967
127016,67,126949
127018,29,126989
127020,31,126989
127022,61,126961
127024,101,126923
127026,37,126989
127028,61,126967
127030,41,126989
127032,43,126989
127034,3,127031
127036,3,127033
127038,5,127033
127040,3,127037
127042,5,127037
127044,7,127037
127046,13,127033
127048,11,127037
127050,13,127037
127052,19,127033
127054,3,127051
127056,5,127051
127058,7,127051
127060,23,127037
127062,11,127051
127064,13,127051
127066,29,127037
127068,17,127051
127070,19,127051
127072,41,127031
127074,23,127051
127076,43,127033
127078,41,127037
127080,29,127051
127082,3,127079
127084,3,127081
127086,5,127081
127088,7,127081
127090,11,127079
127092,11,127081
127094,13,127081
127096,17,127079
127098,17,127081
127100,19,127081
127102,23,127079
127104,23,127081
127106,3,127103
127108,5,127103
127110,7,127103
127112,31,127081
127114,11,127103
127116,13,127103
127118,37,127081
127120,17,127103
127122,19,127103
127124,43,127081
127126,3,127123
127128,5,127123
127130,7,127123
127132,29,127103
127134,11,127123
127136,3,127133
127138,5,127133
127140,7,127133
127142,3,127139
127144,5,127139
127146,7,127139
127148,67,127081
127150,11,127139
127152,13,127139
127154,31,127123
127156,17,127139
127158,19,127139
127160,3,127157
127162,5,127157
127164,7,127157
127166,3,127163
127168,5,127163
127170,7,127163
127172,139,127033
127174,11,127163
127176,13,127163
127178,97,127081
127180,17,127163
127182,19,127163
127184,61,127123
127186,23,127163
127188,31,127157
127190,67,127123
127192,3,127189
127194,5,127189
127196,7,127189
127198,41,127157
127200,11,127189
127202,13,127189
127204,41,127163
127206,17,127189
127208,19,127189
127210,3,127207
127212,5,127207
127214,7,127207
127216,53,127163
127218,11,127207
127220,3,127217
127222,3,127219
127224,5,127219
127226,7,127219
127228,11,127217
127230,11,127219
127232,13,127219
127234,17,127217
127236,17,127219
127238,19,127219
127240,23,127217
127242,23,127219
127244,3,127241
127246,5,127241
127248,7,127241
127250,3,127247
127252,3,127249
127254,5,127249
127256,7,127249
127258,11,127247
127260,11,127249
127262,13,127249
127264,3,127261
127266,5,127261
127268,7,127261
127270,23,127247
127272,11,127261
127274,3,127271
127276,5,127271
127278,7,127271
127280,3,127277
127282,5,127277
127284,7,127277
127286,37,127249
127288,11,127277
127290,13,127277
127292,3,127289
127294,3,127291
127296,5,127291
127298,7,127291
127300,3,127297
127302,5,127297
127304,3,127301
127306,5,127301
127308,7,127301
127310,13,127297
127312,11,127301
127314,13,127301
127316,19,127297
127318,17,127301
127320,19,127301
127322,31,127291
127324,3,127321
127326,5,127321
127328,7,127321
127330,29,127301
127332,11,127321
127334,3,127331
127336,5,127331
127338,7,127331
127340,19,127321
127342,11,127331
127344,13,127331
127346,3,127343
127348,5,127343
127350,7,127343
127352,31,127321
127354,11,127343
127356,13,127343
127358,37,127321
127360,17,127343
127362,19,127343
127364,43,127321
127366,3,127363
127368,5,127363
127370,7,127363
127372,29,127343
127374,11,127363
127376,3,127373
127378,5,127373
127380,7,127373
127382,19,127363
127384,11,127373
127386,13,127373
127388,67,127321
127390,17,127373
127392,19,127373
127394,31,127363
127396,23,127373
127398,67,127331
127400,37,127363
127402,3,127399
127404,5,127399
127406,3,127403
127408,5,127403
127410,7,127403
127412,13,127399
127414,11,127403
127416,13,127403
127418,19,127399
127420,17,127403
127422,19,127403
127424,61,127363
127426,3,127423
127428,5,127423
127430,7,127423
127432,29,127403
127434,11,127423
127436,13,127423
127438,107,127331
127440,17,127423
127442,19,127423
127444,41,127403
127446,23,127423
127448,127,127321
127450,3,127447
127452,5,127447
127454,7,127447
127456,3,127453
127458,5,127453
127460,7,127453
127462,59,127403
127464,11,127453
127466,13,127453
127468,137,127331
127470,17,127453
127472,19,127453
127474,71,127403
127476,23,127453
127478,31,127447
127480,107,127373
127482,29,127453
127484,3,127481
127486,5,127481
127488,7,127481
127490,3,127487
127492,5,127487
127494,7,127487
127496,3,127493
127498,5,127493
127500,7,127493
127502,79,127423
127504,11,127493
127506,13,127493
127508,61,127447
127510,3,127507
127512,5,127507
127514,7,127507
127516,23,127493
127518,11,127507
127520,13,127507
127522,29,127493
127524,17,127507
127526,19,127507
127528,41,127487
127530,23,127507
127532,3,127529
127534,5,127529
127536,7,127529
127538,31,127507
127540,11,127529
127542,13,127529
127544,3,127541
127546,5,127541
127548,7,127541
127550,43,127507
127552,3,127549
127554,5,127549
127556,7,127549
127558,17,127541
127560,11,127549
127562,13,127549
127564,23,127541
127566,17,127549
127568,19,127549
127570,29,127541
127572,23,127549
127574,67,127507
127576,47,127529
127578,29,127549
127580,31,127549
127582,3,127579
127584,5,127579
127586,3,127583
127588,5,127583
127590,7,127583
127592,13,127579
127594,3,127591
127596,5,127591
127598,7,127591
127600,3,127597
127602,5,127597
127604,3,127601
127606,5,127601
127608,7,127601
127610,3,127607
127612,3,127609
127614,5,127609
127616,7,127609
127618,11,127607
127620,11,127609
127622,13,127609
127624,17,127607
127626,17,127609
127628,19,127609
127630,23,127607
127632,23,127609
127634,37,127597
127636,29,127607
127638,29,127609
127640,3,127637
127642,5,127637
127644,7,127637
127646,3,127643
127648,5,127643
127650,7,127643
127652,3,127649
127654,5,127649
127656,7,127649
127658,61,127597
127660,3,127657
127662,5,127657
127664,7,127657
127666,3,127663
127668,5,127663
127670,7,127663
127672,3,127669
127674,5,127669
127676,7,127669
127678,29,127649
127680,11,127669
127682,3,127679
127684,3,127681
127686,5,127681
127688,7,127681
127690,11,127679
127692,11,127681
127694,3,127691
127696,5,127691
127698,7,127691
127700,19,127681
127702,11,127691
127704,13,127691
127706,3,127703
127708,5,127703
127710,7,127703
127712,3,127709
127714,3,127711
127716,5,127711
127718,7,127711
127720,3,127717
127722,5,127717
127724,7,127717
127726,17,127709
127728,11,127717
127730,3,127727
127732,5,127727
127734,7,127727
127736,3,127733
127738,5,127733
127740,7,127733
127742,3,127739
127744,5,127739
127746,7,127739
127748,31,127717
127750,3,127747
127752,5,127747
127754,7,127747
127756,17,127739
127758,11,127747
127760,13,127747
127762,23,127739
127764,17,127747
127766,3,127763
127768,5,127763
127770,7,127763
127772,61,127711
127774,11,127763
127776,13,127763
127778,31,127747
127780,17,127763
127782,19,127763
127784,3,127781
127786,5,127781
127788,7,127781
127790,43,127747
127792,11,127781
127794,13,127781
127796,79,127717
127798,17,127781
127800,19,127781
127802,139,127663
127804,23,127781
127806,43,127763
127808,61,127747
127810,3,127807
127812,5,127807
127814,7,127807
127816,53,127763
127818,11,127807
127820,3,127817
127822,3,127819
127824,5,127819
127826,7,127819
127828,11,127817
127830,11,127819
127832,13,127819
127834,17,127817
127836,17,127819
127838,19,127819
127840,3,127837
127842,5,127837
127844,7,127837
127846,3,127843
127848,5,127843
127850,7,127843
127852,3,127849
127854,5,127849
127856,7,127849
127858,41,127817
127860,11,127849
127862,3,127859
127864,5,127859
127866,7,127859
127868,19,127849
127870,3,127867
127872,5,127867
127874,7,127867
127876,3,127873
127878,5,127873
127880,3,127877
127882,5,127877
127884,7,127877
127886,13,127873
127888,11,127877
127890,13,127877
127892,19,127873
127894,17,127877
127896,19,127877
127898,31,127867
127900,23,127877
127902,29,127873
127904,31,127873
127906,29,127877
127908,31,127877
127910,37,127873
127912,53,127859
127914,37,127877
127916,3,127913
127918,5,127913
127920,7,127913
127922,73,127849
127924,3,127921
127926,5,127921
127928,7,127921
127930,17,127913
127932,11,127921
127934,3,127931
127936,5,127931
127938,7,127931
127940,19,127921
127942,11,127931
127944,13,127931
127946,73,127873
127948,17,127931
127950,19,127931
127952,31,127921
127954,3,127951
127956,5,127951
127958,7,127951
127960,29,127931
127962,11,127951
127964,13,127951
127966,53,127913
127968,17,127951
127970,19,127951
127972,41,127931
127974,23,127951
127976,3,127973
127978,5,127973
127980,7,127973
127982,3,127979
127984,5,127979
127986,7,127979
127988,37,127951
127990,11,127979
127992,13,127979
127994,43,127951
127996,17,127979
127998,19,127979
128000,3,127997
128002,5,127997
128004,7,127997
128006,139,127867
128008,11,127997
128010,13,127997
128012,61,127951
128014,17,127997
128016,19,127997
128018,67,127951
128020,23,127997
128022,43,127979
128024,3,128021
128026,5,128021
128028,7,128021
128030,79,127951
128032,11,128021
128034,13,128021
128036,3,128033
128038,5,128033
128040,7,128033
128042,193,127849
128044,11,128033
128046,13,128033
128048,97,127951
128050,3,128047
128052,5,128047
128054,7,128047
128056,3,128053
128058,5,128053
128060,7,128053
128062,29,128033
128064,11,128053
128066,13,128053
128068,47,128021
128070,17,128053
128072,19,128053
128074,41,128033
128076,23,128053
128078,31,128047
128080,47,128033
128082,29,128053
128084,31,128053
128086,53,128033
128088,41,128047
128090,37,128053
128092,59,128033
128094,41,128053
128096,43,128053
128098,101,127997
128100,47,128053
128102,3,128099
128104,5,128099
128106,7,128099
128108,61,128047
128110,11,128099
128112,13,128099
128114,3,128111
128116,3,128113
128118,5,128113
128120,7,128113
128122,3,128119
128124,5,128119
128126,7,128119
128128,17,128111
128130,11,128119
128132,13,128119
128134,23,128111
128136,17,128119
128138,19,128119
128140,29,128111
128142,23,128119
128144,31,128113
128146,47,128099
128148,29,128119
128150,3,128147
128152,5,128147
128154,7,128147
128156,3,128153
128158,5,128153
128160,7,128153
128162,3,128159
128164,5,128159
128166,7,128159
128168,331,127837
128170,11,128159
128172,13,128159
128174,61,128113
128176,3,128173
128178,5,128173
128180,7,128173
128182,23,128159
128184,11,128173
128186,13,128173
128188,29,128159
128190,17,128173
128192,3,128189
128194,5,128189
128196,7,128189
128198,79,128119
128200,11,128189
128202,13,128189
128204,3,128201
128206,3,128203
128208,5,128203
128210,7,128203
128212,11,128201
128214,11,128203
128216,3,128213
128218,5,128213
128220,7,128213
128222,19,128203
128224,3,128221
128226,5,128221
128228,7,128221
128230,17,128213
128232,11,128221
128234,13,128221
128236,23,128213
128238,17,128221
128240,3,128237
128242,3,128239
128244,5,128239
128246,7,128239
128248,11,128237
128250,11,128239
128252,13,128239
128254,17,128237
128256,17,128239
128258,19,128239
128260,3,128257
128262,5,128257
128264,7,128257
128266,29,128237
128268,11,128257
128270,13,128257
128272,59,128213
128274,17,128257
128276,3,128273
128278,5,128273
128280,7,128273
128282,43,128239
128284,11,128273
128286,13,128273
128288,31,128257
128290,3,128287
128292,5,128287
128294,3,128291
128296,5,128291
128298,7,128291
128300,13,128287
128302,11,128291
128304,13,128291
128306,19,128287
128308,17,128291
128310,19,128291
128312,73,128239
128314,3,128311
128316,5,128311
128318,7,128311
128320,29,128291
128322,11,128311
128324,3,128321
128326,5,128321
128328,7,128321
128330,3,128327
128332,5,128327
128334,7,128327
128336,79,128257
128338,11,128327
128340,13,128327
128342,3,128339
128344,3,128341
128346,5,128341
128348,7,128341
128350,3,128347
128352,5,128347
128354,3,128351
128356,5,128351
128358,7,128351
128360,13,128347
128362,11,128351
128364,13,128351
128366,19,128347
128368,17,128351
128370,19,128351
128372,31,128341
128374,23,128351
128376,29,128347
128378,31,128347
128380,3,128377
128382,5,128377
128384,7,128377
128386,47,128339
128388,11,128377
128390,13,128377
128392,3,128389
128394,5,128389
128396,3,128393
128398,5,128393
128400,7,128393
128402,3,128399
128404,5,128399
128406,7,128399
128408,19,128389
128410,11,128399
128412,13,128399
128414,3,128411
128416,3,128413
128418,5,128413
128420,7,128413
128422,11,128411
128424,11,128413
128426,13,128413
128428,17,128411
128430,17,128413
128432,19,128413
128434,3,128431
128436,5,128431
128438,7,128431
128440,3,128437
128442,5,128437
128444,7,128437
128446,47,128399
128448,11,128437
128450,13,128437
128452,3,128449
128454,5,128449
128456,7,128449
128458,47,128411
128460,11,128449
128462,13,128449
128464,3,128461
128466,5,128461
128468,7,128461
128470,3,128467
128472,5,128467
128474,7,128467
128476,3,128473
128478,5,128473
128480,3,128477
128482,5,128477
128484,7,128477
128486,3,128483
128488,5,128483
128490,7,128483
128492,3,128489
128494,5,128489
128496,7,128489
128498,31,128467
128500,11,128489
128502,13,128489
128504,31,128473
128506,17,128489
128508,19,128489
128510,37,128473
128512,3,128509
128514,5,128509
128516,7,128509
128518,29,128489
128520,11,128509
128522,3,128519
128524,3,128521
128526,5,128521
128528,7,128521
128530,11,128519
128532,11,128521
128534,13,128521
128536,17,128519
128538,17,128521
128540,19,128521
128542,23,128519
128544,23,128521
128546,37,128509
128548,29,128519
128550,29,128521
128552,3,128549
128554,3,128551
128556,5,128551
128558,7,128551
128560,11,128549
128562,11,128551
128564,13,128551
128566,3,128563
128568,5,128563
128570,7,128563
128572,23,128549
128574,11,128563
128576,13,128563
128578,29,128549
128580,17,128563
128582,19,128563
128584,101,128483
128586,23,128563
128588,37,128551
128590,41,128549
128592,29,128563
128594,3,128591
128596,5,128591
128598,7,128591
128600,37,128563
128602,3,128599
128604,5,128599
128606,3,128603
128608,5,128603
128610,7,128603
128612,13,128599
128614,11,128603
128616,13,128603
128618,19,128599
128620,17,128603
128622,19,128603
128624,3,128621
128626,5,128621
128628,7,128621
128630,31,128599
128632,3,128629
128634,5,128629
128636,7,128629
128638,17,128621
128640,11,128629
128642,13,128629
128644,23,128621
128646,17,128629
128648,19,128629
128650,29,128621
128652,23,128629
128654,103,128551
128656,53,128603
128658,29,128629
128660,3,128657
128662,3,128659
128664,5,128659
128666,3,128663
128668,5,128663
128670,7,128663
128672,3,128669
128674,5,128669
128676,7,128669
128678,19,128659
128680,3,128677
128682,5,128677
128684,7,128677
128686,3,128683
128688,5,128683
128690,7,128683
128692,23,128669
128694,11,128683
128696,3,128693
128698,5,128693
128700,7,128693
128702,19,128683
128704,11,128693
128706,13,128693
128708,31,128677
128710,17,128693
128712,19,128693
128714,31,128683
128716,23,128693
128718,41,128677
128720,3,128717
128722,5,128717
128724,7,128717
128726,43,128683
128728,11,128717
128730,13,128717
128732,73,128659
128734,17,128717
128736,19,128717
128738,61,128677
128740,23,128717
128742,59,128683
128744,61,128683
128746,29,128717
128748,31,128717
128750,3,128747
128752,3,128749
128754,5,128749
128756,7,128749
128758,11,128747
128760,11,128749
128762,13,128749
128764,3,128761
128766,5,128761
128768,7,128761
128770,3,128767
128772,5,128767
128774,7,128767
128776,29,128747
128778,11,128767
128780,13,128767
128782,89,128693
128784,17,128767
128786,19,128767
128788,41,128747
128790,23,128767
128792,31,128761
128794,47,128747
128796,29,128767
128798,31,128767
128800,53,128747
128802,41,128761
128804,37,128767
128806,59,128747
128808,41,128767
128810,43,128767
128812,149,128663
128814,47,128767
128816,3,128813
128818,5,128813
128820,7,128813
128822,3,128819
128824,5,128819
128826,7,128819
128828,61,128767
128830,11,128819
128832,13,128819
128834,3,128831
128836,3,128833
128838,5,128833
128840,3,128837
128842,5,128837
128844,7,128837
128846,13,128833
128848,11,128837
128850,13,128837
128852,19,128833
128854,17,128837
128856,19,128837
128858,97,128761
128860,3,128857
128862,5,128857
128864,3,128861
128866,5,128861
128868,7,128861
128870,13,128857
128872,11,128861
128874,13,128861
128876,3,128873
128878,5,128873
128880,7,128873
128882,3,128879
128884,5,128879
128886,7,128879
128888,31,128857
128890,11,128879
128892,13,128879
128894,37,128857
128896,17,128879
128898,19,128879
128900,43,128857
128902,23,128879
128904,31,128873
128906,3,128903
128908,5,128903
128910,7,128903
128912,79,128833
128914,11,128903
128916,13,128903
128918,61,128857
128920,17,128903
128922,19,128903
128924,67,128857
128926,3,128923
128928,5,128923
128930,7,128923
128932,29,128903
128934,11,128923
128936,13,128923
128938,59,128879
128940,17,128923
128942,3,128939
128944,3,128941
128946,5,128941
128948,7,128941
128950,11,128939
128952,11,128941
128954,3,128951
128956,5,128951
128958,7,128951
128960,19,128941
128962,3,128959
128964,5,128959
128966,7,128959
128968,17,128951
128970,11,128959
128972,3,128969
128974,3,128971
128976,5,128971
128978,7,128971
128980,11,128969
128982,11,128971
128984,3,128981
128986,3,128983
128988,5,128983
128990,3,128987
128992,5,128987
128994,7,128987
128996,3,128993
128998,5,128993
129000,7,128993
129002,19,128983
129004,3,129001
129006,5,129001
129008,7,129001
129010,17,128993
129012,11,129001
129014,3,129011
129016,5,129011
129018,7,129011
129020,19,129001
129022,11,129011
129024,13,129011
129026,3,129023
129028,5,129023
129030,7,129023
129032,31,129001
129034,11,129023
129036,13,129023
129038,37,129001
129040,3,129037
129042,5,129037
129044,7,129037
129046,23,129023
129048,11,129037
129050,13,129037
129052,3,129049
129054,5,129049
129056,7,129049
129058,47,129011
129060,11,129049
129062,13,129049
129064,3,129061
129066,5,129061
129068,7,129061
129070,47,129023
129072,11,129061
129074,13,129061
129076,53,129023
129078,17,129061
129080,19,129061
129082,59,129023
129084,23,129061
129086,3,129083
129088,5,129083
129090,7,129083
129092,3,129089
129094,5,129089
129096,7,129089
129098,37,129061
129100,3,129097
129102,5,129097
129104,7,129097
129106,17,129089
129108,11,129097
129110,13,129097
129112,23,129089
129114,17,129097
129116,3,129113
129118,5,129113
129120,7,129113
129122,3,129119
129124,3,129121
129126,5,129121
129128,7,129121
129130,3,129127
129132,5,129127
129134,7,129127
129136,17,129119
129138,11,129127
129140,13,129127
129142,23,129119
129144,17,129127
129146,19,129127
129148,29,129119
129150,23,129127
129152,31,129121
129154,41,129113
129156,29,129127
129158,31,129127
129160,41,129119
129162,41,129121
129164,37,129127
129166,47,129119
129168,41,129127
129170,43,129127
129172,3,129169
129174,5,129169
129176,7,129169
129178,59,129119
129180,11,129169
129182,13,129169
129184,71,129113
129186,17,129169
129188,19,129169
129190,3,129187
129192,5,129187
129194,7,129187
129196,3,129193
129198,5,129193
129200,3,129197
129202,5,129197
129204,7,129197
129206,13,129193
129208,11,129197
129210,13,129197
129212,3,129209
129214,5,129209
129216,7,129209
129218,31,129187
129220,11,129209
129222,13,129209
129224,3,129221
129226,3,129223
129228,5,129223
129230,7,129223
129232,3,129229
129234,5,129229
129236,7,129229
129238,17,129221
129240,11,129229
129242,13,129229
129244,23,129221
129246,17,129229
129248,19,129229
129250,29,129221
129252,23,129229
129254,31,129223
129256,47,129209
129258,29,129229
129260,31,129229
129262,41,129221
129264,41,129223
129266,3,129263
129268,5,129263
129270,7,129263
129272,43,129229
129274,11,129263
129276,13,129263
129278,109,129169
129280,3,129277
129282,5,129277
129284,3,129281
129286,5,129281
129288,7,129281
129290,3,129287
129292,3,129289
129294,5,129289
129296,3,129293
129298,5,129293
129300,7,129293
129302,13,129289
129304,11,129293
129306,13,129293
129308,19,129289
129310,17,129293
129312,19,129293
129314,37,129277
129316,3,129313
129318,5,129313
129320,7,129313
129322,29,129293
129324,11,129313
129326,13,129313
129328,41,129287
129330,17,129313
129332,19,129313
129334,41,129293
129336,23,129313
129338,61,129277
129340,47,129293
129342,29,129313
129344,3,129341
129346,5,129341
129348,7,129341
129350,3,129347
129352,5,129347
129354,7,129347
129356,43,129313
129358,11,129347
129360,13,129347
129362,73,129289
129364,3,129361
129366,5,129361
129368,7,129361
129370,23,129347
129372,11,129361
129374,13,129361
129376,29,129347
129378,17,129361
129380,19,129361
129382,3,129379
129384,5,129379
129386,7,129379
129388,41,129347
129390,11,129379
129392,13,129379
129394,47,129347
129396,17,129379
129398,19,129379
129400,53,129347
129402,23,129379
129404,3,129401
129406,3,129403
129408,5,129403
129410,7,129403
129412,11,129401
129414,11,129403
129416,13,129403
129418,17,129401
129420,17,129403
129422,3,129419
129424,5,129419
129426,7,129419
129428,67,129361
129430,11,129419
129432,13,129419
129434,31,129403
129436,17,129419
129438,19,129419
129440,37,129403
129442,3,129439
129444,5,129439
129446,3,129443
129448,5,129443
129450,7,129443
129452,3,129449
129454,5,129449
129456,7,129449
129458,19,129439
129460,3,129457
129462,5,129457
129464,3,129461
129466,5,129461
129468,7,129461
129470,13,129457
129472,3,129469
129474,5,129469
129476,7,129469
129478,17,129461
129480,11,129469
129482,13,129469
129484,23,129461
129486,17,129469
129488,19,129469
129490,29,129461
129492,23,129469
129494,3,129491
129496,5,129491
129498,7,129491
129500,3,129497
129502,3,129499
129504,5,129499
129506,7,129499
129508,11,129497
129510,11,129499
129512,3,129509
129514,5,129509
129516,7,129509
129518,19,129499
129520,3,129517
129522,5,129517
129524,7,129517
129526,17,129509
129528,11,129517
129530,3,129527
129532,3,129529
129534,5,129529
129536,3,129533
129538,5,129533
129540,7,129533
129542,3,129539
129544,5,129539
129546,7,129539
129548,19,129529
129550,11,129539
129552,13,129539
129554,37,129517
129556,3,129553
129558,5,129553
129560,7,129553
129562,23,129539
129564,11,129553
129566,13,129553
129568,29,129539
129570,17,129553
129572,19,129553
129574,41,129533
129576,23,129553
129578,61,129517
129580,41,129539
129582,29,129553
129584,3,129581
129586,5,129581
129588,7,129581
129590,3,129587
129592,3,129589
129594,5,129589
129596,3,129593
129598,5,129593
129600,7,129593
129602,13,129589
129604,11,129593
129606,13,129593
129608,19,129589
129610,3,129607
129612,5,129607
129614,7,129607
129616,23,129593
129618,11,129607
129620,13,129607
129622,29,129593
129624,17,129607
129626,19,129607
129628,41,129587
129630,23,129607
129632,3,129629
129634,3,129631
129636,5,129631
129638,7,129631
129640,11,129629
129642,11,129631
129644,3,129641
129646,3,129643
129648,5,129643
129650,7,129643
129652,11,129641
129654,11,129643
129656,13,129643
129658,17,129641
129660,17,129643
129662,19,129643
129664,23,129641
129666,23,129643
129668,37,129631
129670,29,129641
129672,29,129643
129674,3,129671
129676,5,129671
129678,7,129671
129680,37,129643
129682,11,129671
129684,13,129671
129686,43,129643
129688,17,129671
129690,19,129671
129692,61,129631
129694,23,129671
129696,53,129643
129698,67,129631
129700,29,129671
129702,31,129671
129704,61,129643
129706,113,129593
129708,37,129671
129710,3,129707
129712,5,129707
129714,7,129707
129716,73,129643
129718,11,129707
129720,13,129707
129722,3,129719
129724,5,129719
129726,7,129719
129728,97,129631
129730,11,129719
129732,13,129719
129734,103,129631
129736,3,129733
129738,5,129733
129740,3,129737
129742,5,129737
129744,7,129737
129746,13,129733
129748,11,129737
129750,13,129737
129752,3,129749
129754,5,129749
129756,7,129749
129758,127,129631
129760,3,129757
129762,5,129757
129764,7,129757
129766,3,129763
129768,5,129763
129770,7,129763
129772,3,129769
129774,5,129769
129776,7,129769
129778,29,129749
129780,11,129769
129782,13,129769
129784,47,129737
129786,17,129769
129788,19,129769
129790,41,129749
129792,23,129769
129794,31,129763
129796,3,129793
129798,5,129793
129800,7,129793
129802,53,129749
129804,11,129793
129806,3,129803
129808,5,129803
129810,7,129803
129812,19,129793
129814,11,129803
129816,13,129803
129818,61,129757
129820,17,129803
129822,19,129803
129824,31,129793
129826,23,129803
129828,59,129769
129830,37,129793
129832,29,129803
129834,31,129803
129836,43,129793
129838,89,129749
129840,37,129803
129842,73,129769
129844,3,129841
129846,5,129841
129848,7,129841
129850,47,129803
129852,11,129841
129854,13,129841
129856,3,129853
129858,5,129853
129860,7,129853
129862,59,129803
129864,11,129853
129866,13,129853
129868,131,129737
129870,17,129853
129872,19,129853
129874,71,129803
129876,23,129853
129878,37,129841
129880,131,129749
129882,29,129853
129884,31,129853
129886,83,129803
129888,47,129841
129890,3,129887
129892,5,129887
129894,7,129887
129896,3,129893
129898,5,129893
129900,7,129893
129902,61,129841
129904,3,129901
129906,5,129901
129908,7,129901
129910,17,129893
129912,11,129901
129914,13,129901
129916,23,129893
129918,17,129901
129920,3,129917
129922,3,129919
129924,5,129919
129926,7,129919
129928,11,129917
129930,11,129919
129932,13,129919
129934,17,129917
129936,17,129919
129938,19,129919
129940,3,129937
129942,5,129937
129944,7,129937
129946,29,129917
129948,11,129937
129950,13,129937
129952,59,129893
129954,17,129937
129956,3,129953
129958,5,129953
129960,7,129953
129962,3,129959
129964,5,129959
129966,7,129959
129968,31,129937
129970,3,129967
129972,5,129967
129974,3,129971
129976,5,129971
129978,7,129971
129980,13,129967
129982,11,129971
129984,13,129971
129986,19,129967
129988,17,129971
129990,19,129971
129992,73,129919
129994,23,129971
129996,29,129967
129998,31,129967
130000,29,129971
130002,31,129971
130004,37,129967
130006,3,130003
130008,5,130003
130010,7,130003
130012,41,129971
130014,11,130003
130016,13,130003
130018,47,129971
130020,17,130003
130022,19,130003
130024,3,130021
130026,5,130021
130028,7,130021
130030,3,130027
130032,5,130027
130034,7,130027
130036,83,129953
130038,11,130027
130040,13,130027
130042,71,129971
130044,17,130027
130046,3,130043
130048,5,130043
130050,7,130043
130052,31,130021
130054,3,130051
130056,5,130051
130058,7,130051
130060,3,130057
130062,5,130057
130064,7,130057
130066,23,130043
130068,11,130057
130070,13,130057
130072,3,130069
130074,5,130069
130076,3,130073
130078,5,130073
130080,7,130073
130082,3,130079
130084,5,130079
130086,7,130079
130088,19,130069
130090,3,130087
130092,5,130087
130094,7,130087
130096,17,130079
130098,11,130087
130100,13,130087
130102,3,130099
130104,5,130099
130106,7,130099
130108,29,130079
130110,11,130099
130112,13,130099
130114,41,130073
130116,17,130099
130118,19,130099
130120,41,130079
130122,23,130099
130124,3,130121
130126,5,130121
130128,7,130121
130130,3,130127
130132,5,130127
130134,7,130127
130136,37,130099
130138,11,130127
130140,13,130127
130142,43,130099
130144,17,130127
130146,19,130127
130148,61,130087
130150,3,130147
130152,5,130147
130154,7,130147
130156,29,130127
130158,11,130147
130160,13,130147
130162,41,130121
130164,17,130147
130166,19,130147
130168,41,130127
130170,23,130147
130172,73,130099
130174,3,130171
130176,5,130171
130178,7,130171
130180,53,130127
130182,11,130171
130184,13,130171
130186,3,130183
130188,5,130183
130190,7,130183
130192,71,130121
130194,11,130183
130196,13,130183
130198,71,130127
130200,17,130183
130202,3,130199
130204,3,130201
130206,5,130201
130208,7,130201
130210,11,130199
130212,11,130201
130214,3,130211
130216,5,130211
130218,7,130211
130220,19,130201
130222,11,130211
130224,13,130211
130226,3,130223
130228,5,130223
130230,7,130223
130232,31,130201
130234,11,130223
130236,13,130223
130238,37,130201
130240,17,130223
130242,19,130223
130244,3,130241
130246,5,130241
130248,7,130241
130250,67,130183
130252,11,130241
130254,13,130241
130256,3,130253
130258,5,130253
130260,7,130253
130262,3,130259
130264,3,130261
130266,5,130261
130268,7,130261
130270,3,130267
130272,5,130267
130274,7,130267
130276,17,130259
130278,11,130267
130280,13,130267
130282,3,130279
130284,5,130279
130286,7,130279
130288,29,130259
130290,11,130279
130292,13,130279
130294,41,130253
130296,17,130279
130298,19,130279
130300,41,130259
130302,23,130279
130304,37,130267
130306,3,130303
130308,5,130303
130310,3,130307
130312,5,130307
130314,7,130307
130316,13,130303
130318,11,130307
130320,13,130307
130322,19,130303
130324,17,130307
130326,19,130307
130328,61,130267
130330,23,130307
130332,29,130303
130334,31,130303
130336,29,130307
130338,31,130307
130340,3,130337
130342,5,130337
130344,7,130337
130346,3,130343
130348,5,130343
130350,7,130343
130352,3,130349
130354,5,130349
130356,7,130349
130358,79,130279
130360,11,130349
130362,13,130349
130364,61,130303
130366,3,130363
130368,5,130363
130370,3,130367
130372,3,130369
130374,5,130369
130376,7,130369
130378,11,130367
130380,11,130369
130382,3,130379
130384,5,130379
130386,7,130379
130388,19,130369
130390,11,130379
130392,13,130379
130394,31,130363
130396,17,130379
130398,19,130379
130400,31,130369
130402,3,130399
130404,5,130399
130406,7,130399
130408,29,130379
130410,11,130399
130412,3,130409
130414,3,130411
130416,5,130411
130418,7,130411
130420,11,130409
130422,11,130411
130424,13,130411
130426,3,130423
130428,5,130423
130430,7,130423
130432,23,130409
130434,11,130423
130436,13,130423
130438,29,130409
130440,17,130423
130442,3,130439
130444,5,130439
130446,7,130439
130448,37,130411
130450,3,130447
130452,5,130447
130454,7,130447
130456,17,130439
130458,11,130447
130460,3,130457
130462,5,130457
130464,7,130457
130466,19,130447
130468,11,130457
130470,13,130457
130472,3,130469
130474,5,130469
130476,7,130469
130478,31,130447
130480,3,130477
130482,5,130477
130484,7,130477
130486,3,130483
130488,5,130483
130490,7,130483
130492,3,130489
130494,5,130489
130496,7,130489
130498,29,130469
130500,11,130489
130502,13,130489
130504,47,130457
130506,17,130489
130508,19,130489
130510,41,130469
130512,23,130489
130514,31,130483
130516,3,130513
130518,5,130513
130520,3,130517
130522,5,130517
130524,7,130517
130526,3,130523
130528,5,130523
130530,7,130523
130532,19,130513
130534,3,130531
130536,5,130531
130538,7,130531
130540,17,130523
130542,11,130531
130544,13,130531
130546,23,130523
130548,17,130531
130550,3,130547
130552,5,130547
130554,7,130547
130556,3,130553
130558,5,130553
130560,7,130553
130562,31,130531
130564,11,130553
130566,13,130553
130568,37,130531
130570,17,130553
130572,19,130553
130574,43,130531
130576,23,130553
130578,31,130547
130580,67,130513
130582,3,130579
130584,5,130579
130586,7,130579
130588,41,130547
130590,11,130579
130592,3,130589
130594,5,130589
130596,7,130589
130598,19,130579
130600,11,130589
130602,13,130589
130604,73,130531
130606,17,130589
130608,19,130589
130610,31,130579
130612,23,130589
130614,61,130553
130616,37,130579
130618,29,130589
130620,31,130589
130622,3,130619
130624,3,130621
130626,5,130621
130628,7,130621
130630,11,130619
130632,11,130621
130634,3,130631
130636,3,130633
130638,5,130633
130640,7,130633
130642,3,130639
130644,5,130639
130646,3,130643
130648,5,130643
130650,7,130643
130652,3,130649
130654,3,130651
130656,5,130651
130658,7,130651
130660,3,130657
130662,5,130657
130664,7,130657
130666,17,130649
130668,11,130657
130670,13,130657
130672,23,130649
130674,17,130657
130676,19,130657
130678,29,130649
130680,23,130657
130682,31,130651
130684,3,130681
130686,5,130681
130688,7,130681
130690,3,130687
130692,5,130687
130694,7,130687
130696,3,130693
130698,5,130693
130700,7,130693
130702,3,130699
130704,5,130699
130706,7,130699
130708,59,130649
130710,11,130699
130712,13,130699
130714,71,130643
130716,17,130699
130718,19,130699
130720,71,130649
130722,23,130699
130724,31,130693
130726,83,130643
130728,29,130699
130730,31,130699
130732,3,130729
130734,5,130729
130736,7,130729
130738,89,130649
130740,11,130729
130742,13,130729
130744,101,130643
130746,17,130729
130748,19,130729
130750,101,130649
130752,23,130729
130754,61,130693
130756,107,130649
130758,29,130729
130760,31,130729
130762,113,130649
130764,71,130693
130766,37,130729
130768,137,130631
130770,41,130729
130772,3,130769
130774,5,130769
130776,7,130769
130778,79,130699
130780,11,130769
130782,13,130769
130784,97,130687
130786,3,130783
130788,5,130783
130790,3,130787
130792,5,130787
130794,7,130787
130796,13,130783
130798,11,130787
130800,13,130787
130802,19,130783
130804,17,130787
130806,19,130787
130808,79,130729
130810,3,130807
130812,5,130807
130814,3,130811
130816,5,130811
130818,7,130811
130820,3,130817
130822,5,130817
130824,7,130817
130826,19,130807
130828,11,130817
130830,13,130817
130832,3,130829
130834,5,130829
130836,7,130829
130838,31,130807
130840,11,130829
130842,13,130829
130844,3,130841
130846,3,130843
130848,5,130843
130850,7,130843
130852,11,130841
130854,11,130843
130856,13,130843
130858,17,130841
130860,17,130843
130862,3,130859
130864,5,130859
130866,7,130859
130868,61,130807
130870,11,130859
130872,13,130859
130874,31,130843
130876,3,130873
130878,5,130873
130880,7,130873
130882,23,130859
130884,11,130873
130886,13,130873
130888,29,130859
130890,17,130873
130892,19,130873
130894,53,130841
130896,23,130873
130898,199,130699
130900,41,130859
130902,29,130873
130904,31,130873
130906,47,130859
130908,67,130841
130910,37,130873
130912,53,130859
130914,41,130873
130916,43,130873
130918,59,130859
130920,47,130873
130922,79,130843
130924,83,130841
130926,53,130873
130928,199,130729
130930,3,130927
130932,5,130927
130934,7,130927
130936,107,130829
130938,11,130927
130940,13,130927
130942,83,130859
130944,17,130927
130946,19,130927
130948,89,130859
130950,23,130927
130952,79,130873
130954,113,130841
130956,29,130927
130958,31,130927
130960,3,130957
130962,5,130957
130964,7,130957
130966,107,130859
130968,11,130957
130970,13,130957
130972,3,130969
130974,5,130969
130976,3,130973
130978,5,130973
130980,7,130973
130982,13,130969
130984,3,130981
130986,5,130981
130988,7,130981
130990,3,130987
130992,5,130987
130994,7,130987
130996,23,130973
130998,11,130987
131000,13,130987
131002,29,130973
131004,17,130987
131006,19,130987
131008,149,130859
131010,23,130987
131012,3,131009
131014,3,131011
131016,5,131011
131018,7,131011
131020,11,131009
131022,11,131011
131024,13,131011
131026,3,131023
131028,5,131023
131030,7,131023
131032,23,131009
131034,11,131023
131036,13,131023
131038,29,131009
131040,17,131023
131042,19,131023
131044,3,131041
131046,5,131041
131048,7,131041
131050,41,131009
131052,11,131041
131054,13,131041
131056,47,131009
131058,17,131041
131060,19,131041
131062,3,131059
131064,5,131059
131066,3,131063
131068,5,131063
131070,7,131063
131072,13,131059
131074,3,131071
131076,5,131071
131078,7,131071
131080,17,131063
131082,11,131071
131084,13,131071
131086,23,131063
131088,17,131071
131090,19,131071
131092,29,131063
131094,23,131071
131096,37,131059
131098,89,131009
131100,29,131071
131102,31,131071
131104,3,131101
131106,5,131101
131108,7,131101
131110,47,131063
131112,11,131101
131114,3,131111
131116,3,131113
131118,5,131113
131120,7,131113
131122,11,131111
131124,11,131113
131126,13,131113
131128,17,131111
131130,17,131113
131132,3,131129
131134,5,131129
131136,7,131129
131138,37,131101
131140,11,131129
131142,13,131129
131144,31,131113
131146,3,131143
131148,5,131143
131150,7,131143
131152,3,131149
131154,5,131149
131156,7,131149
131158,29,131129
131160,11,131149
131162,13,131149
131164,53,131111
131166,17,131149
131168,19,131149
131170,41,131129
131172,23,131149
131174,3,131171
131176,5,131171
131178,7,131171
131180,31,131149
131182,11,131171
131184,13,131171
131186,37,131149
131188,17,131171
131190,19,131171
131192,43,131149
131194,23,131171
131196,47,131149
131198,97,131101
131200,29,131171
131202,31,131171
131204,61,131143
131206,3,131203
131208,5,131203
131210,7,131203
131212,41,131171
131214,11,131203
131216,3,131213
131218,5,131213
131220,7,131213
131222,19,131203
131224,3,131221
131226,5,131221
131228,7,131221
131230,17,131213
131232,11,131221
131234,3,131231
131236,5,131231
131238,7,131231
131240,19,131221
131242,11,131231
131244,13,131231
131246,43,131203
131248,17,131231
131250,19,131231
131252,3,131249
131254,3,131251
131256,5,131251
131258,7,131251
131260,11,131249
131262,11,131251
131264,13,131251
131266,17,131249
131268,17,131251
131270,3,131267
131272,5,131267
131274,7,131267
131276,73,131203
131278,11,131267
131280,13,131267
131282,31,131251
131284,17,131267
131286,19,131267
131288,37,131251
131290,23,131267
131292,41,131251
131294,43,131251
131296,3,131293
131298,5,131293
131300,3,131297
131302,5,131297
131304,7,131297
131306,3,131303
131308,5,131303
131310,7,131303
131312,19,131293
131314,3,131311
131316,5,131311
131318,7,131311
131320,3,131317
131322,5,131317
131324,3,131321
131326,5,131321
131328,7,131321
131330,13,131317
131332,11,131321
131334,13,131321
131336,19,131317
131338,17,131321
131340,19,131321
131342,31,131311
131344,23,131321
131346,29,131317
131348,31,131317
131350,29,131321
131352,31,131321
131354,37,131317
131356,53,131303
131358,37,131321
131360,3,131357
131362,5,131357
131364,7,131357
131366,3,131363
131368,5,131363
131370,7,131363
131372,61,131311
131374,3,131371
131376,5,131371
131378,7,131371
131380,17,131363
131382,11,131371
131384,3,131381
131386,5,131381
131388,7,131381
131390,19,131371
131392,11,131381
131394,13,131381
131396,79,131317
131398,17,131381
131400,19,131381
131402,31,131371
131404,23,131381
131406,43,131363
131408,37,131371
131410,29,131381
131412,31,131381
131414,43,131371
131416,3,131413
131418,5,131413
131420,7,131413
131422,41,131381
131424,11,131413
131426,13,131413
131428,47,131381
131430,17,131413
131432,19,131413
131434,3,131431
131436,5,131431
131438,7,131431
131440,3,131437
131442,5,131437
131444,3,131441
131446,5,131441
131448,7,131441
131450,3,131447
131452,3,131449
131454,5,131449
131456,7,131449
131458,11,131447
131460,11,131449
131462,13,131449
131464,17,131447
131466,17,131449
131468,19,131449
131470,23,131447
131472,23,131449
131474,37,131437
131476,29,131447
131478,29,131449
131480,3,131477
131482,3,131479
131484,5,131479
131486,7,131479
131488,11,131477
131490,11,131479
131492,3,131489
131494,5,131489
131496,7,131489
131498,19,131479
131500,3,131497
131502,5,131497
131504,3,131501
131506,5,131501
131508,7,131501
131510,3,131507
131512,5,131507
131514,7,131507
131516,19,131497
131518,11,131507
131520,13,131507
131522,3,131519
131524,5,131519
131526,7,131519
131528,31,131497
131530,11,131519
131532,13,131519
131534,37,131497
131536,17,131519
131538,19,131519
131540,43,131497
131542,23,131519
131544,37,131507
131546,3,131543
131548,5,131543
131550,7,131543
131552,73,131479
131554,11,131543
131556,13,131543
131558,61,131497
131560,17,131543
131562,19,131543
131564,3,131561
131566,5,131561
131568,7,131561
131570,73,131497
131572,11,131561
131574,13,131561
131576,79,131497
131578,17,131561
131580,19,131561
131582,103,131479
131584,3,131581
131586,5,131581
131588,7,131581
131590,29,131561
131592,11,131581
131594,3,131591
131596,5,131591
131598,7,131591
131600,19,131581
131602,11,131591
131604,13,131591
131606,109,131497
131608,17,131591
131610,19,131591
131612,31,131581
131614,3,131611
131616,5,131611
131618,7,131611
131620,3,131617
131622,5,131617
131624,7,131617
131626,83,131543
131628,11,131617
131630,3,131627
131632,5,131627
131634,7,131627
131636,19,131617
131638,11,131627
131640,13,131627
131642,3,131639
131644,3,131641
131646,5,131641
131648,7,131641
131650,11,131639
131652,11,131641
131654,13,131641
131656,17,131639
131658,17,131641
131660,19,131641
131662,23,131639
131664,23,131641
131666,229,131437
131668,29,131639
131670,29,131641
131672,31,131641
131674,3,131671
131676,5,131671
131678,7,131671
131680,41,131639
131682,11,131671
131684,13,131671
131686,47,131639
131688,17,131671
131690,3,131687
131692,5,131687
131694,7,131687
131696,79,131617
131698,11,131687
131700,13,131687
131702,31,131671
131704,3,131701
131706,5,131701
131708,7,131701
131710,3,131707
131712,5,131707
131714,3,131711
131716,3,131713
131718,5,131713
131720,7,131713
131722,11,131711
131724,11,131713
131726,13,131713
131728,17,131711
131730,17,131713
131732,19,131713
131734,3,131731
131736,5,131731
131738,7,131731
131740,29,131711
131742,11,131731
131744,13,131731
131746,3,131743
131748,5,131743
131750,7,131743
131752,3,131749
131754,5,131749
131756,7,131749
131758,47,131711
131760,11,131749
131762,3,131759
131764,5,131759
131766,7,131759
131768,19,131749
131770,11,131759
131772,13,131759
131774,3,131771
131776,5,131771
131778,7,131771
131780,3,131777
131782,3,131779
131784,5,131779
131786,3,131783
131788,5,131783
131790,7,131783
131792,13,131779
131794,11,131783
131796,13,131783
131798,19,131779
131800,3,131797
131802,5,131797
131804,7,131797
131806,23,131783
131808,11,131797
131810,13,131797
131812,29,131783
131814,17,131797
131816,19,131797
131818,41,131777
131820,23,131797
131822,43,131779
131824,41,131783
131826,29,131797
131828,31,131797
131830,47,131783
131832,53,131779
131834,37,131797
131836,53,131783
131838,41,131797
131840,3,131837
131842,3,131839
131844,5,131839
131846,7,131839
131848,11,131837
131850,11,131839
131852,3,131849
131854,5,131849
131856,7,131849
131858,19,131839
131860,11,131849
131862,13,131849
131864,3,131861
131866,5,131861
131868,7,131861
131870,31,131839
131872,11,131861
131874,13,131861
131876,37,131839
131878,17,131861
131880,19,131861
131882,43,131839
131884,23,131861
131886,37,131849
131888,109,131779
131890,29,131861
131892,31,131861
131894,3,131891
131896,3,131893
131898,5,131893
131900,7,131893
131902,3,131899
131904,5,131899
131906,7,131899
131908,17,131891
131910,11,131899
131912,3,131909
131914,5,131909
131916,7,131909
131918,19,131899
131920,11,131909
131922,13,131909
131924,31,131893
131926,17,131909
131928,19,131909
131930,3,131927
131932,5,131927
131934,7,131927
131936,3,131933
131938,5,131933
131940,7,131933
131942,3,131939
131944,3,131941
131946,5,131941
131948,7,131941
131950,3,131947
131952,5,131947
131954,7,131947
131956,17,131939
131958,11,131947
131960,13,131947
131962,3,131959
131964,5,131959
131966,7,131959
131968,29,131939
131970,11,131959
131972,3,131969
131974,5,131969
131976,7,131969
131978,19,131959
131980,11,131969
131982,13,131969
131984,37,131947
131986,17,131969
131988,19,131969
131990,31,131959
131992,23,131969
131994,47,131947
131996,37,131959
131998,29,131969
132000,31,131969
132002,43,131959
132004,3,132001
132006,5,132001
132008,7,132001
132010,41,131969
132012,11,132001
132014,13,132001
132016,47,131969
132018,17,132001
132020,19,132001
132022,3,132019
132024,5,132019
132026,7,132019
132028,59,131969
132030,11,132019
132032,13,132019
132034,101,131933
132036,17,132019
132038,19,132019
132040,71,131969
132042,23,132019
132044,43,132001
132046,107,131939
132048,29,132019
132050,3,132047
132052,3,132049
132054,5,132049
132056,7,132049
132058,11,132047
132060,11,132049
132062,3,132059
132064,5,132059
132066,7,132059
132068,19,132049
132070,11,132059
132072,13,132059
132074,3,132071
132076,5,132071
132078,7,132071
132080,31,132049
132082,11,132071
132084,13,132071
132086,37,132049
132088,17,132071
132090,19,132071
132092,43,132049
132094,23,132071
132096,37,132059
132098,79,132019
132100,29,132071
132102,31,132071
132104,103,132001
132106,3,132103
132108,5,132103
132110,7,132103
132112,3,132109
132114,5,132109
132116,3,132113
132118,5,132113
132120,7,132113
132122,13,132109
132124,11,132113
132126,13,132113
132128,19,132109
132130,17,132113
132132,19,132113
132134,31,132103
132136,23,132113
132138,29,132109
132140,3,132137
132142,5,132137
132144,7,132137
132146,37,132109
132148,11,132137
132150,13,132137
132152,43,132109
132154,3,132151
132156,5,132151
132158,7,132151
132160,3,132157
132162,5,132157
132164,7,132157
132166,29,132137
132168,11,132157
132170,13,132157
132172,3,132169
132174,5,132169
132176,3,132173
132178,5,132173
132180,7,132173
132182,13,132169
132184,11,132173
132186,13,132173
132188,19,132169
132190,17,132173
132192,19,132173
132194,37,132157
132196,23,132173
132198,29,132169
132200,31,132169
132202,3,132199
132204,5,132199
132206,7,132199
132208,71,132137
132210,11,132199
132212,13,132199
132214,41,132173
132216,17,132199
132218,19,132199
132220,47,132173
132222,23,132199
132224,67,132157
132226,53,132173
132228,29,132199
132230,31,132199
132232,3,132229
132234,5,132229
132236,3,132233
132238,5,132233
132240,7,132233
132242,13,132229
132244,3,132241
132246,5,132241
132248,7,132241
132250,3,132247
132252,5,132247
132254,7,132247
132256,23,132233
132258,11,132247
132260,3,132257
132262,5,132257
132264,7,132257
132266,3,132263
132268,5,132263
132270,7,132263
132272,31,132241
132274,11,132263
132276,13,132263
132278,31,132247
132280,17,132263
132282,19,132263
132284,37,132247
132286,3,132283
132288,5,132283
132290,3,132287
132292,5,132287
132294,7,132287
132296,13,132283
132298,11,132287
132300,13,132287
132302,3,132299
132304,5,132299
132306,7,132299
132308,61,132247
132310,11,132299
132312,13,132299
132314,31,132283
132316,3,132313
132318,5,132313
132320,7,132313
132322,23,132299
132324,11,132313
132326,13,132313
132328,29,132299
132330,17,132313
132332,3,132329
132334,3,132331
132336,5,132331
132338,7,132331
132340,11,132329
132342,11,132331
132344,13,132331
132346,17,132329
132348,17,132331
132350,3,132347
132352,5,132347
132354,7,132347
132356,43,132313
132358,11,132347
132360,13,132347
132362,31,132331
132364,3,132361
132366,5,132361
132368,7,132361
132370,3,132367
132372,5,132367
132374,3,132371
132376,5,132371
132378,7,132371
132380,13,132367
132382,11,132371
132384,13,132371
132386,3,132383
132388,5,132383
132390,7,132383
132392,31,132361
132394,11,132383
132396,13,132383
132398,31,132367
132400,17,132383
132402,19,132383
132404,37,132367
132406,3,132403
132408,5,132403
132410,7,132403
132412,3,132409
132414,5,132409
132416,7,132409
132418,47,132371
132420,11,132409
132422,13,132409
132424,3,132421
132426,5,132421
132428,7,132421
132430,47,132383
132432,11,132421
132434,13,132421
132436,53,132383
132438,17,132421
132440,3,132437
132442,3,132439
132444,5,132439
132446,7,132439
132448,11,132437
132450,11,132439
132452,13,132439
132454,17,132437
132456,17,132439
132458,19,132439
132460,23,132437
132462,23,132439
132464,43,132421
132466,29,132437
132468,29,132439
132470,31,132439
132472,3,132469
132474,5,132469
132476,7,132469
132478,41,132437
132480,11,132469
132482,13,132469
132484,47,132437
132486,17,132469
132488,19,132469
132490,53,132437
132492,23,132469
132494,3,132491
132496,5,132491
132498,7,132491
132500,31,132469
132502,3,132499
132504,5,132499
132506,7,132499
132508,17,132491
132510,11,132499
132512,13,132499
132514,3,132511
132516,5,132511
132518,7,132511
132520,29,132491
132522,11,132511
132524,13,132511
132526,3,132523
132528,5,132523
132530,3,132527
132532,3,132529
132534,5,132529
132536,3,132533
132538,5,132533
132540,7,132533
132542,13,132529
132544,3,132541
132546,5,132541
132548,7,132541
132550,3,132547
132552,5,132547
132554,7,132547
132556,23,132533
132558,11,132547
132560,13,132547
132562,29,132533
132564,17,132547
132566,19,132547
132568,41,132527
132570,23,132547
132572,31,132541
132574,41,132533
132576,29,132547
132578,31,132547
132580,47,132533
132582,41,132541
132584,37,132547
132586,53,132533
132588,41,132547
132590,43,132547
132592,3,132589
132594,5,132589
132596,7,132589
132598,71,132527
132600,11,132589
132602,13,132589
132604,71,132533
132606,17,132589
132608,19,132589
132610,3,132607
132612,5,132607
132614,3,132611
132616,5,132611
132618,7,132611
132620,13,132607
132622,3,132619
132624,5,132619
132626,3,132623
132628,5,132623
132630,7,132623
132632,13,132619
132634,3,132631
132636,5,132631
132638,7,132631
132640,3,132637
132642,5,132637
132644,7,132637
132646,23,132623
132648,11,132637
132650,3,132647
132652,5,132647
132654,7,132647
132656,19,132637
132658,11,132647
132660,13,132647
132662,31,132631
132664,3,132661
132666,5,132661
132668,7,132661
132670,3,132667
132672,5,132667
132674,7,132667
132676,29,132647
132678,11,132667
132680,13,132667
132682,3,132679
132684,5,132679
132686,7,132679
132688,41,132647
132690,11,132679
132692,3,132689
132694,5,132689
132696,7,132689
132698,19,132679
132700,3,132697
132702,5,132697
132704,3,132701
132706,5,132701
132708,7,132701
132710,3,132707
132712,3,132709
132714,5,132709
132716,7,132709
132718,11,132707
132720,11,132709
132722,13,132709
132724,3,132721
132726,5,132721
132728,7,132721
132730,23,132707
132732,11,132721
132734,13,132721
132736,29,132707
132738,17,132721
132740,19,132721
132742,3,132739
132744,5,132739
132746,7,132739
132748,41,132707
132750,11,132739
132752,3,132749
132754,3,132751
132756,5,132751
132758,7,132751
132760,3,132757
132762,5,132757
132764,3,132761
132766,3,132763
132768,5,132763
132770,7,132763
132772,11,132761
132774,11,132763
132776,13,132763
132778,17,132761
132780,17,132763
132782,19,132763
132784,23,132761
132786,23,132763
132788,31,132757
132790,29,132761
132792,29,132763
132794,31,132763
132796,47,132749
132798,37,132761
132800,37,132763
132802,41,132761
132804,41,132763
132806,43,132763
132808,47,132761
132810,47,132763
132812,61,132751
132814,53,132761
132816,53,132763
132818,61,132757
132820,3,132817
132822,5,132817
132824,7,132817
132826,137,132689
132828,11,132817
132830,13,132817
132832,71,132761
132834,17,132817
132836,3,132833
132838,5,132833
132840,7,132833
132842,79,132763
132844,11,132833
132846,13,132833
132848,31,132817
132850,17,132833
132852,19,132833
132854,3,132851
132856,5,132851
132858,7,132851
132860,3,132857
132862,3,132859
132864,5,132859
132866,3,132863
132868,5,132863
132870,7,132863
132872,13,132859
132874,11,132863
132876,13,132863
132878,19,132859
132880,17,132863
132882,19,132863
132884,67,132817
132886,23,132863
132888,29,132859
132890,3,132887
132892,5,132887
132894,7,132887
132896,3,132893
132898,5,132893
132900,7,132893
132902,43,132859
132904,11,132893
132906,13,132893
132908,151,132757
132910,17,132893
132912,19,132893
132914,3,132911
132916,5,132911
132918,7,132911
132920,61,132859
132922,11,132911
132924,13,132911
132926,67,132859
132928,17,132911
132930,19,132911
132932,3,132929
132934,5,132929
132936,7,132929
132938,79,132859
132940,11,132929
132942,13,132929
132944,127,132817
132946,17,132929
132948,19,132929
132950,3,132947
132952,3,132949
132954,5,132949
132956,3,132953
132958,5,132953
132960,7,132953
132962,13,132949
132964,3,132961
132966,5,132961
132968,7,132961
132970,3,132967
132972,5,132967
132974,3,132971
132976,5,132971
132978,7,132971
132980,13,132967
132982,11,132971
132984,13,132971
132986,19,132967
132988,17,132971
132990,19,132971
132992,3,132989
132994,5,132989
132996,7,132989
132998,31,132967
133000,11,132989
133002,13,132989
133004,37,132967
133006,17,132989
133008,19,132989
133010,43,132967
133012,23,132989
133014,43,132971
133016,3,133013
133018,5,133013
133020,7,133013
133022,61,132961
133024,11,133013
133026,13,133013
133028,61,132967
133030,17,133013
133032,19,133013
133034,67,132967
133036,3,133033
133038,5,133033
133040,7,133033
133042,3,133039
133044,5,133039
133046,7,133039
133048,59,132989
133050,11,133039
133052,13,133039
133054,3,133051
133056,5,133051
133058,7,133051
133060,47,133013
133062,11,133051
133064,13,133051
133066,53,133013
133068,17,133051
133070,19,133051
133072,3,133069
133074,5,133069
133076,3,133073
133078,5,133073
133080,7,133073
133082,13,133069
133084,11,133073
133086,13,133073
133088,19,133069
133090,3,133087
133092,5,133087
133094,7,133087
133096,23,133073
133098,11,133087
133100,3,133097
133102,5,133097
133104,7,133097
133106,3,133103
133108,5,133103
133110,7,133103
133112,3,133109
133114,5,133109
133116,7,133109
133118,31,133087
133120,3,133117
133122,5,133117
133124,3,133121
133126,5,133121
133128,7,133121
133130,13,133117
133132,11,133121
133134,13,133121
133136,19,133117
133138,17,133121
133140,19,133121
133142,73,133069
133144,23,133121
133146,29,133117
133148,31,133117
133150,29,133121
133152,31,133121
133154,37,133117
133156,3,133153
133158,5,133153
133160,3,133157
133162,5,133157
133164,7,133157
133166,13,133153
133168,11,133157
133170,13,133157
133172,3,133169
133174,5,133169
133176,7,133169
133178,61,133117
133180,11,133169
133182,13,133169
133184,31,133153
133186,3,133183
133188,5,133183
133190,3,133187
133192,5,133187
133194,7,133187
133196,13,133183
133198,11,133187
133200,13,133187
133202,19,133183
133204,3,133201
133206,5,133201
133208,7,133201
133210,23,133187
133212,11,133201
133214,13,133201
133216,3,133213
133218,5,133213
133220,7,133213
133222,53,133169
133224,11,133213
133226,13,133213
133228,41,133187
133230,17,133213
133232,19,133213
133234,47,133187
133236,23,133213
133238,37,133201
133240,53,133187
133242,29,133213
133244,3,133241
133246,5,133241
133248,7,133241
133250,37,133213
133252,11,133241
133254,13,133241
133256,3,133253
133258,5,133253
133260,7,133253
133262,61,133201
133264,3,133261
133266,5,133261
133268,7,133261
133270,17,133253
133272,11,133261
133274,3,133271
133276,5,133271
133278,7,133271
133280,3,133277
133282,3,133279
133284,5,133279
133286,3,133283
133288,5,133283
133290,7,133283
133292,13,133279
133294,11,133283
133296,13,133283
133298,19,133279
133300,17,133283
133302,19,133283
133304,43,133261
133306,3,133303
133308,5,133303
133310,7,133303
133312,29,133283
133314,11,133303
133316,13,133303
133318,41,133277
133320,17,133303
133322,3,133319
133324,3,133321
133326,5,133321
133328,7,133321
133330,3,133327
133332,5,133327
133334,7,133327
133336,17,133319
133338,11,133327
133340,3,133337
133342,5,133337
133344,7,133337
133346,19,133327
133348,11,133337
133350,13,133337
133352,3,133349
133354,3,133351
133356,5,133351
133358,7,133351
133360,11,133349
133362,11,133351
133364,13,133351
133366,17,133349
133368,17,133351
133370,19,133351
133372,23,133349
133374,23,133351
133376,73,133303
133378,29,133349
133380,29,133351
133382,3,133379
133384,5,133379
133386,7,133379
133388,37,133351
133390,3,133387
133392,5,133387
133394,3,133391
133396,5,133391
133398,7,133391
133400,13,133387
133402,11,133391
133404,13,133391
133406,3,133403
133408,5,133403
133410,7,133403
133412,61,133351
133414,11,133403
133416,13,133403
133418,31,133387
133420,3,133417
133422,5,133417
133424,7,133417
133426,23,133403
133428,11,133417
133430,13,133417
133432,29,133403
133434,17,133417
133436,19,133417
133438,47,133391
133440,23,133417
133442,3,133439
133444,5,133439
133446,7,133439
133448,31,133417
133450,3,133447
133452,5,133447
133454,3,133451
133456,5,133451
133458,7,133451
133460,13,133447
133462,11,133451
133464,13,133451
133466,19,133447
133468,17,133451
133470,19,133451
133472,151,133321
133474,23,133451
133476,29,133447
133478,31,133447
133480,29,133451
133482,31,133451
133484,3,133481
133486,5,133481
133488,7,133481
133490,43,133447
133492,11,133481
133494,13,133481
133496,3,133493
133498,5,133493
133500,7,133493
133502,3,133499
133504,5,133499
133506,7,133499
133508,61,133447
133510,11,133499
133512,13,133499
133514,67,133447
133516,17,133499
133518,19,133499
133520,73,133447
133522,3,133519
133524,5,133519
133526,7,133519
133528,29,133499
133530,11,133519
133532,13,133519
133534,41,133493
133536,17,133519
133538,19,133519
133540,41,133499
133542,23,133519
133544,3,133541
133546,3,133543
133548,5,133543
133550,7,133543
133552,11,133541
133554,11,133543
133556,13,133543
133558,17,133541
133560,17,133543
133562,3,133559
133564,5,133559
133566,7,133559
133568,151,133417
133570,11,133559
133572,13,133559
133574,3,133571
133576,5,133571
133578,7,133571
133580,37,133543
133582,11,133571
133584,13,133571
133586,3,133583
133588,5,133583
133590,7,133583
133592,73,133519
133594,11,133583
133596,13,133583
133598,79,133519
133600,3,133597
133602,5,133597
133604,7,133597
133606,23,133583
133608,11,133597
133610,13,133597
133612,29,133583
133614,17,133597
133616,19,133597
133618,47,133571
133620,23,133597
133622,79,133543
133624,41,133583
133626,29,133597
133628,31,133597
133630,47,133583
133632,61,133571
133634,3,133631
133636,3,133633
133638,5,133633
133640,7,133633
133642,11,133631
133644,11,133633
133646,13,133633
133648,17,133631
133650,17,133633
133652,3,133649
133654,5,133649
133656,7,133649
133658,61,133597
133660,3,133657
133662,5,133657
133664,7,133657
133666,17,133649
133668,11,133657
133670,13,133657
133672,3,133669
133674,5,133669
133676,3,133673
133678,5,133673
133680,7,133673
133682,13,133669
133684,11,133673
133686,13,133673
133688,19,133669
133690,17,133673
133692,19,133673
133694,3,133691
133696,5,133691
133698,7,133691
133700,3,133697
133702,5,133697
133704,7,133697
133706,37,133669
133708,11,133697
133710,13,133697
133712,3,133709
133714,3,133711
133716,5,133711
133718,7,133711
133720,3,133717
133722,5,133717
133724,7,133717
133726,3,133723
133728,5,133723
133730,7,133723
133732,23,133709
133734,11,133723
133736,3,133733
133738,5,133733
133740,7,133733
133742,19,133723
133744,11,133733
133746,13,133733
133748,31,133717
133750,17,133733
133752,19,133733
133754,31,133723
133756,23,133733
133758,41,133717
133760,37,133723
133762,29,133733
133764,31,133733
133766,43,133723
133768,59,133709
133770,37,133733
133772,3,133769
133774,5,133769
133776,7,133769
133778,61,133717
133780,11,133769
133782,13,133769
133784,3,133781
133786,5,133781
133788,7,133781
133790,67,133723
133792,11,133781
133794,13,133781
133796,73,133723
133798,17,133781
133800,19,133781
133802,79,133723
133804,3,133801
133806,5,133801
133808,7,133801
133810,29,133781
133812,11,133801
133814,3,133811
133816,3,133813
133818,5,133813
133820,7,133813
133822,11,133811
133824,11,133813
133826,13,133813
133828,17,133811
133830,17,133813
133832,19,133813
133834,3,133831
133836,5,133831
133838,7,133831
133840,29,133811
133842,11,133831
133844,13,133831
133846,3,133843
133848,5,133843
133850,7,133843
133852,41,133811
133854,11,133843
133856,3,133853
133858,5,133853
133860,7,133853
133862,19,133843
133864,11,133853
133866,13,133853
133868,37,133831
133870,17,133853
133872,19,133853
133874,31,133843
133876,3,133873
133878,5,133873
133880,3,133877
133882,5,133877
133884,7,133877
133886,13,133873
133888,11,133877
133890,13,133877
133892,19,133873
133894,17,133877
133896,19,133877
133898,67,133831
133900,23,133877
133902,29,133873
133904,31,133873
133906,29,133877
133908,31,133877
133910,37,133873
133912,59,133853
133914,37,133877
133916,43,133873
133918,41,133877
133920,43,133877
133922,3,133919
133924,5,133919
133926,7,133919
133928,97,133831
133930,11,133919
133932,13,133919
133934,61,133873
133936,17,133919
133938,19,133919
133940,67,133873
133942,23,133919
133944,67,133877
133946,73,133873
133948,29,133919
133950,31,133919
133952,3,133949
133954,5,133949
133956,7,133949
133958,127,133831
133960,11,133949
133962,13,133949
133964,151,133813
133966,3,133963
133968,5,133963
133970,3,133967
133972,5,133967
133974,7,133967
133976,13,133963
133978,11,133967
133980,13,133967
133982,3,133979
133984,3,133981
133986,5,133981
133988,7,133981
133990,11,133979
133992,11,133981
133994,13,133981
133996,3,133993
133998,5,133993
134000,7,133993
134002,3,133999
134004,5,133999
134006,7,133999
134008,29,133979
134010,11,133999
134012,13,133999
134014,47,133967
134016,17,133999
134018,19,133999
134020,41,133979
134022,23,133999
134024,31,133993
134026,47,133979
134028,29,133999
134030,31,133999
134032,53,133979
134034,41,133993
134036,3,134033
134038,5,134033
134040,7,134033
134042,3,134039
134044,5,134039
134046,7,134039
134048,67,133981
134050,3,134047
134052,5,134047
134054,7,134047
134056,3,134053
134058,5,134053
134060,7,134053
134062,3,134059
134064,5,134059
134066,7,134059
134068,29,134039
134070,11,134059
134072,13,134059
134074,41,134033
134076,17,134059
134078,19,134059
134080,3,134077
134082,5,134077
134084,3,134081
134086,5,134081
134088,7,134081
134090,3,134087
134092,3,134089
134094,5,134089
134096,3,134093
134098,5,134093
134100,7,134093
134102,13,134089
134104,11,134093
134106,13,134093
134108,19,134089
134110,17,134093
134112,19,134093
134114,37,134077
134116,23,134093
134118,29,134089
134120,31,134089
134122,29,134093
134124,31,134093
134126,37,134089
134128,41,134087
134130,37,134093
134132,3,134129
134134,5,134129
134136,7,134129
134138,61,134077
134140,11,134129
134142,13,134129
134144,67,134077
134146,17,134129
134148,19,134129
134150,61,134089
134152,23,134129
134154,61,134093
134156,3,134153
134158,5,134153
134160,7,134153
134162,73,134089
134164,3,134161
134166,5,134161
134168,7,134161
134170,17,134153
134172,11,134161
134174,3,134171
134176,5,134171
134178,7,134171
134180,3,134177
134182,5,134177
134184,7,134177
134186,97,134089
134188,11,134177
134190,13,134177
134192,31,134161
134194,3,134191
134196,5,134191
134198,7,134191
134200,23,134177
134202,11,134191
134204,13,134191
134206,29,134177
134208,17,134191
134210,3,134207
134212,5,134207
134214,7,134207
134216,3,134213
134218,5,134213
134220,7,134213
134222,3,134219
134224,5,134219
134226,7,134219
134228,37,134191
134230,3,134227
134232,5,134227
134234,7,134227
134236,17,134219
134238,11,134227
134240,13,134227
134242,23,134219
134244,17,134227
134246,3,134243
134248,5,134243
134250,7,134243
134252,61,134191
134254,11,134243
134256,13,134243
134258,31,134227
134260,3,134257
134262,5,134257
134264,7,134257
134266,3,134263
134268,5,134263
134270,7,134263
134272,3,134269
134274,5,134269
134276,7,134269
134278,59,134219
134280,11,134269
134282,13,134269
134284,41,134243
134286,17,134269
134288,19,134269
134290,3,134287
134292,5,134287
134294,3,134291
134296,3,134293
134298,5,134293
134300,7,134293
134302,11,134291
134304,11,134293
134306,13,134293
134308,17,134291
134310,17,134293
134312,19,134293
134314,23,134291
134316,23,134293
134318,31,134287
134320,29,134291
134322,29,134293
134324,31,134293
134326,83,134243
134328,37,134291
134330,3,134327
134332,5,134327
134334,7,134327
134336,3,134333
134338,5,134333
134340,7,134333
134342,3,134339
134344,3,134341
134346,5,134341
134348,7,134341
134350,11,134339
134352,11,134341
134354,13,134341
134356,3,134353
134358,5,134353
134360,7,134353
134362,3,134359
134364,5,134359
134366,3,134363
134368,5,134363
134370,7,134363
134372,3,134369
134374,3,134371
134376,5,134371
134378,7,134371
134380,11,134369
134382,11,134371
134384,13,134371
134386,17,134369
134388,17,134371
134390,19,134371
134392,23,134369
134394,23,134371
134396,37,134359
134398,29,134369
134400,29,134371
134402,3,134399
134404,3,134401
134406,5,134401
134408,7,134401
134410,11,134399
134412,11,134401
134414,13,134401
134416,17,134399
134418,17,134401
134420,3,134417
134422,5,134417
134424,7,134417
134426,67,134359
134428,11,134417
134430,13,134417
134432,31,134401
134434,17,134417
134436,19,134417
134438,37,134401
134440,3,134437
134442,5,134437
134444,7,134437
134446,3,134443
134448,5,134443
134450,7,134443
134452,53,134399
134454,11,134443
134456,13,134443
134458,41,134417
134460,17,134443
134462,19,134443
134464,47,134417
134466,23,134443
134468,31,134437
134470,53,134417
134472,29,134443
134474,3,134471
134476,5,134471
134478,7,134471
134480,37,134443
134482,11,134471
134484,13,134471
134486,43,134443
134488,17,134471
134490,19,134471
134492,3,134489
134494,5,134489
134496,7,134489
134498,61,134437
134500,11,134489
134502,13,134489
134504,61,134443
134506,3,134503
134508,5,134503
134510,3,134507
134512,5,134507
134514,7,134507
134516,3,134513
134518,5,134513
134520,7,134513
134522,19,134503
134524,11,134513
134526,13,134513
134528,127,134401
134530,17,134513
134532,19,134513
134534,31,134503
134536,23,134513
134538,31,134507
134540,37,134503
134542,29,134513
134544,31,134513
134546,43,134503
134548,41,134507
134550,37,134513
134552,109,134443
134554,41,134513
134556,43,134513
134558,157,134401
134560,47,134513
134562,59,134503
134564,61,134503
134566,53,134513
134568,61,134507
134570,67,134503
134572,59,134513
134574,61,134513
134576,73,134503
134578,71,134507
134580,67,134513
134582,79,134503
134584,3,134581
134586,5,134581
134588,7,134581
134590,3,134587
134592,5,134587
134594,3,134591
134596,3,134593
134598,5,134593
134600,3,134597
134602,5,134597
134604,7,134597
134606,13,134593
134608,11,134597
134610,13,134597
134612,3,134609
134614,5,134609
134616,7,134609
134618,31,134587
134620,11,134609
134622,13,134609
134624,31,134593
134626,17,134609
134628,19,134609
134630,37,134593
134632,23,134609
134634,37,134597
134636,43,134593
134638,29,134609
134640,31,134609
134642,3,134639
134644,5,134639
134646,7,134639
134648,61,134587
134650,11,134639
134652,13,134639
134654,61,134593
134656,17,134639
134658,19,134639
134660,67,134593
134662,23,134639
134664,67,134597
134666,73,134593
134668,29,134639
134670,31,134639
134672,3,134669
134674,5,134669
134676,7,134669
134678,97,134581
134680,3,134677
134682,5,134677
134684,3,134681
134686,3,134683
134688,5,134683
134690,7,134683
134692,11,134681
134694,11,134683
134696,13,134683
134698,17,134681
134700,17,134683
134702,3,134699
134704,5,134699
134706,7,134699
134708,31,134677
134710,3,134707
134712,5,134707
134714,7,134707
134716,17,134699
134718,11,134707
134720,13,134707
134722,23,134699
134724,17,134707
134726,19,134707
134728,29,134699
134730,23,134707
134732,139,134593
134734,3,134731
134736,5,134731
134738,7,134731
134740,41,134699
134742,11,134731
134744,3,134741
134746,5,134741
134748,7,134741
134750,19,134731
134752,11,134741
134754,13,134741
134756,3,134753
134758,5,134753
134760,7,134753
134762,31,134731
134764,11,134753
134766,13,134753
134768,37,134731
134770,17,134753
134772,19,134753
134774,43,134731
134776,23,134753
134778,37,134741
134780,3,134777
134782,5,134777
134784,7,134777
134786,79,134707
134788,11,134777
134790,13,134777
134792,3,134789
134794,5,134789
134796,7,134789
134798,67,134731
134800,11,134789
134802,13,134789
134804,73,134731
134806,17,134789
134808,19,134789
134810,3,134807
134812,5,134807
134814,7,134807
134816,109,134707
134818,11,134807
134820,13,134807
134822,139,134683
134824,17,134807
134826,19,134807
134828,97,134731
134830,23,134807
134832,43,134789
134834,103,134731
134836,29,134807
134838,31,134807
134840,3,134837
134842,3,134839
134844,5,134839
134846,7,134839
134848,11,134837
134850,11,134839
134852,13,134839
134854,3,134851
134856,5,134851
134858,7,134851
134860,3,134857
134862,5,134857
134864,7,134857
134866,29,134837
134868,11,134857
134870,3,134867
134872,5,134867
134874,7,134867
134876,3,134873
134878,5,134873
134880,7,134873
134882,31,134851
134884,11,134873
134886,13,134873
134888,31,134857
134890,3,134887
134892,5,134887
134894,7,134887
134896,23,134873
134898,11,134887
134900,13,134887
134902,29,134873
134904,17,134887
134906,19,134887
134908,41,134867
134910,23,134887
134912,3,134909
134914,5,134909
134916,7,134909
134918,31,134887
134920,3,134917
134922,5,134917
134924,3,134921
134926,3,134923
134928,5,134923
134930,7,134923
134932,11,134921
134934,11,134923
134936,13,134923
134938,17,134921
134940,17,134923
134942,19,134923
134944,23,134921
134946,23,134923
134948,31,134917
134950,3,134947
134952,5,134947
134954,3,134951
134956,5,134951
134958,7,134951
134960,13,134947
134962,11,134951
134964,13,134951
134966,19,134947
134968,17,134951
134970,19,134951
134972,241,134731
134974,23,134951
134976,29,134947
134978,31,134947
134980,29,134951
134982,31,134951
134984,37,134947
134986,113,134873
134988,37,134951
134990,43,134947
134992,3,134989
134994,5,134989
134996,7,134989
134998,47,134951
135000,11,134989
135002,3,134999
135004,5,134999
135006,7,134999
135008,19,134989
135010,3,135007
135012,5,135007
135014,7,135007
135016,17,134999
135018,11,135007
135020,3,135017
135022,3,135019
135024,5,135019
135026,7,135019
135028,11,135017
135030,11,135019
135032,3,135029
135034,5,135029
135036,7,135029
135038,19,135019
135040,11,135029
135042,13,135029
135044,37,135007
135046,3,135043
135048,5,135043
135050,7,135043
135052,3,135049
135054,5,135049
135056,7,135049
135058,29,135029
135060,11,135049
135062,3,135059
135064,5,135059
135066,7,135059
135068,19,135049
135070,11,135059
135072,13,135059
135074,31,135043
135076,17,135059
135078,19,135059
135080,3,135077
135082,5,135077
135084,7,135077
135086,37,135049
135088,11,135077
135090,13,135077
135092,3,135089
135094,5,135089
135096,7,135089
135098,79,135019
135100,11,135089
135102,13,135089
135104,3,135101
135106,5,135101
135108,7,135101
135110,61,135049
135112,11,135101
135114,13,135101
135116,67,135049
135118,17,135101
135120,19,135101
135122,3,135119
135124,5,135119
135126,7,135119
135128,79,135049
135130,11,135119
135132,13,135119
135134,3,135131
135136,5,135131
135138,7,135131
135140,97,135043
135142,11,135131
135144,13,135131
135146,97,135049
135148,17,135131
135150,19,135131
135152,103,135049
135154,3,135151
135156,5,135151
135158,7,135151
135160,29,135131
135162,11,135151
135164,13,135151
135166,47,135119
135168,17,135151
135170,19,135151
135172,41,135131
135174,23,135151
135176,3,135173
135178,5,135173
135180,7,135173
135182,31,135151
135184,3,135181
135186,5,135181
135188,7,135181
135190,17,135173
135192,11,135181
135194,13,135181
135196,3,135193
135198,5,135193
135200,3,135197
135202,5,135197
135204,7,135197
135206,13,135193
135208,11,135197
135210,13,135197
135212,3,135209
135214,3,135211
135216,5,135211
135218,7,135211
135220,11,135209
135222,11,135211
135224,3,135221
135226,5,135221
135228,7,135221
135230,19,135211
135232,11,135221
135234,13,135221
135236,43,135193
135238,17,135221
135240,19,135221
135242,31,135211
135244,3,135241
135246,5,135241
135248,7,135241
135250,29,135221
135252,11,135241
135254,13,135241
135256,47,135209
135258,17,135241
135260,3,135257
135262,5,135257
135264,7,135257
135266,73,135193
135268,11,135257
135270,13,135257
135272,31,135241
135274,3,135271
135276,5,135271
135278,7,135271
135280,3,135277
135282,5,135277
135284,3,135281
135286,3,135283
135288,5,135283
135290,7,135283
135292,11,135281
135294,11,135283
135296,13,135283
135298,17,135281
135300,17,135283
135302,19,135283
135304,3,135301
135306,5,135301
135308,7,135301
135310,29,135281
135312,11,135301
135314,13,135301
135316,59,135257
135318,17,135301
135320,19,135301
135322,3,135319
135324,5,135319
135326,7,135319
135328,47,135281
135330,11,135319
135332,3,135329
135334,5,135329
135336,7,135329
135338,19,135319
135340,11,135329
135342,13,135329
135344,43,135301
135346,17,135329
135348,19,135329
135350,3,135347
135352,3,135349
135354,5,135349
135356,3,135353
135358,5,135353
135360,7,135353
135362,13,135349
135364,11,135353
135366,13,135353
135368,19,135349
135370,3,135367
135372,5,135367
135374,7,135367
135376,23,135353
135378,11,135367
135380,13,135367
135382,29,135353
135384,17,135367
135386,19,135367
135388,41,135347
135390,23,135367
135392,3,135389
135394,3,135391
135396,5,135391
135398,7,135391
135400,11,135389
135402,11,135391
135404,13,135391
135406,3,135403
135408,5,135403
135410,7,135403
135412,3,135409
135414,5,135409
135416,7,135409
135418,29,135389
135420,11,135409
135422,13,135409
135424,71,135353
135426,17,135409
135428,19,135409
135430,3,135427
135432,5,135427
135434,3,135431
135436,3,135433
135438,5,135433
135440,7,135433
135442,11,135431
135444,11,135433
135446,13,135433
135448,17,135431
135450,17,135433
135452,3,135449
135454,5,135449
135456,7,135449
135458,31,135427
135460,11,135449
135462,13,135449
135464,3,135461
135466,3,135463
135468,5,135463
135470,3,135467
135472,3,135469
135474,5,135469
135476,7,135469
135478,11,135467
135480,11,135469
135482,3,135479
135484,5,135479
135486,7,135479
135488,19,135469
135490,11,135479
135492,13,135479
135494,31,135463
135496,17,135479
135498,19,135479
135500,3,135497
135502,5,135497
135504,7,135497
135506,37,135469
135508,11,135497
135510,13,135497
135512,43,135469
135514,3,135511
135516,5,135511
135518,7,135511
135520,23,135497
135522,11,135511
135524,13,135511
135526,29,135497
135528,17,135511
135530,19,135511
135532,53,135479
135534,23,135511
135536,3,135533
135538,5,135533
135540,7,135533
135542,31,135511
135544,11,135533
135546,13,135533
135548,37,135511
135550,17,135533
135552,19,135533
135554,43,135511
135556,23,135533
135558,47,135511
135560,97,135463
135562,3,135559
135564,5,135559
135566,7,135559
135568,71,135497
135570,11,135559
135572,13,135559
135574,3,135571
135576,5,135571
135578,7,135571
135580,47,135533
135582,11,135571
135584,3,135581
135586,5,135581
135588,7,135581
135590,19,135571
135592,3,135589
135594,5,135589
135596,3,135593
135598,5,135593
135600,7,135593
135602,3,135599
135604,3,135601
135606,5,135601
135608,7,135601
135610,3,135607
135612,5,135607
135614,7,135607
135616,3,135613
135618,5,135613
135620,3,135617
135622,5,135617
135624,7,135617
135626,3,135623
135628,5,135623
135630,7,135623
135632,19,135613
135634,11,135623
135636,13,135623
135638,31,135607
135640,3,135637
135642,5,135637
135644,7,135637
135646,23,135623
135648,11,135637
135650,3,135647
135652,3,135649
135654,5,135649
135656,7,135649
135658,11,135647
135660,11,135649
135662,13,135649
135664,3,135661
135666,5,135661
135668,7,135661
135670,23,135647
135672,11,135661
135674,3,135671
135676,5,135671
135678,7,135671
135680,19,135661
135682,11,135671
135684,13,135671
135686,37,135649
135688,17,135671
135690,19,135671
135692,31,135661
135694,23,135671
135696,47,135649
135698,37,135661
135700,3,135697
135702,5,135697
135704,3,135701
135706,5,135701
135708,7,135701
135710,13,135697
135712,11,135701
135714,13,135701
135716,19,135697
135718,17,135701
135720,19,135701
135722,3,135719
135724,3,135721
135726,5,135721
135728,7,135721
135730,3,135727
135732,5,135727
135734,3,135731
135736,5,135731
135738,7,135731
135740,13,135727
135742,11,135731
135744,13,135731
135746,3,135743
135748,5,135743
135750,7,135743
135752,31,135721
135754,11,135743
135756,13,135743
135758,31,135727
135760,3,135757
135762,5,135757
135764,7,135757
135766,23,135743
135768,11,135757
135770,13,135757
135772,29,135743
135774,17,135757
135776,19,135757
135778,47,135731
135780,23,135757
135782,61,135721
135784,3,135781
135786,5,135781
135788,7,135781
135790,3,135787
135792,5,135787
135794,7,135787
135796,53,135743
135798,11,135787
135800,13,135787
135802,3,135799
135804,5,135799
135806,7,135799
135808,89,135719
135810,11,135799
135812,13,135799
135814,71,135743
135816,17,135799
135818,19,135799
135820,89,135731
135822,23,135799
135824,37,135787
135826,83,135743
135828,29,135799
135830,31,135799
135832,3,135829
135834,5,135829
135836,7,135829
135838,107,135731
135840,11,135829
135842,13,135829
135844,3,135841
135846,5,135841
135848,7,135841
135850,107,135743
135852,11,135841
135854,3,135851
135856,5,135851
135858,7,135851
135860,19,135841
135862,3,135859
135864,5,135859
135866,7,135859
135868,17,135851
135870,11,135859
135872,13,135859
135874,23,135851
135876,17,135859
135878,19,135859
135880,29,135851
135882,23,135859
135884,43,135841
135886,167,135719
135888,29,135859
135890,3,135887
135892,5,135887
135894,7,135887
135896,3,135893
135898,5,135893
135900,7,135893
135902,3,135899
135904,5,135899
135906,7,135899
135908,67,135841
135910,11,135899
135912,13,135899
135914,3,135911
135916,3,135913
135918,5,135913
135920,7,135913
135922,11,135911
135924,11,135913
135926,13,135913
135928,17,135911
135930,17,135913
135932,3,135929
135934,5,135929
135936,7,135929
135938,79,135859
135940,3,135937
135942,5,135937
135944,7,135937
135946,17,135929
135948,11,135937
135950,13,135937
135952,23,135929
135954,17,135937
135956,19,135937
135958,29,135929
135960,23,135937
135962,103,135859
135964,53,135911
135966,29,135937
135968,31,135937
135970,41,135929
135972,43,135929
135974,37,135937
135976,47,135929
135978,41,135937
135980,3,135977
135982,3,135979
135984,5,135979
135986,7,135979
135988,11,135977
135990,11,135979
135992,13,135979
135994,17,135977
135996,17,135979
135998,19,135979
136000,23,135977
136002,23,135979
136004,67,135937
136006,29,135977
136008,29,135979
136010,31,135979
136012,83,135929
136014,37,135977
136016,3,136013
136018,5,136013
136020,7,136013
136022,43,135979
136024,11,136013
136026,13,136013
136028,199,135829
136030,3,136027
136032,5,136027
136034,7,136027
136036,3,136033
136038,5,136033
136040,7,136033
136042,29,136013
136044,11,136033
136046,3,136043
136048,5,136043
136050,7,136043
136052,19,136033
136054,11,136043
136056,13,136043
136058,31,136027
136060,3,136057
136062,5,136057
136064,7,136057
136066,23,136043
136068,11,136057
136070,3,136067
136072,3,136069
136074,5,136069
136076,7,136069
136078,11,136067
136080,11,136069
136082,13,136069
136084,17,136067
136086,17,136069
136088,19,136069
136090,23,136067
136092,23,136069
136094,37,136057
136096,3,136093
136098,5,136093
136100,7,136093
136102,3,136099
136104,5,136099
136106,7,136099
136108,41,136067
136110,11,136099
136112,13,136099
136114,3,136111
136116,5,136111
136118,7,136111
136120,53,136067
136122,11,136111
136124,13,136111
136126,59,136067
136128,17,136111
136130,19,136111
136132,89,136043
136134,23,136111
136136,3,136133
136138,5,136133
136140,7,136133
136142,3,136139
136144,5,136139
136146,7,136139
136148,37,136111
136150,11,136139
136152,13,136139
136154,43,136111
136156,17,136139
136158,19,136139
136160,61,136099
136162,23,136139
136164,31,136133
136166,3,136163
136168,5,136163
136170,7,136163
136172,61,136111
136174,11,136163
136176,13,136163
136178,67,136111
136180,3,136177
136182,5,136177
136184,7,136177
136186,23,136163
136188,11,136177
136190,13,136177
136192,3,136189
136194,5,136189
136196,3,136193
136198,5,136193
136200,7,136193
136202,13,136189
136204,11,136193
136206,13,136193
136208,19,136189
136210,3,136207
136212,5,136207
136214,7,136207
136216,23,136193
136218,11,136207
136220,3,136217
136222,5,136217
136224,7,136217
136226,3,136223
136228,5,136223
136230,7,136223
136232,43,136189
136234,11,136223
136236,13,136223
136238,31,136207
136240,3,136237
136242,5,136237
136244,7,136237
136246,23,136223
136248,11,136237
136250,3,136247
136252,5,136247
136254,7,136247
136256,19,136237
136258,11,136247
136260,13,136247
136262,73,136189
136264,3,136261
136266,5,136261
136268,7,136261
136270,23,136247
136272,11,136261
136274,13,136261
136276,3,136273
136278,5,136273
136280,3,136277
136282,5,136277
136284,7,136277
136286,13,136273
136288,11,136277
136290,13,136277
136292,19,136273
136294,17,136277
136296,19,136277
136298,37,136261
136300,23,136277
136302,29,136273
136304,31,136273
136306,3,136303
136308,5,136303
136310,7,136303
136312,3,136309
136314,5,136309
136316,7,136309
136318,41,136277
136320,11,136309
136322,3,136319
136324,5,136319
136326,7,136319
136328,19,136309
136330,3,136327
136332,5,136327
136334,7,136327
136336,3,136333
136338,5,136333
136340,3,136337
136342,5,136337
136344,7,136337
136346,3,136343
136348,5,136343
136350,7,136343
136352,19,136333
136354,3,136351
136356,5,136351
136358,7,136351
136360,17,136343
136362,11,136351
136364,3,136361
136366,5,136361
136368,7,136361
136370,19,136351
136372,11,136361
136374,13,136361
136376,3,136373
136378,5,136373
136380,7,136373
136382,3,136379
136384,5,136379
136386,7,136379
136388,37,136351
136390,11,136379
136392,13,136379
136394,43,136351
136396,3,136393
136398,5,136393
136400,3,136397
136402,3,136399
136404,5,136399
136406,3,136403
136408,5,136403
136410,7,136403
136412,13,136399
136414,11,136403
136416,13,136403
136418,19,136399
136420,3,136417
136422,5,136417
136424,3,136421
136426,5,136421
136428,7,136421
136430,13,136417
136432,3,136429
136434,5,136429
136436,7,136429
136438,17,136421
136440,11,136429
136442,13,136429
136444,23,136421
136446,17,136429
136448,19,136429
136450,3,136447
136452,5,136447
136454,7,136447
136456,3,136453
136458,5,136453
136460,7,136453
136462,41,136421
136464,11,136453
136466,3,136463
136468,5,136463
136470,7,136463
136472,19,136453
136474,3,136471
136476,5,136471
136478,7,136471
136480,17,136463
136482,11,136471
136484,3,136481
136486,3,136483
136488,5,136483
136490,7,136483
136492,11,136481
136494,11,136483
136496,13,136483
136498,17,136481
136500,17,136483
136502,19,136483
136504,3,136501
136506,5,136501
136508,7,136501
136510,29,136481
136512,11,136501
136514,3,136511
136516,5,136511
136518,7,136511
136520,19,136501
136522,3,136519
136524,5,136519
136526,3,136523
136528,5,136523
136530,7,136523
136532,13,136519
136534,3,136531
136536,5,136531
136538,7,136531
136540,3,136537
136542,5,136537
136544,3,136541
136546,5,136541
136548,7,136541
136550,3,136547
136552,5,136547
136554,7,136547
136556,19,136537
136558,11,136547
136560,13,136547
136562,3,136559
136564,5,136559
136566,7,136559
136568,31,136537
136570,11,136559
136572,13,136559
136574,37,136537
136576,3,136573
136578,5,136573
136580,7,136573
136582,23,136559
136584,11,136573
136586,13,136573
136588,29,136559
136590,17,136573
136592,19,136573
136594,47,136547
136596,23,136573
136598,61,136537
136600,41,136559
136602,29,136573
136604,3,136601
136606,3,136603
136608,5,136603
136610,3,136607
136612,5,136607
136614,7,136607
136616,13,136603
136618,11,136607
136620,13,136607
136622,19,136603
136624,3,136621
136626,5,136621
136628,7,136621
136630,23,136607
136632,11,136621
136634,13,136621
136636,29,136607
136638,17,136621
136640,19,136621
136642,41,136601
136644,23,136621
136646,43,136603
136648,41,136607
136650,29,136621
136652,3,136649
136654,3,136651
136656,5,136651
136658,7,136651
136660,3,136657
136662,5,136657
136664,7,136657
136666,17,136649
136668,11,136657
136670,13,136657
136672,23,136649
136674,17,136657
136676,19,136657
136678,29,136649
136680,23,136657
136682,31,136651
136684,83,136601
136686,29,136657
136688,31,136657
136690,41,136649
136692,41,136651
136694,3,136691
136696,3,136693
136698,5,136693
136700,7,136693
136702,11,136691
136704,11,136693
136706,13,136693
136708,17,136691
136710,17,136693
136712,3,136709
136714,3,136711
136716,5,136711
136718,7,136711
136720,11,136709
136722,11,136711
136724,13,136711
136726,17,136709
136728,17,136711
136730,3,136727
136732,5,136727
136734,7,136727
136736,3,136733
136738,5,136733
136740,7,136733
136742,3,136739
136744,5,136739
136746,7,136739
136748,37,136711
136750,11,136739
136752,13,136739
136754,3,136751
136756,3,136753
136758,5,136753
136760,7,136753
136762,11,136751
136764,11,136753
136766,13,136753
136768,17,136751
136770,17,136753
136772,3,136769
136774,5,136769
136776,7,136769
136778,67,136711
136780,3,136777
136782,5,136777
136784,7,136777
136786,17,136769
136788,11,136777
136790,13,136777
136792,23,136769
136794,17,136777
136796,19,136777
136798,29,136769
136800,23,136777
136802,109,136693
136804,53,136751
136806,29,136777
136808,31,136777
136810,41,136769
136812,43,136769
136814,3,136811
136816,3,136813
136818,5,136813
136820,7,136813
136822,11,136811
136824,11,136813
136826,13,136813
136828,17,136811
136830,17,136813
136832,19,136813
136834,23,136811
136836,23,136813
136838,61,136777
136840,29,136811
136842,29,136813
136844,3,136841
136846,5,136841
136848,7,136841
136850,37,136813
136852,3,136849
136854,5,136849
136856,7,136849
136858,17,136841
136860,11,136849
136862,3,136859
136864,3,136861
136866,5,136861
136868,7,136861
136870,11,136859
136872,11,136861
136874,13,136861
136876,17,136859
136878,17,136861
136880,19,136861
136882,3,136879
136884,5,136879
136886,3,136883
136888,5,136883
136890,7,136883
136892,3,136889
136894,5,136889
136896,7,136889
136898,19,136879
136900,3,136897
136902,5,136897
136904,7,136897
136906,17,136889
136908,11,136897
136910,13,136897
136912,23,136889
136914,17,136897
136916,19,136897
136918,29,136889
136920,23,136897
136922,43,136879
136924,41,136883
136926,29,136897
136928,31,136897
136930,41,136889
136932,43,136889
136934,37,136897
136936,47,136889
136938,41,136897
136940,43,136897
136942,53,136889
136944,47,136897
136946,3,136943
136948,5,136943
136950,7,136943
136952,3,136949
136954,3,136951
136956,5,136951
136958,7,136951
136960,11,136949
136962,11,136951
136964,13,136951
136966,3,136963
136968,5,136963
136970,7,136963
136972,23,136949
136974,11,136963
136976,3,136973
136978,5,136973
136980,7,136973
136982,3,136979
136984,5,136979
136986,7,136979
136988,37,136951
136990,3,136987
136992,5,136987
136994,3,136991
136996,3,136993
136998,5,136993
137000,7,136993
137002,3,136999
137004,5,136999
137006,7,136999
137008,17,136991
137010,11,136999
137012,13,136999
137014,23,136991
137016,17,136999
137018,19,136999
137020,29,136991
137022,23,136999
137024,31,136993
137026,47,136979
137028,29,136999
137030,31,136999
137032,3,137029
137034,5,137029
137036,7,137029
137038,47,136991
137040,11,137029
137042,13,137029
137044,53,136991
137046,17,137029
137048,19,137029
137050,59,136991
137052,23,137029
137054,61,136993
137056,83,136973
137058,29,137029
137060,31,137029
137062,71,136991
137064,71,136993
137066,37,137029
137068,89,136979
137070,41,137029
137072,43,137029
137074,83,136991
137076,47,137029
137078,79,136999
137080,3,137077
137082,5,137077
137084,7,137077
137086,107,136979
137088,11,137077
137090,3,137087
137092,3,137089
137094,5,137089
137096,7,137089
137098,11,137087
137100,11,137089
137102,13,137089
137104,17,137087
137106,17,137089
137108,19,137089
137110,23,137087
137112,23,137089
137114,37,137077
137116,29,137087
137118,29,137089
137120,3,137117
137122,3,137119
137124,5,137119
137126,7,137119
137128,11,137117
137130,11,137119
137132,13,137119
137134,3,137131
137136,5,137131
137138,7,137131
137140,23,137117
137142,11,137131
137144,13,137131
137146,3,137143
137148,5,137143
137150,3,137147
137152,5,137147
137154,7,137147
137156,3,137153
137158,5,137153
137160,7,137153
137162,19,137143
137164,11,137153
137166,13,137153
137168,37,137131
137170,17,137153
137172,19,137153
137174,31,137143
137176,23,137153
137178,31,137147
137180,3,137177
137182,5,137177
137184,7,137177
137186,3,137183
137188,5,137183
137190,7,137183
137192,61,137131
137194,3,137191
137196,5,137191
137198,7,137191
137200,3,137197
137202,5,137197
137204,3,137201
137206,5,137201
137208,7,137201
137210,13,137197
137212,3,137209
137214,5,137209
137216,7,137209
137218,17,137201
137220,11,137209
137222,3,137219
137224,5,137219
137226,7,137219
137228,19,137209
137230,11,137219
137232,13,137219
137234,37,137197
137236,17,137219
137238,19,137219
137240,31,137209
137242,3,137239
137244,5,137239
137246,7,137239
137248,29,137219
137250,11,137239
137252,13,137239
137254,3,137251
137256,5,137251
137258,7,137251
137260,41,137219
137262,11,137251
137264,13,137251
137266,47,137219
137268,17,137251
137270,19,137251
137272,53,137219
137274,23,137251
137276,3,137273
137278,5,137273
137280,7,137273
137282,3,137279
137284,5,137279
137286,7,137279
137288,37,137251
137290,11,137279
137292,13,137279
137294,43,137251
137296,17,137279
137298,19,137279
137300,61,137239
137302,23,137279
137304,31,137273
137306,3,137303
137308,5,137303
137310,7,137303
137312,61,137251
137314,11,137303
137316,13,137303
137318,67,137251
137320,17,137303
137322,19,137303
137324,3,137321
137326,5,137321
137328,7,137321
137330,79,137251
137332,11,137321
137334,13,137321
137336,97,137239
137338,17,137321
137340,19,137321
137342,3,137339
137344,3,137341
137346,5,137341
137348,7,137341
137350,11,137339
137352,11,137341
137354,13,137341
137356,3,137353
137358,5,137353
137360,7,137353
137362,3,137359
137364,5,137359
137366,3,137363
137368,5,137363
137370,7,137363
137372,3,137369
137374,5,137369
137376,7,137369
137378,19,137359
137380,11,137369
137382,13,137369
137384,31,137353
137386,3,137383
137388,5,137383
137390,3,137387
137392,5,137387
137394,7,137387
137396,3,137393
137398,5,137393
137400,7,137393
137402,3,137399
137404,5,137399
137406,7,137399
137408,67,137341
137410,11,137399
137412,13,137399
137414,31,137383
137416,3,137413
137418,5,137413
137420,7,137413
137422,23,137399
137424,11,137413
137426,13,137413
137428,29,137399
137430,17,137413
137432,19,137413
137434,41,137393
137436,23,137413
137438,79,137359
137440,3,137437
137442,5,137437
137444,7,137437
137446,3,137443
137448,5,137443
137450,3,137447
137452,5,137447
137454,7,137447
137456,3,137453
137458,5,137453
137460,7,137453
137462,19,137443
137464,11,137453
137466,13,137453
137468,31,137437
137470,17,137453
137472,19,137453
137474,31,137443
137476,23,137453
137478,31,137447
137480,3,137477
137482,5,137477
137484,7,137477
137486,3,137483
137488,5,137483
137490,7,137483
137492,79,137413
137494,3,137491
137496,5,137491
137498,7,137491
137500,17,137483
137502,11,137491
137504,13,137491
137506,23,137483
137508,17,137491
137510,3,137507
137512,5,137507
137514,7,137507
137516,73,137443
137518,11,137507
137520,13,137507
137522,3,137519
137524,5,137519
137526,7,137519
137528,37,137491
137530,11,137519
137532,13,137519
137534,43,137491
137536,17,137519
137538,19,137519
137540,3,137537
137542,5,137537
137544,7,137537
137546,103,137443
137548,11,137537
137550,13,137537
137552,61,137491
137554,17,137537
137556,19,137537
137558,67,137491
137560,23,137537
137562,43,137519
137564,73,137491
137566,29,137537
137568,31,137537
137570,3,137567
137572,5,137567
137574,7,137567
137576,3,137573
137578,5,137573
137580,7,137573
137582,139,137443
137584,11,137573
137586,13,137573
137588,97,137491
137590,3,137587
137592,5,137587
137594,7,137587
137596,3,137593
137598,5,137593
137600,3,137597
137602,5,137597
137604,7,137597
137606,13,137593
137608,11,137597
137610,13,137597
137612,19,137593
137614,17,137597
137616,19,137597
137618,31,137587
137620,23,137597
137622,29,137593
137624,31,137593
137626,3,137623
137628,5,137623
137630,7,137623
137632,59,137573
137634,11,137623
137636,3,137633
137638,5,137633
137640,7,137633
137642,3,137639
137644,5,137639
137646,7,137639
137648,61,137587
137650,11,137639
137652,13,137639
137654,31,137623
137656,3,137653
137658,5,137653
137660,7,137653
137662,3,137659
137664,5,137659
137666,7,137659
137668,29,137639
137670,11,137659
137672,13,137659
137674,41,137633
137676,17,137659
137678,19,137659
137680,41,137639
137682,23,137659
137684,31,137653
137686,47,137639
137688,29,137659
137690,31,137659
137692,53,137639
137694,41,137653
137696,37,137659
137698,59,137639
137700,41,137659
137702,3,137699
137704,5,137699
137706,7,137699
137708,271,137437
137710,3,137707
137712,5,137707
137714,7,137707
137716,3,137713
137718,5,137713
137720,7,137713
137722,23,137699
137724,11,137713
137726,3,137723
137728,5,137723
137730,7,137723
137732,19,137713
137734,11,137723
137736,13,137723
137738,31,137707
137740,3,137737
137742,5,137737
137744,7,137737
137746,3,137743
137748,5,137743
137750,7,137743
137752,29,137723
137754,11,137743
137756,13,137743
137758,59,137699
137760,17,137743
137762,19,137743
137764,41,137723
137766,23,137743
137768,31,137737
137770,47,137723
137772,29,137743
137774,3,137771
137776,5,137771
137778,7,137771
137780,3,137777
137782,5,137777
137784,7,137777
137786,43,137743
137788,11,137777
137790,13,137777
137792,79,137713
137794,3,137791
137796,5,137791
137798,7,137791
137800,23,137777
137802,11,137791
137804,13,137791
137806,3,137803
137808,5,137803
137810,7,137803
137812,41,137771
137814,11,137803
137816,13,137803
137818,41,137777
137820,17,137803
137822,19,137803
137824,47,137777
137826,23,137803
137828,37,137791
137830,3,137827
137832,5,137827
137834,3,137831
137836,5,137831
137838,7,137831
137840,13,137827
137842,11,137831
137844,13,137831
137846,19,137827
137848,17,137831
137850,19,137831
137852,3,137849
137854,5,137849
137856,7,137849
137858,31,137827
137860,11,137849
137862,13,137849
137864,37,137827
137866,17,137849
137868,19,137849
137870,3,137867
137872,3,137869
137874,5,137869
137876,3,137873
137878,5,137873
137880,7,137873
137882,13,137869
137884,11,137873
137886,13,137873
137888,19,137869
137890,17,137873
137892,19,137873
137894,67,137827
137896,23,137873
137898,29,137869
137900,31,137869
137902,29,137873
137904,31,137873
137906,37,137869
137908,41,137867
137910,37,137873
137912,3,137909
137914,3,137911
137916,5,137911
137918,7,137911
137920,11,137909
137922,11,137911
137924,13,137911
137926,17,137909
137928,17,137911
137930,3,137927
137932,5,137927
137934,7,137927
137936,3,137933
137938,5,137933
137940,7,137933
137942,31,137911
137944,3,137941
137946,5,137941
137948,7,137941
137950,3,137947
137952,5,137947
137954,7,137947
137956,23,137933
137958,11,137947
137960,3,137957
137962,5,137957
137964,7,137957
137966,19,137947
137968,11,137957
137970,13,137957
137972,31,137941
137974,17,137957
137976,19,137957
137978,31,137947
137980,23,137957
137982,41,137941
137984,37,137947
137986,3,137983
137988,5,137983
137990,7,137983
137992,59,137933
137994,11,137983
137996,3,137993
137998,5,137993
138000,7,137993
138002,3,137999
138004,5,137999
138006,7,137999
138008,61,137947
138010,3,138007
138012,5,138007
138014,7,138007
138016,17,137999
138018,11,138007
138020,13,138007
138022,23,137999
138024,17,138007
138026,19,138007
138028,29,137999
138030,23,138007
138032,163,137869
138034,41,137993
138036,29,138007
138038,31,138007
138040,41,137999
138042,43,137999
138044,3,138041
138046,5,138041
138048,7,138041
138050,43,138007
138052,11,138041
138054,13,138041
138056,3,138053
138058,5,138053
138060,7,138053
138062,3,138059
138064,5,138059
138066,7,138059
138068,61,138007
138070,11,138059
138072,13,138059
138074,3,138071
138076,5,138071
138078,7,138071
138080,3,138077
138082,3,138079
138084,5,138079
138086,7,138079
138088,11,138077
138090,11,138079
138092,13,138079
138094,17,138077
138096,17,138079
138098,19,138079
138100,23,138077
138102,23,138079
138104,3,138101
138106,5,138101
138108,7,138101
138110,3,138107
138112,5,138107
138114,7,138107
138116,3,138113
138118,5,138113
138120,7,138113
138122,43,138079
138124,11,138113
138126,13,138113
138128,181,137947
138130,17,138113
138132,19,138113
138134,127,138007
138136,23,138113
138138,31,138107
138140,61,138079
138142,3,138139
138144,5,138139
138146,3,138143
138148,5,138143
138150,7,138143
138152,13,138139
138154,11,138143
138156,13,138143
138158,19,138139
138160,3,138157
138162,5,138157
138164,7,138157
138166,3,138163
138168,5,138163
138170,7,138163
138172,29,138143
138174,11,138163
138176,13,138163
138178,71,138107
138180,17,138163
138182,3,138179
138184,3,138181
138186,5,138181
138188,7,138181
138190,11,138179
138192,11,138181
138194,3,138191
138196,5,138191
138198,7,138191
138200,3,138197
138202,5,138197
138204,7,138197
138206,43,138163
138208,11,138197
138210,13,138197
138212,3,138209
138214,5,138209
138216,7,138209
138218,37,138181
138220,11,138209
138222,13,138209
138224,43,138181
138226,17,138209
138228,19,138209
138230,67,138163
138232,23,138209
138234,37,138197
138236,73,138163
138238,29,138209
138240,31,138209
138242,3,138239
138244,3,138241
138246,5,138241
138248,7,138241
138250,3,138247
138252,5,138247
138254,3,138251
138256,5,138251
138258,7,138251
138260,13,138247
138262,11,138251
138264,13,138251
138266,19,138247
138268,17,138251
138270,19,138251
138272,31,138241
138274,23,138251
138276,29,138247
138278,31,138247
138280,29,138251
138282,31,138251
138284,37,138247
138286,3,138283
138288,5,138283
138290,7,138283
138292,3,138289
138294,5,138289
138296,7,138289
138298,47,138251
138300,11,138289
138302,13,138289
138304,53,138251
138306,17,138289
138308,19,138289
138310,59,138251
138312,23,138289
138314,3,138311
138316,5,138311
138318,7,138311
138320,31,138289
138322,3,138319
138324,5,138319
138326,3,138323
138328,5,138323
138330,7,138323
138332,13,138319
138334,11,138323
138336,13,138323
138338,19,138319
138340,3,138337
138342,5,138337
138344,7,138337
138346,23,138323
138348,11,138337
138350,13,138337
138352,3,138349
138354,5,138349
138356,7,138349
138358,47,138311
138360,11,138349
138362,13,138349
138364,41,138323
138366,17,138349
138368,19,138349
138370,47,138323
138372,23,138349
138374,3,138371
138376,3,138373
138378,5,138373
138380,7,138373
138382,11,138371
138384,11,138373
138386,13,138373
138388,17,138371
138390,17,138373
138392,3,138389
138394,5,138389
138396,7,138389
138398,61,138337
138400,11,138389
138402,13,138389
138404,3,138401
138406,3,138403
138408,5,138403
138410,3,138407
138412,5,138407
138414,7,138407
138416,13,138403
138418,11,138407
138420,13,138407
138422,19,138403
138424,17,138407
138426,19,138407
138428,79,138349
138430,3,138427
138432,5,138427
138434,7,138427
138436,3,138433
138438,5,138433
138440,7,138433
138442,41,138401
138444,11,138433
138446,13,138433
138448,41,138407
138450,17,138433
138452,3,138449
138454,3,138451
138456,5,138451
138458,7,138451
138460,11,138449
138462,11,138451
138464,3,138461
138466,5,138461
138468,7,138461
138470,19,138451
138472,3,138469
138474,5,138469
138476,7,138469
138478,17,138461
138480,11,138469
138482,13,138469
138484,23,138461
138486,17,138469
138488,19,138469
138490,29,138461
138492,23,138469
138494,43,138451
138496,3,138493
138498,5,138493
138500,3,138497
138502,5,138497
138504,7,138497
138506,13,138493
138508,11,138497
138510,13,138497
138512,19,138493
138514,3,138511
138516,5,138511
138518,7,138511
138520,3,138517
138522,5,138517
138524,7,138517
138526,29,138497
138528,11,138517
138530,13,138517
138532,71,138461
138534,17,138517
138536,19,138517
138538,41,138497
138540,23,138517
138542,31,138511
138544,47,138497
138546,29,138517
138548,31,138517
138550,3,138547
138552,5,138547
138554,7,138547
138556,59,138497
138558,11,138547
138560,13,138547
138562,3,138559
138564,5,138559
138566,3,138563
138568,5,138563
138570,7,138563
138572,3,138569
138574,3,138571
138576,5,138571
138578,7,138571
138580,3,138577
138582,5,138577
138584,3,138581
138586,5,138581
138588,7,138581
138590,3,138587
138592,5,138587
138594,7,138587
138596,19,138577
138598,11,138587
138600,13,138587
138602,3,138599
138604,5,138599
138606,7,138599
138608,31,138577
138610,11,138599
138612,13,138599
138614,37,138577
138616,17,138599
138618,19,138599
138620,3,138617
138622,5,138617
138624,7,138617
138626,67,138559
138628,11,138617
138630,13,138617
138632,3,138629
138634,5,138629
138636,7,138629
138638,61,138577
138640,3,138637
138642,5,138637
138644,3,138641
138646,5,138641
138648,7,138641
138650,3,138647
138652,5,138647
138654,7,138647
138656,19,138637
138658,11,138647
138660,13,138647
138662,103,138559
138664,3,138661
138666,5,138661
138668,7,138661
138670,23,138647
138672,11,138661
138674,13,138661
138676,29,138647
138678,17,138661
138680,19,138661
138682,3,138679
138684,5,138679
138686,3,138683
138688,5,138683
138690,7,138683
138692,13,138679
138694,11,138683
138696,13,138683
138698,19,138679
138700,17,138683
138702,19,138683
138704,43,138661
138706,23,138683
138708,29,138679
138710,31,138679
138712,29,138683
138714,31,138683
138716,37,138679
138718,71,138647
138720,37,138683
138722,43,138679
138724,41,138683
138726,43,138683
138728,67,138661
138730,3,138727
138732,5,138727
138734,3,138731
138736,5,138731
138738,7,138731
138740,13,138727
138742,3,138739
138744,5,138739
138746,7,138739
138748,17,138731
138750,11,138739
138752,13,138739
138754,23,138731
138756,17,138739
138758,19,138739
138760,29,138731
138762,23,138739
138764,37,138727
138766,3,138763
138768,5,138763
138770,7,138763
138772,41,138731
138774,11,138763
138776,13,138763
138778,47,138731
138780,17,138763
138782,19,138763
138784,53,138731
138786,23,138763
138788,61,138727
138790,59,138731
138792,29,138763
138794,31,138763
138796,3,138793
138798,5,138793
138800,3,138797
138802,3,138799
138804,5,138799
138806,7,138799
138808,11,138797
138810,11,138799
138812,13,138799
138814,17,138797
138816,17,138799
138818,19,138799
138820,23,138797
138822,23,138799
138824,3,138821
138826,5,138821
138828,7,138821
138830,31,138799
138832,3,138829
138834,5,138829
138836,7,138829
138838,17,138821
138840,11,138829
138842,13,138829
138844,3,138841
138846,5,138841
138848,7,138841
138850,29,138821
138852,11,138841
138854,13,138841
138856,59,138797
138858,17,138841
138860,19,138841
138862,41,138821
138864,23,138841
138866,3,138863
138868,5,138863
138870,7,138863
138872,3,138869
138874,5,138869
138876,7,138869
138878,37,138841
138880,11,138869
138882,13,138869
138884,43,138841
138886,3,138883
138888,5,138883
138890,7,138883
138892,3,138889
138894,5,138889
138896,3,138893
138898,5,138893
138900,7,138893
138902,3,138899
138904,5,138899
138906,7,138899
138908,19,138889
138910,11,138899
138912,13,138899
138914,31,138883
138916,17,138899
138918,19,138899
138920,3,138917
138922,5,138917
138924,7,138917
138926,3,138923
138928,5,138923
138930,7,138923
138932,43,138889
138934,11,138923
138936,13,138923
138938,97,138841
138940,3,138937
138942,5,138937
138944,7,138937
138946,23,138923
138948,11,138937
138950,13,138937
138952,29,138923
138954,17,138937
138956,19,138937
138958,41,138917
138960,23,138937
138962,3,138959
138964,5,138959
138966,7,138959
138968,31,138937
138970,3,138967
138972,5,138967
138974,7,138967
138976,17,138959
138978,11,138967
138980,3,138977
138982,5,138977
138984,7,138977
138986,19,138967
138988,11,138977
138990,13,138977
138992,103,138889
138994,17,138977
138996,19,138977
138998,31,138967
139000,23,138977
139002,43,138959
139004,37,138967
139006,29,138977
139008,31,138977
139010,43,138967
139012,53,138959
139014,37,138977
139016,79,138937
139018,41,138977
139020,43,138977
139022,139,138883
139024,3,139021
139026,5,139021
139028,7,139021
139030,53,138977
139032,11,139021
139034,13,139021
139036,3,139033
139038,5,139033
139040,7,139033
139042,83,138959
139044,11,139033
139046,13,139033
139048,71,138977
139050,17,139033
139052,19,139033
139054,131,138923
139056,23,139033
139058,37,139021
139060,83,138977
139062,29,139033
139064,31,139033
139066,89,138977
139068,47,139021
139070,3,139067
139072,5,139067
139074,7,139067
139076,43,139033
139078,11,139067
139080,13,139067
139082,3,139079
139084,5,139079
139086,7,139079
139088,67,139021
139090,11,139079
139092,13,139079
139094,3,139091
139096,5,139091
139098,7,139091
139100,67,139033
139102,11,139091
139104,13,139091
139106,73,139033
139108,17,139091
139110,19,139091
139112,3,139109
139114,5,139109
139116,7,139109
139118,97,139021
139120,11,139109
139122,13,139109
139124,3,139121
139126,3,139123
139128,5,139123
139130,7,139123
139132,11,139121
139134,11,139123
139136,3,139133
139138,5,139133
139140,7,139133
139142,19,139123
139144,11,139133
139146,13,139133
139148,127,139021
139150,17,139133
139152,19,139133
139154,31,139123
139156,23,139133
139158,37,139121
139160,37,139123
139162,29,139133
139164,31,139133
139166,43,139123
139168,47,139121
139170,37,139133
139172,3,139169
139174,5,139169
139176,7,139169
139178,157,139021
139180,3,139177
139182,5,139177
139184,7,139177
139186,17,139169
139188,11,139177
139190,3,139187
139192,5,139187
139194,7,139187
139196,19,139177
139198,11,139187
139200,13,139187
139202,3,139199
139204,3,139201
139206,5,139201
139208,7,139201
139210,11,139199
139212,11,139201
139214,13,139201
139216,17,139199
139218,17,139201
139220,19,139201
139222,23,139199
139224,23,139201
139226,103,139123
139228,29,139199
139230,29,139201
139232,31,139201
139234,47,139187
139236,37,139199
139238,37,139201
139240,41,139199
139242,41,139201
139244,3,139241
139246,5,139241
139248,7,139241
139250,73,139177
139252,11,139241
139254,13,139241
139256,79,139177
139258,17,139241
139260,19,139241
139262,61,139201
139264,23,139241
139266,67,139199
139268,67,139201
139270,3,139267
139272,5,139267
139274,7,139267
139276,3,139273
139278,5,139273
139280,7,139273
139282,41,139241
139284,11,139273
139286,13,139273
139288,47,139241
139290,17,139273
139292,19,139273
139294,3,139291
139296,5,139291
139298,7,139291
139300,3,139297
139302,5,139297
139304,3,139301
139306,3,139303
139308,5,139303
139310,7,139303
139312,3,139309
139314,5,139309
139316,3,139313
139318,5,139313
139320,7,139313
139322,13,139309
139324,11,139313
139326,13,139313
139328,19,139309
139330,17,139313
139332,19,139313
139334,31,139303
139336,3,139333
139338,5,139333
139340,7,139333
139342,3,139339
139344,5,139339
139346,3,139343
139348,5,139343
139350,7,139343
139352,13,139339
139354,11,139343
139356,13,139343
139358,19,139339
139360,17,139343
139362,19,139343
139364,3,139361
139366,5,139361
139368,7,139361
139370,3,139367
139372,3,139369
139374,5,139369
139376,7,139369
139378,11,139367
139380,11,139369
139382,13,139369
139384,17,139367
139386,17,139369
139388,19,139369
139390,3,139387
139392,5,139387
139394,7,139387
139396,3,139393
139398,5,139393
139400,3,139397
139402,5,139397
139404,7,139397
139406,13,139393
139408,11,139397
139410,13,139397
139412,3,139409
139414,5,139409
139416,7,139409
139418,31,139387
139420,11,139409
139422,13,139409
139424,31,139393
139426,3,139423
139428,5,139423
139430,7,139423
139432,3,139429
139434,5,139429
139436,7,139429
139438,29,139409
139440,11,139429
139442,3,139439
139444,5,139439
139446,7,139439
139448,19,139429
139450,11,139439
139452,13,139439
139454,31,139423
139456,17,139439
139458,19,139439
139460,3,139457
139462,3,139459
139464,5,139459
139466,7,139459
139468,11,139457
139470,11,139459
139472,13,139459
139474,17,139457
139476,17,139459
139478,19,139459
139480,23,139457
139482,23,139459
139484,61,139423
139486,3,139483
139488,5,139483
139490,3,139487
139492,5,139487
139494,7,139487
139496,3,139493
139498,5,139493
139500,7,139493
139502,19,139483
139504,3,139501
139506,5,139501
139508,7,139501
139510,17,139493
139512,11,139501
139514,3,139511
139516,5,139511
139518,7,139511
139520,19,139501
139522,11,139511
139524,13,139511
139526,43,139483
139528,17,139511
139530,19,139511
139532,31,139501
139534,23,139511
139536,43,139493
139538,37,139501
139540,3,139537
139542,5,139537
139544,7,139537
139546,53,139493
139548,11,139537
139550,3,139547
139552,5,139547
139554,7,139547
139556,19,139537
139558,11,139547
139560,13,139547
139562,61,139501
139564,17,139547
139566,19,139547
139568,31,139537
139570,23,139547
139572,61,139511
139574,3,139571
139576,5,139571
139578,7,139571
139580,43,139537
139582,11,139571
139584,13,139571
139586,103,139483
139588,17,139571
139590,19,139571
139592,3,139589
139594,3,139591
139596,5,139591
139598,7,139591
139600,3,139597
139602,5,139597
139604,7,139597
139606,17,139589
139608,11,139597
139610,13,139597
139612,3,139609
139614,5,139609
139616,7,139609
139618,29,139589
139620,11,139609
139622,3,139619
139624,5,139619
139626,7,139619
139628,19,139609
139630,3,139627
139632,5,139627
139634,7,139627
139636,17,139619
139638,11,139627
139640,13,139627
139642,23,139619
139644,17,139627
139646,19,139627
139648,29,139619
139650,23,139627
139652,43,139609
139654,83,139571
139656,29,139627
139658,31,139627
139660,41,139619
139662,43,139619
139664,3,139661
139666,3,139663
139668,5,139663
139670,7,139663
139672,11,139661
139674,11,139663
139676,13,139663
139678,17,139661
139680,17,139663
139682,19,139663
139684,3,139681
139686,5,139681
139688,7,139681
139690,29,139661
139692,11,139681
139694,13,139681
139696,107,139589
139698,17,139681
139700,3,139697
139702,5,139697
139704,7,139697
139706,3,139703
139708,5,139703
139710,7,139703
139712,3,139709
139714,5,139709
139716,7,139709
139718,37,139681
139720,11,139709
139722,13,139709
139724,3,139721
139726,5,139721
139728,7,139721
139730,67,139663
139732,3,139729
139734,5,139729
139736,7,139729
139738,17,139721
139740,11,139729
139742,3,139739
139744,5,139739
139746,7,139739
139748,19,139729
139750,3,139747
139752,5,139747
139754,7,139747
139756,3,139753
139758,5,139753
139760,7,139753
139762,3,139759
139764,5,139759
139766,7,139759
139768,29,139739
139770,11,139759
139772,13,139759
139774,53,139721
139776,17,139759
139778,19,139759
139780,41,139739
139782,23,139759
139784,31,139753
139786,47,139739
139788,29,139759
139790,3,139787
139792,5,139787
139794,7,139787
139796,37,139759
139798,11,139787
139800,13,139787
139802,43,139759
139804,3,139801
139806,5,139801
139808,7,139801
139810,23,139787
139812,11,139801
139814,13,139801
139816,3,139813
139818,5,139813
139820,7,139813
139822,83,139739
139824,11,139813
139826,13,139813
139828,41,139787
139830,17,139813
139832,19,139813
139834,3,139831
139836,5,139831
139838,7,139831
139840,3,139837
139842,5,139837
139844,7,139837
139846,59,139787
139848,11,139837
139850,13,139837
139852,113,139739
139854,17,139837
139856,19,139837
139858,71,139787
139860,23,139837
139862,31,139831
139864,3,139861
139866,5,139861
139868,7,139861
139870,83,139787
139872,11,139861
139874,3,139871
139876,5,139871
139878,7,139871
139880,19,139861
139882,11,139871
139884,13,139871
139886,3,139883
139888,5,139883
139890,7,139883
139892,31,139861
139894,3,139891
139896,5,139891
139898,7,139891
139900,17,139883
139902,11,139891
139904,3,139901
139906,5,139901
139908,7,139901
139910,3,139907
139912,5,139907
139914,7,139907
139916,79,139837
139918,11,139907
139920,13,139907
139922,31,139891
139924,3,139921
139926,5,139921
139928,7,139921
139930,23,139907
139932,11,139921
139934,13,139921
139936,29,139907
139938,17,139921
139940,19,139921
139942,3,139939
139944,5,139939
139946,3,139943
139948,5,139943
139950,7,139943
139952,13,139939
139954,11,139943
139956,13,139943
139958,19,139939
139960,17,139943
139962,19,139943
139964,43,139921
139966,23,139943
139968,29,139939
139970,3,139967
139972,3,139969
139974,5,139969
139976,7,139969
139978,11,139967
139980,11,139969
139982,13,139969
139984,3,139981
139986,5,139981
139988,7,139981
139990,3,139987
139992,5,139987
139994,3,139991
139996,5,139991
139998,7,139991
140000,13,139987
140002,3,139999
140004,5,139999
140006,7,139999
140008,17,139991
140010,11,139999
140012,3,140009
140014,5,140009
140016,7,140009
140018,19,139999
140020,11,140009
140022,13,140009
140024,37,139987
140026,17,140009
140028,19,140009
140030,31,139999
140032,23,140009
140034,43,139991
140036,37,139999
140038,29,140009
140040,31,140009
140042,43,139999
140044,53,139991
140046,37,140009
140048,61,139987
140050,41,140009
140052,43,140009
140054,67,139987
140056,3,140053
140058,5,140053
140060,3,140057
140062,5,140057
140064,7,140057
140066,13,140053
140068,11,140057
140070,13,140057
140072,3,140069
140074,3,140071
140076,5,140071
140078,7,140071
140080,11,140069
140082,11,140071
140084,13,140071
140086,17,140069
140088,17,140071
140090,19,140071
140092,23,140069
140094,23,140071
140096,43,140053
140098,29,140069
140100,29,140071
140102,31,140071
140104,47,140057
140106,37,140069
140108,37,140071
140110,41,140069
140112,41,140071
140114,3,140111
140116,5,140111
140118,7,140111
140120,67,140053
140122,11,140111
140124,13,140111
140126,3,140123
140128,5,140123
140130,7,140123
140132,61,140071
140134,11,140123
140136,13,140123
140138,67,140071
140140,17,140123
140142,19,140123
140144,73,140071
140146,3,140143
140148,5,140143
140150,7,140143
140152,29,140123
140154,11,140143
140156,13,140143
140158,47,140111
140160,17,140143
140162,3,140159
140164,5,140159
140166,7,140159
140168,97,140071
140170,3,140167
140172,5,140167
140174,3,140171
140176,5,140171
140178,7,140171
140180,3,140177
140182,5,140177
140184,7,140177
140186,19,140167
140188,11,140177
140190,13,140177
140192,139,140053
140194,3,140191
140196,5,140191
140198,7,140191
140200,3,140197
140202,5,140197
140204,7,140197
140206,29,140177
140208,11,140197
140210,3,140207
140212,5,140207
140214,7,140207
140216,19,140197
140218,11,140207
140220,13,140207
140222,31,140191
140224,3,140221
140226,5,140221
140228,7,140221
140230,3,140227
140232,5,140227
140234,7,140227
140236,29,140207
140238,11,140227
140240,3,140237
140242,5,140237
140244,7,140237
140246,19,140227
140248,11,140237
140250,13,140237
140252,3,140249
140254,5,140249
140256,7,140249
140258,31,140227
140260,11,140249
140262,13,140249
140264,37,140227
140266,3,140263
140268,5,140263
140270,7,140263
140272,3,140269
140274,5,140269
140276,7,140269
140278,29,140249
140280,11,140269
140282,13,140269
140284,3,140281
140286,5,140281
140288,7,140281
140290,41,140249
140292,11,140281
140294,13,140281
140296,47,140249
140298,17,140281
140300,3,140297
140302,5,140297
140304,7,140297
140306,37,140269
140308,11,140297
140310,13,140297
140312,31,140281
140314,17,140297
140316,19,140297
140318,37,140281
140320,3,140317
140322,5,140317
140324,3,140321
140326,5,140321
140328,7,140321
140330,13,140317
140332,11,140321
140334,13,140321
140336,3,140333
140338,5,140333
140340,7,140333
140342,3,140339
140344,5,140339
140346,7,140339
140348,31,140317
140350,11,140339
140352,13,140339
140354,3,140351
140356,5,140351
140358,7,140351
140360,43,140317
140362,11,140351
140364,13,140351
140366,3,140363
140368,5,140363
140370,7,140363
140372,103,140269
140374,11,140363
140376,13,140363
140378,61,140317
140380,17,140363
140382,19,140363
140384,3,140381
140386,5,140381
140388,7,140381
140390,73,140317
140392,11,140381
140394,13,140381
140396,79,140317
140398,17,140381
140400,19,140381
140402,139,140263
140404,3,140401
140406,5,140401
140408,7,140401
140410,3,140407
140412,5,140407
140414,3,140411
140416,5,140411
140418,7,140411
140420,3,140417
140422,3,140419
140424,5,140419
140426,3,140423
140428,5,140423
140430,7,140423
140432,13,140419
140434,11,140423
140436,13,140423
140438,19,140419
140440,17,140423
140442,19,140423
140444,37,140407
140446,3,140443
140448,5,140443
140450,7,140443
140452,3,140449
140454,5,140449
140456,3,140453
140458,5,140453
140460,7,140453
140462,13,140449
140464,11,140453
140466,13,140453
140468,19,140449
140470,17,140453
140472,19,140453
140474,31,140443
140476,3,140473
140478,5,140473
140480,3,140477
140482,5,140477
140484,7,140477
140486,13,140473
140488,11,140477
140490,13,140477
140492,19,140473
140494,17,140477
140496,19,140477
140498,79,140419
140500,23,140477
140502,29,140473
140504,31,140473
140506,29,140477
140508,31,140477
140510,37,140473
140512,59,140453
140514,37,140477
140516,43,140473
140518,41,140477
140520,43,140477
140522,73,140449
140524,3,140521
140526,5,140521
140528,7,140521
140530,3,140527
140532,5,140527
140534,7,140527
140536,3,140533
140538,5,140533
140540,7,140533
140542,89,140453
140544,11,140533
140546,13,140533
140548,71,140477
140550,17,140533
140552,3,140549
140554,3,140551
140556,5,140551
140558,7,140551
140560,3,140557
140562,5,140557
140564,7,140557
140566,17,140549
140568,11,140557
140570,13,140557
140572,23,140549
140574,17,140557
140576,19,140557
140578,29,140549
140580,23,140557
140582,31,140551
140584,107,140477
140586,29,140557
140588,31,140557
140590,3,140587
140592,5,140587
140594,7,140587
140596,3,140593
140598,5,140593
140600,7,140593
140602,53,140549
140604,11,140593
140606,3,140603
140608,5,140603
140610,7,140603
140612,19,140593
140614,3,140611
140616,5,140611
140618,7,140611
140620,3,140617
140622,5,140617
140624,7,140617
140626,23,140603
140628,11,140617
140630,3,140627
140632,3,140629
140634,5,140629
140636,7,140629
140638,11,140627
140640,11,140629
140642,3,140639
140644,5,140639
140646,7,140639
140648,19,140629
140650,11,140639
140652,13,140639
140654,37,140617
140656,17,140639
140658,19,140639
140660,31,140629
140662,3,140659
140664,5,140659
140666,3,140663
140668,5,140663
140670,7,140663
140672,13,140659
140674,11,140663
140676,13,140663
140678,19,140659
140680,3,140677
140682,5,140677
140684,3,140681
140686,3,140683
140688,5,140683
140690,7,140683
140692,3,140689
140694,5,140689
140696,7,140689
140698,17,140681
140700,11,140689
140702,13,140689
140704,23,140681
140706,17,140689
140708,19,140689
140710,29,140681
140712,23,140689
140714,31,140683
140716,53,140663
140718,29,140689
140720,3,140717
140722,5,140717
140724,7,140717
140726,37,140689
140728,11,140717
140730,13,140717
140732,3,140729
140734,3,140731
140736,5,140731
140738,7,140731
140740,11,140729
140742,11,140731
140744,3,140741
140746,5,140741
140748,7,140741
140750,19,140731
140752,11,140741
140754,13,140741
140756,67,140689
140758,17,140741
140760,19,140741
140762,3,140759
140764,3,140761
140766,5,140761
140768,7,140761
140770,11,140759
140772,11,140761
140774,13,140761
140776,3,140773
140778,5,140773
140780,7,140773
140782,3,140779
140784,5,140779
140786,7,140779
140788,29,140759
140790,11,140779
140792,13,140779
140794,53,140741
140796,17,140779
140798,19,140779
140800,3,140797
140802,5,140797
140804,7,140797
140806,47,140759
140808,11,140797
140810,13,140797
140812,53,140759
140814,17,140797
140816,3,140813
140818,5,140813
140820,7,140813
140822,43,140779
140824,11,140813
140826,13,140813
140828,31,140797
140830,3,140827
140832,5,140827
140834,3,140831
140836,5,140831
140838,7,140831
140840,3,140837
140842,3,140839
140844,5,140839
140846,7,140839
140848,11,140837
140850,11,140839
140852,13,140839
140854,17,140837
140856,17,140839
140858,19,140839
140860,23,140837
140862,23,140839
140864,37,140827
140866,3,140863
140868,5,140863
140870,3,140867
140872,3,140869
140874,5,140869
140876,7,140869
140878,11,140867
140880,11,140869
140882,13,140869
140884,17,140867
140886,17,140869
140888,19,140869
140890,23,140867
140892,23,140869
140894,3,140891
140896,3,140893
140898,5,140893
140900,3,140897
140902,5,140897
140904,7,140897
140906,13,140893
140908,11,140897
140910,13,140897
140912,3,140909
140914,5,140909
140916,7,140909
140918,79,140839
140920,11,140909
140922,13,140909
140924,31,140893
140926,17,140909
140928,19,140909
140930,37,140893
140932,3,140929
140934,5,140929
140936,7,140929
140938,29,140909
140940,11,140929
140942,3,140939
140944,5,140939
140946,7,140939
140948,19,140929
140950,11,140939
140952,13,140939
140954,61,140893
140956,17,140939
140958,19,140939
140960,31,140929
140962,23,140939
140964,67,140897
140966,37,140929
140968,29,140939
140970,31,140939
140972,43,140929
140974,83,140891
140976,37,140939
140978,109,140869
140980,3,140977
140982,5,140977
140984,7,140977
140986,3,140983
140988,5,140983
140990,7,140983
140992,3,140989
140994,5,140989
140996,7,140989
140998,59,140939
141000,11,140989
141002,13,140989
141004,107,140897
141006,17,140989
141008,19,140989
141010,71,140939
141012,23,140989
141014,31,140983
141016,107,140909
141018,29,140989
141020,31,140989
141022,83,140939
141024,41,140983
141026,3,141023
141028,5,141023
141030,7,141023
141032,43,140989
141034,11,141023
141036,13,141023
141038,61,140977
141040,17,141023
141042,19,141023
141044,3,141041
141046,5,141041
141048,7,141041
141050,61,140989
141052,11,141041
141054,13,141041
141056,67,140989
141058,17,141041
141060,19,141041
141062,73,140989
141064,3,141061
141066,5,141061
141068,7,141061
141070,3,141067
141072,5,141067
141074,7,141067
141076,3,141073
141078,5,141073
141080,7,141073
141082,3,141079
141084,5,141079
141086,7,141079
141088,47,141041
141090,11,141079
141092,13,141079
141094,53,141041
141096,17,141079
141098,19,141079
141100,59,141041
141102,23,141079
141104,3,141101
141106,5,141101
141108,7,141101
141110,3,141107
141112,5,141107
141114,7,141107
141116,37,141079
141118,11,141107
141120,13,141107
141122,43,141079
141124,3,141121
141126,5,141121
141128,7,141121
141130,23,141107
141132,11,141121
141134,3,141131
141136,5,141131
141138,7,141131
141140,19,141121
141142,11,141131
141144,13,141131
141146,67,141079
141148,17,141131
141150,19,141131
141152,31,141121
141154,23,141131
141156,83,141073
141158,37,141121
141160,3,141157
141162,5,141157
141164,3,141161
141166,5,141161
141168,7,141161
141170,13,141157
141172,11,141161
141174,13,141161
141176,19,141157
141178,17,141161
141180,19,141161
141182,3,141179
141184,3,141181
141186,5,141181
141188,7,141181
141190,11,141179
141192,11,141181
141194,13,141181
141196,17,141179
141198,17,141181
141200,19,141181
141202,3,141199
141204,5,141199
141206,7,141199
141208,29,141179
141210,11,141199
141212,3,141209
141214,5,141209
141216,7,141209
141218,19,141199
141220,11,141209
141222,13,141209
141224,3,141221
141226,3,141223
141228,5,141223
141230,7,141223
141232,11,141221
141234,11,141223
141236,3,141233
141238,5,141233
141240,7,141233
141242,19,141223
141244,3,141241
141246,5,141241
141248,7,141241
141250,17,141233
141252,11,141241
141254,13,141241
141256,23,141233
141258,17,141241
141260,3,141257
141262,5,141257
141264,7,141257
141266,3,141263
141268,5,141263
141270,7,141263
141272,3,141269
141274,5,141269
141276,7,141269
141278,37,141241
141280,3,141277
141282,5,141277
141284,7,141277
141286,3,141283
141288,5,141283
141290,7,141283
141292,23,141269
141294,11,141283
141296,13,141283
141298,29,141269
141300,17,141283
141302,19,141283
141304,3,141301
141306,5,141301
141308,7,141301
141310,3,141307
141312,5,141307
141314,3,141311
141316,5,141311
141318,7,141311
141320,13,141307
141322,3,141319
141324,5,141319
141326,7,141319
141328,17,141311
141330,11,141319
141332,13,141319
141334,23,141311
141336,17,141319
141338,19,141319
141340,29,141311
141342,23,141319
141344,37,141307
141346,83,141263
141348,29,141319
141350,31,141319
141352,41,141311
141354,43,141311
141356,3,141353
141358,5,141353
141360,7,141353
141362,3,141359
141364,5,141359
141366,7,141359
141368,61,141307
141370,11,141359
141372,13,141359
141374,3,141371
141376,5,141371
141378,7,141371
141380,61,141319
141382,11,141371
141384,13,141371
141386,67,141319
141388,17,141371
141390,19,141371
141392,73,141319
141394,23,141371
141396,37,141359
141398,79,141319
141400,3,141397
141402,5,141397
141404,7,141397
141406,3,141403
141408,5,141403
141410,7,141403
141412,41,141371
141414,11,141403
141416,3,141413
141418,5,141413
141420,7,141413
141422,19,141403
141424,11,141413
141426,13,141413
141428,31,141397
141430,17,141413
141432,19,141413
141434,31,141403
141436,23,141413
141438,41,141397
141440,37,141403
141442,3,141439
141444,5,141439
141446,3,141443
141448,5,141443
141450,7,141443
141452,13,141439
141454,11,141443
141456,13,141443
141458,19,141439
141460,17,141443
141462,19,141443
141464,3,141461
141466,5,141461
141468,7,141461
141470,31,141439
141472,11,141461
141474,13,141461
141476,37,141439
141478,17,141461
141480,19,141461
141482,43,141439
141484,3,141481
141486,5,141481
141488,7,141481
141490,29,141461
141492,11,141481
141494,13,141481
141496,53,141443
141498,17,141481
141500,3,141497
141502,3,141499
141504,5,141499
141506,7,141499
141508,11,141497
141510,11,141499
141512,3,141509
141514,3,141511
141516,5,141511
141518,7,141511
141520,11,141509
141522,11,141511
141524,13,141511
141526,17,141509
141528,17,141511
141530,19,141511
141532,3,141529
141534,5,141529
141536,7,141529
141538,29,141509
141540,11,141529
141542,3,141539
141544,5,141539
141546,7,141539
141548,19,141529
141550,11,141539
141552,13,141539
141554,3,141551
141556,5,141551
141558,7,141551
141560,31,141529
141562,11,141551
141564,13,141551
141566,37,141529
141568,17,141551
141570,19,141551
141572,43,141529
141574,23,141551
141576,37,141539
141578,67,141511
141580,29,141551
141582,31,141551
141584,73,141511
141586,47,141539
141588,37,141551
141590,3,141587
141592,5,141587
141594,7,141587
141596,67,141529
141598,11,141587
141600,13,141587
141602,73,141529
141604,3,141601
141606,5,141601
141608,7,141601
141610,23,141587
141612,11,141601
141614,13,141601
141616,3,141613
141618,5,141613
141620,7,141613
141622,3,141619
141624,5,141619
141626,3,141623
141628,5,141623
141630,7,141623
141632,3,141629
141634,5,141629
141636,7,141629
141638,19,141619
141640,3,141637
141642,5,141637
141644,7,141637
141646,17,141629
141648,11,141637
141650,13,141637
141652,3,141649
141654,5,141649
141656,3,141653
141658,5,141653
141660,7,141653
141662,13,141649
141664,11,141653
141666,13,141653
141668,19,141649
141670,3,141667
141672,5,141667
141674,3,141671
141676,5,141671
141678,7,141671
141680,3,141677
141682,3,141679
141684,5,141679
141686,7,141679
141688,11,141677
141690,11,141679
141692,3,141689
141694,5,141689
141696,7,141689
141698,19,141679
141700,3,141697
141702,5,141697
141704,7,141697
141706,17,141689
141708,11,141697
141710,3,141707
141712,3,141709
141714,5,141709
141716,7,141709
141718,11,141707
141720,11,141709
141722,3,141719
141724,5,141719
141726,7,141719
141728,19,141709
141730,11,141719
141732,13,141719
141734,3,141731
141736,5,141731
141738,7,141731
141740,31,141709
141742,11,141731
141744,13,141731
141746,37,141709
141748,17,141731
141750,19,141731
141752,43,141709
141754,23,141731
141756,37,141719
141758,61,141697
141760,29,141731
141762,31,141731
141764,3,141761
141766,5,141761
141768,7,141761
141770,3,141767
141772,3,141769
141774,5,141769
141776,3,141773
141778,5,141773
141780,7,141773
141782,13,141769
141784,11,141773
141786,13,141773
141788,19,141769
141790,17,141773
141792,19,141773
141794,97,141697
141796,3,141793
141798,5,141793
141800,7,141793
141802,29,141773
141804,11,141793
141806,3,141803
141808,5,141803
141810,7,141803
141812,19,141793
141814,3,141811
141816,5,141811
141818,7,141811
141820,17,141803
141822,11,141811
141824,13,141811
141826,23,141803
141828,17,141811
141830,19,141811
141832,3,141829
141834,5,141829
141836,3,141833
141838,5,141833
141840,7,141833
141842,13,141829
141844,11,141833
141846,13,141833
141848,19,141829
141850,17,141833
141852,19,141833
141854,3,141851
141856,3,141853
141858,5,141853
141860,7,141853
141862,11,141851
141864,11,141853
141866,3,141863
141868,5,141863
141870,7,141863
141872,19,141853
141874,3,141871
141876,5,141871
141878,7,141871
141880,17,141863
141882,11,141871
141884,13,141871
141886,23,141863
141888,17,141871
141890,19,141871
141892,29,141863
141894,23,141871
141896,43,141853
141898,47,141851
141900,29,141871
141902,31,141871
141904,41,141863
141906,43,141863
141908,37,141871
141910,3,141907
141912,5,141907
141914,7,141907
141916,53,141863
141918,11,141907
141920,3,141917
141922,5,141917
141924,7,141917
141926,19,141907
141928,11,141917
141930,13,141917
141932,61,141871
141934,3,141931
141936,5,141931
141938,7,141931
141940,3,141937
141942,5,141937
141944,3,141941
141946,5,141941
141948,7,141941
141950,13,141937
141952,11,141941
141954,13,141941
141956,19,141937
141958,17,141941
141960,19,141941
141962,3,141959
141964,3,141961
141966,5,141961
141968,7,141961
141970,11,141959
141972,11,141961
141974,3,141971
141976,5,141971
141978,7,141971
141980,19,141961
141982,11,141971
141984,13,141971
141986,79,141907
141988,17,141971
141990,19,141971
141992,31,141961
141994,3,141991
141996,5,141991
141998,7,141991
142000,29,141971
142002,11,141991
142004,13,141991
142006,47,141959
142008,17,141991
142010,3,142007
142012,5,142007
142014,7,142007
142016,79,141937
142018,11,142007
142020,13,142007
142022,3,142019
142024,5,142019
142026,7,142019
142028,37,141991
142030,11,142019
142032,13,142019
142034,3,142031
142036,5,142031
142038,7,142031
142040,79,141961
142042,3,142039
142044,5,142039
142046,7,142039
142048,17,142031
142050,11,142039
142052,3,142049
142054,5,142049
142056,7,142049
142058,19,142039
142060,3,142057
142062,5,142057
142064,3,142061
142066,5,142061
142068,7,142061
142070,3,142067
142072,5,142067
142074,7,142067
142076,19,142057
142078,11,142067
142080,13,142067
142082,43,142039
142084,17,142067
142086,19,142067
142088,31,142057
142090,23,142067
142092,31,142061
142094,37,142057
142096,29,142067
142098,31,142067
142100,3,142097
142102,3,142099
142104,5,142099
142106,7,142099
142108,11,142097
142110,11,142099
142112,13,142099
142114,3,142111
142116,5,142111
142118,7,142111
142120,23,142097
142122,11,142111
142124,13,142111
142126,3,142123
142128,5,142123
142130,7,142123
142132,71,142061
142134,11,142123
142136,13,142123
142138,41,142097
142140,17,142123
142142,19,142123
142144,47,142097
142146,23,142123
142148,37,142111
142150,53,142097
142152,29,142123
142154,3,142151
142156,5,142151
142158,7,142151
142160,3,142157
142162,3,142159
142164,5,142159
142166,7,142159
142168,11,142157
142170,11,142159
142172,3,142169
142174,5,142169
142176,7,142169
142178,19,142159
142180,11,142169
142182,13,142169
142184,61,142123
142186,3,142183
142188,5,142183
142190,7,142183
142192,3,142189
142194,5,142189
142196,3,142193
142198,5,142193
142200,7,142193
142202,13,142189
142204,11,142193
142206,13,142193
142208,19,142189
142210,17,142193
142212,19,142193
142214,3,142211
142216,5,142211
142218,7,142211
142220,3,142217
142222,5,142217
142224,7,142217
142226,3,142223
142228,5,142223
142230,7,142223
142232,43,142189
142234,3,142231
142236,5,142231
142238,7,142231
142240,3,142237
142242,5,142237
142244,7,142237
142246,23,142223
142248,11,142237
142250,13,142237
142252,29,142223
142254,17,142237
142256,19,142237
142258,41,142217
142260,23,142237
142262,31,142231
142264,41,142223
142266,29,142237
142268,31,142237
142270,47,142223
142272,41,142231
142274,3,142271
142276,5,142271
142278,7,142271
142280,43,142237
142282,11,142271
142284,13,142271
142286,97,142189
142288,17,142271
142290,19,142271
142292,61,142231
142294,23,142271
142296,59,142237
142298,61,142237
142300,3,142297
142302,5,142297
142304,7,142297
142306,83,142223
142308,11,142297
142310,13,142297
142312,41,142271
142314,17,142297
142316,19,142297
142318,47,142271
142320,23,142297
142322,3,142319
142324,5,142319
142326,7,142319
142328,31,142297
142330,3,142327
142332,5,142327
142334,7,142327
142336,17,142319
142338,11,142327
142340,13,142327
142342,23,142319
142344,17,142327
142346,19,142327
142348,29,142319
142350,23,142327
142352,163,142189
142354,83,142271
142356,29,142327
142358,31,142327
142360,3,142357
142362,5,142357
142364,7,142357
142366,47,142319
142368,11,142357
142370,13,142357
142372,3,142369
142374,5,142369
142376,7,142369
142378,59,142319
142380,11,142369
142382,13,142369
142384,3,142381
142386,5,142381
142388,7,142381
142390,71,142319
142392,11,142381
142394,3,142391
142396,5,142391
142398,7,142391
142400,19,142381
142402,11,142391
142404,13,142391
142406,3,142403
142408,5,142403
142410,7,142403
142412,31,142381
142414,11,142403
142416,13,142403
142418,37,142381
142420,17,142403
142422,19,142403
142424,3,142421
142426,5,142421
142428,7,142421
142430,3,142427
142432,5,142427
142434,7,142427
142436,3,142433
142438,5,142433
142440,7,142433
142442,61,142381
142444,11,142433
142446,13,142433
142448,67,142381
142450,17,142433
142452,19,142433
142454,73,142381
142456,3,142453
142458,5,142453
142460,7,142453
142462,29,142433
142464,11,142453
142466,13,142453
142468,41,142427
142470,17,142453
142472,3,142469
142474,5,142469
142476,7,142469
142478,97,142381
142480,11,142469
142482,13,142469
142484,31,142453
142486,17,142469
142488,19,142469
142490,37,142453
142492,23,142469
142494,41,142453
142496,43,142453
142498,29,142469
142500,31,142469
142502,271,142231
142504,3,142501
142506,5,142501
142508,7,142501
142510,41,142469
142512,11,142501
142514,13,142501
142516,47,142469
142518,17,142501
142520,19,142501
142522,53,142469
142524,23,142501
142526,73,142453
142528,59,142469
142530,29,142501
142532,3,142529
142534,5,142529
142536,7,142529
142538,37,142501
142540,3,142537
142542,5,142537
142544,7,142537
142546,3,142543
142548,5,142543
142550,3,142547
142552,5,142547
142554,7,142547
142556,3,142553
142558,5,142553
142560,7,142553
142562,3,142559
142564,5,142559
142566,7,142559
142568,31,142537
142570,3,142567
142572,5,142567
142574,7,142567
142576,3,142573
142578,5,142573
142580,7,142573
142582,23,142559
142584,11,142573
142586,13,142573
142588,29,142559
142590,17,142573
142592,3,142589
142594,3,142591
142596,5,142591
142598,7,142591
142600,11,142589
142602,11,142591
142604,3,142601
142606,5,142601
142608,7,142601
142610,3,142607
142612,3,142609
142614,5,142609
142616,7,142609
142618,11,142607
142620,11,142609
142622,3,142619
142624,5,142619
142626,7,142619
142628,19,142609
142630,11,142619
142632,13,142619
142634,43,142591
142636,17,142619
142638,19,142619
142640,31,142609
142642,23,142619
142644,37,142607
142646,37,142609
142648,29,142619
142650,31,142619
142652,43,142609
142654,47,142607
142656,37,142619
142658,67,142591
142660,3,142657
142662,5,142657
142664,7,142657
142666,47,142619
142668,11,142657
142670,13,142657
142672,53,142619
142674,17,142657
142676,3,142673
142678,5,142673
142680,7,142673
142682,73,142609
142684,11,142673
142686,13,142673
142688,31,142657
142690,17,142673
142692,19,142673
142694,37,142657
142696,23,142673
142698,41,142657
142700,3,142697
142702,3,142699
142704,5,142699
142706,7,142699
142708,11,142697
142710,11,142699
142712,13,142699
142714,3,142711
142716,5,142711
142718,7,142711
142720,23,142697
142722,11,142711
142724,13,142711
142726,29,142697
142728,17,142711
142730,19,142711
142732,59,142673
142734,23,142711
142736,3,142733
142738,5,142733
142740,7,142733
142742,31,142711
142744,11,142733
142746,13,142733
142748,37,142711
142750,17,142733
142752,19,142733
142754,43,142711
142756,23,142733
142758,47,142711
142760,3,142757
142762,3,142759
142764,5,142759
142766,7,142759
142768,11,142757
142770,11,142759
142772,13,142759
142774,3,142771
142776,5,142771
142778,7,142771
142780,23,142757
142782,11,142771
142784,13,142771
142786,29,142757
142788,17,142771
142790,3,142787
142792,3,142789
142794,5,142789
142796,7,142789
142798,11,142787
142800,11,142789
142802,3,142799
142804,5,142799
142806,7,142799
142808,19,142789
142810,11,142799
142812,13,142799
142814,3,142811
142816,5,142811
142818,7,142811
142820,31,142789
142822,11,142811
142824,13,142811
142826,37,142789
142828,17,142811
142830,19,142811
142832,43,142789
142834,23,142811
142836,37,142799
142838,67,142771
142840,3,142837
142842,5,142837
142844,3,142841
142846,5,142841
142848,7,142841
142850,13,142837
142852,11,142841
142854,13,142841
142856,19,142837
142858,17,142841
142860,19,142841
142862,73,142789
142864,23,142841
142866,29,142837
142868,31,142837
142870,3,142867
142872,5,142867
142874,3,142871
142876,3,142873
142878,5,142873
142880,7,142873
142882,11,142871
142884,11,142873
142886,13,142873
142888,17,142871
142890,17,142873
142892,19,142873
142894,23,142871
142896,23,142873
142898,31,142867
142900,3,142897
142902,5,142897
142904,7,142897
142906,3,142903
142908,5,142903
142910,3,142907
142912,5,142907
142914,7,142907
142916,13,142903
142918,11,142907
142920,13,142907
142922,19,142903
142924,17,142907
142926,19,142907
142928,31,142897
142930,23,142907
142932,29,142903
142934,31,142903
142936,29,142907
142938,31,142907
142940,37,142903
142942,3,142939
142944,5,142939
142946,7,142939
142948,41,142907
142950,11,142939
142952,3,142949
142954,5,142949
142956,7,142949
142958,19,142939
142960,11,142949
142962,13,142949
142964,61,142903
142966,3,142963
142968,5,142963
142970,7,142963
142972,3,142969
142974,5,142969
142976,3,142973
142978,5,142973
142980,7,142973
142982,3,142979
142984,3,142981
142986,5,142981
142988,7,142981
142990,11,142979
142992,11,142981
142994,13,142981
142996,3,142993
142998,5,142993
143000,7,142993
143002,23,142979
143004,11,142993
143006,13,142993
143008,29,142979
143010,17,142993
143012,19,142993
143014,41,142973
143016,23,142993
143018,37,142981
143020,41,142979
143022,29,142993
143024,31,142993
143026,47,142979
143028,47,142981
143030,37,142993
143032,53,142979
143034,41,142993
143036,43,142993
143038,59,142979
143040,47,142993
143042,61,142981
143044,71,142973
143046,53,142993
143048,67,142981
143050,71,142979
143052,59,142993
143054,61,142993
143056,3,143053
143058,5,143053
143060,7,143053
143062,83,142979
143064,11,143053
143066,3,143063
143068,5,143063
143070,7,143063
143072,19,143053
143074,11,143063
143076,13,143063
143078,97,142981
143080,17,143063
143082,19,143063
143084,31,143053
143086,23,143063
143088,107,142981
143090,37,143053
143092,29,143063
143094,31,143063
143096,3,143093
143098,5,143093
143100,7,143093
143102,109,142993
143104,11,143093
143106,13,143093
143108,127,142981
143110,3,143107
143112,5,143107
143114,3,143111
143116,3,143113
143118,5,143113
143120,7,143113
143122,11,143111
143124,11,143113
143126,13,143113
143128,17,143111
143130,17,143113
143132,19,143113
143134,23,143111
143136,23,143113
143138,31,143107
143140,3,143137
143142,5,143137
143144,3,143141
143146,5,143141
143148,7,143141
143150,13,143137
143152,11,143141
143154,13,143141
143156,19,143137
143158,17,143141
143160,19,143141
143162,3,143159
143164,5,143159
143166,7,143159
143168,31,143137
143170,11,143159
143172,13,143159
143174,37,143137
143176,17,143159
143178,19,143159
143180,3,143177
143182,5,143177
143184,7,143177
143186,73,143113
143188,11,143177
143190,13,143177
143192,79,143113
143194,17,143177
143196,19,143177
143198,61,143137
143200,3,143197
143202,5,143197
143204,7,143197
143206,29,143177
143208,11,143197
143210,13,143197
143212,53,143159
143214,17,143197
143216,19,143197
143218,41,143177
143220,23,143197
143222,109,143113
143224,47,143177
143226,29,143197
143228,31,143197
143230,53,143177
143232,73,143159
143234,37,143197
143236,59,143177
143238,41,143197
143240,43,143197
143242,3,143239
143244,5,143239
143246,3,143243
143248,5,143243
143250,7,143243
143252,3,143249
143254,5,143249
143256,7,143249
143258,19,143239
143260,3,143257
143262,5,143257
143264,3,143261
143266,3,143263
143268,5,143263
143270,7,143263
143272,11,143261
143274,11,143263
143276,13,143263
143278,17,143261
143280,17,143263
143282,19,143263
143284,3,143281
143286,5,143281
143288,7,143281
143290,3,143287
143292,5,143287
143294,3,143291
143296,5,143291
143298,7,143291
143300,13,143287
143302,11,143291
143304,13,143291
143306,19,143287
143308,17,143291
143310,19,143291
143312,31,143281
143314,23,143291
143316,29,143287
143318,31,143287
143320,29,143291
143322,31,143291
143324,37,143287
143326,83,143243
143328,37,143291
143330,43,143287
143332,3,143329
143334,5,143329
143336,3,143333
143338,5,143333
143340,7,143333
143342,13,143329
143344,11,143333
143346,13,143333
143348,19,143329
143350,17,143333
143352,19,143333
143354,67,143287
143356,23,143333
143358,29,143329
143360,3,143357
143362,5,143357
143364,7,143357
143366,37,143329
143368,11,143357
143370,13,143357
143372,43,143329
143374,17,143357
143376,19,143357
143378,97,143281
143380,23,143357
143382,53,143329
143384,97,143287
143386,29,143357
143388,31,143357
143390,3,143387
143392,5,143387
143394,7,143387
143396,67,143329
143398,11,143387
143400,13,143387
143402,73,143329
143404,3,143401
143406,5,143401
143408,7,143401
143410,23,143387
143412,11,143401
143414,13,143401
143416,3,143413
143418,5,143413
143420,7,143413
143422,3,143419
143424,5,143419
143426,7,143419
143428,41,143387
143430,11,143419
143432,13,143419
143434,47,143387
143436,17,143419
143438,19,143419
143440,53,143387
143442,23,143419
143444,31,143413
143446,3,143443
143448,5,143443
143450,7,143443
143452,191,143261
143454,11,143443
143456,13,143443
143458,71,143387
143460,17,143443
143462,19,143443
143464,3,143461
143466,5,143461
143468,7,143461
143470,3,143467
143472,5,143467
143474,7,143467
143476,89,143387
143478,11,143467
143480,3,143477
143482,5,143477
143484,7,143477
143486,3,143483
143488,5,143483
143490,7,143483
143492,3,143489
143494,5,143489
143496,7,143489
143498,31,143467
143500,11,143489
143502,13,143489
143504,3,143501
143506,3,143503
143508,5,143503
143510,7,143503
143512,3,143509
143514,5,143509
143516,3,143513
143518,5,143513
143520,7,143513
143522,3,143519
143524,5,143519
143526,7,143519
143528,19,143509
143530,3,143527
143532,5,143527
143534,7,143527
143536,17,143519
143538,11,143527
143540,3,143537
143542,5,143537
143544,7,143537
143546,19,143527
143548,11,143537
143550,13,143537
143552,43,143509
143554,3,143551
143556,5,143551
143558,7,143551
143560,23,143537
143562,11,143551
143564,13,143551
143566,29,143537
143568,17,143551
143570,3,143567
143572,3,143569
143574,5,143569
143576,3,143573
143578,5,143573
143580,7,143573
143582,13,143569
143584,11,143573
143586,13,143573
143588,19,143569
143590,17,143573
143592,19,143573
143594,43,143551
143596,3,143593
143598,5,143593
143600,7,143593
143602,29,143573
143604,11,143593
143606,13,143593
143608,41,143567
143610,17,143593
143612,3,143609
143614,5,143609
143616,7,143609
143618,67,143551
143620,3,143617
143622,5,143617
143624,7,143617
143626,17,143609
143628,11,143617
143630,13,143617
143632,3,143629
143634,5,143629
143636,7,143629
143638,29,143609
143640,11,143629
143642,13,143629
143644,71,143573
143646,17,143629
143648,19,143629
143650,41,143609
143652,23,143629
143654,3,143651
143656,3,143653
143658,5,143653
143660,7,143653
143662,11,143651
143664,11,143653
143666,13,143653
143668,17,143651
143670,17,143653
143672,3,143669
143674,5,143669
143676,7,143669
143678,61,143617
143680,3,143677
143682,5,143677
143684,7,143677
143686,17,143669
143688,11,143677
143690,3,143687
143692,5,143687
143694,7,143687
143696,19,143677
143698,11,143687
143700,13,143687
143702,3,143699
143704,5,143699
143706,7,143699
143708,31,143677
143710,11,143699
143712,13,143699
143714,3,143711
143716,5,143711
143718,7,143711
143720,43,143677
143722,3,143719
143724,5,143719
143726,7,143719
143728,17,143711
143730,11,143719
143732,3,143729
143734,5,143729
143736,7,143729
143738,19,143719
143740,11,143729
143742,13,143729
143744,67,143677
143746,3,143743
143748,5,143743
143750,7,143743
143752,23,143729
143754,11,143743
143756,13,143743
143758,29,143729
143760,17,143743
143762,19,143743
143764,53,143711
143766,23,143743
143768,139,143629
143770,41,143729
143772,29,143743
143774,31,143743
143776,47,143729
143778,59,143719
143780,37,143743
143782,3,143779
143784,5,143779
143786,7,143779
143788,59,143729
143790,11,143779
143792,13,143779
143794,3,143791
143796,5,143791
143798,7,143791
143800,3,143797
143802,5,143797
143804,7,143797
143806,107,143699
143808,11,143797
143810,3,143807
143812,5,143807
143814,7,143807
143816,3,143813
143818,5,143813
143820,7,143813
143822,31,143791
143824,3,143821
143826,5,143821
143828,7,143821
143830,3,143827
143832,5,143827
143834,3,143831
143836,3,143833
143838,5,143833
143840,7,143833
143842,11,143831
143844,11,143833
143846,13,143833
143848,17,143831
143850,17,143833
143852,19,143833
143854,23,143831
143856,23,143833
143858,31,143827
143860,29,143831
143862,29,143833
143864,31,143833
143866,53,143813
143868,37,143831
143870,37,143833
143872,41,143831
143874,41,143833
143876,3,143873
143878,5,143873
143880,7,143873
143882,3,143879
143884,3,143881
143886,5,143881
143888,7,143881
143890,11,143879
143892,11,143881
143894,13,143881
143896,17,143879
143898,17,143881
143900,19,143881
143902,23,143879
143904,23,143881
143906,73,143833
143908,29,143879
143910,29,143881
143912,3,143909
143914,5,143909
143916,7,143909
143918,37,143881
143920,11,143909
143922,13,143909
143924,43,143881
143926,17,143909
143928,19,143909
143930,97,143833
143932,23,143909
143934,53,143881
143936,103,143833
143938,29,143909
143940,31,143909
143942,61,143881
143944,71,143873
143946,37,143909
143948,67,143881
143950,3,143947
143952,5,143947
143954,7,143947
143956,3,143953
143958,5,143953
143960,7,143953
143962,53,143909
143964,11,143953
143966,13,143953
143968,59,143909
143970,17,143953
143972,19,143953
143974,3,143971
143976,5,143971
143978,7,143971
143980,3,143977
143982,5,143977
143984,3,143981
143986,5,143981
143988,7,143981
143990,13,143977
143992,11,143981
143994,13,143981
143996,19,143977
143998,17,143981
144000,19,143981
144002,3,143999
144004,5,143999
144006,7,143999
144008,31,143977
144010,11,143999
144012,13,143999
144014,37,143977
144016,3,144013
144018,5,144013
144020,7,144013
144022,23,143999
144024,11,144013
144026,13,144013
144028,29,143999
144030,17,144013
144032,19,144013
144034,3,144031
144036,5,144031
144038,7,144031
144040,3,144037
144042,5,144037
144044,7,144037
144046,47,143999
144048,11,144037
144050,13,144037
144052,53,143999
144054,17,144037
144056,19,144037
144058,59,143999
144060,23,144037
144062,31,144031
144064,3,144061
144066,5,144061
144068,7,144061
144070,71,143999
144072,11,144061
144074,3,144071
144076,3,144073
144078,5,144073
144080,7,144073
144082,11,144071
144084,11,144073
144086,13,144073
144088,17,144071
144090,17,144073
144092,19,144073
144094,23,144071
144096,23,144073
144098,37,144061
144100,29,144071
144102,29,144073
144104,31,144073
144106,3,144103
144108,5,144103
144110,7,144103
144112,41,144071
144114,11,144103
144116,13,144103
144118,47,144071
144120,17,144103
144122,19,144103
144124,53,144071
144126,23,144103
144128,67,144061
144130,59,144071
144132,29,144103
144134,31,144103
144136,137,143999
144138,67,144071
144140,37,144103
144142,3,144139
144144,5,144139
144146,7,144139
144148,149,143999
144150,11,144139
144152,13,144139
144154,83,144071
144156,17,144139
144158,19,144139
144160,89,144071
144162,23,144139
144164,3,144161
144166,3,144163
144168,5,144163
144170,3,144167
144172,3,144169
144174,5,144169
144176,3,144173
144178,5,144173
144180,7,144173
144182,13,144169
144184,11,144173
144186,13,144173
144188,19,144169
144190,17,144173
144192,19,144173
144194,31,144163
144196,23,144173
144198,29,144169
144200,31,144169
144202,29,144173
144204,31,144173
144206,3,144203
144208,5,144203
144210,7,144203
144212,43,144169
144214,11,144203
144216,13,144203
144218,79,144139
144220,17,144203
144222,19,144203
144224,61,144163
144226,3,144223
144228,5,144223
144230,7,144223
144232,29,144203
144234,11,144223
144236,13,144223
144238,71,144167
144240,17,144223
144242,19,144223
144244,3,144241
144246,5,144241
144248,7,144241
144250,3,144247
144252,5,144247
144254,7,144247
144256,3,144253
144258,5,144253
144260,7,144253
144262,3,144259
144264,5,144259
144266,7,144259
144268,101,144167
144270,11,144259
144272,13,144259
144274,3,144271
144276,5,144271
144278,7,144271
144280,107,144173
144282,11,144271
144284,13,144271
144286,83,144203
144288,17,144271
144290,19,144271
144292,3,144289
144294,5,144289
144296,7,144289
144298,131,144167
144300,11,144289
144302,3,144299
144304,5,144299
144306,7,144299
144308,19,144289
144310,3,144307
144312,5,144307
144314,3,144311
144316,5,144311
144318,7,144311
144320,13,144307
144322,11,144311
144324,13,144311
144326,3,144323
144328,5,144323
144330,7,144323
144332,43,144289
144334,11,144323
144336,13,144323
144338,31,144307
144340,17,144323
144342,19,144323
144344,3,144341
144346,5,144341
144348,7,144341
144350,43,144307
144352,3,144349
144354,5,144349
144356,7,144349
144358,17,144341
144360,11,144349
144362,13,144349
144364,23,144341
144366,17,144349
144368,19,144349
144370,29,144341
144372,23,144349
144374,67,144307
144376,53,144323
144378,29,144349
144380,31,144349
144382,3,144379
144384,5,144379
144386,3,144383
144388,5,144383
144390,7,144383
144392,13,144379
144394,11,144383
144396,13,144383
144398,19,144379
144400,17,144383
144402,19,144383
144404,97,144307
144406,23,144383
144408,29,144379
144410,3,144407
144412,3,144409
144414,5,144409
144416,3,144413
144418,5,144413
144420,7,144413
144422,13,144409
144424,11,144413
144426,13,144413
144428,19,144409
144430,3,144427
144432,5,144427
144434,7,144427
144436,23,144413
144438,11,144427
144440,13,144427
144442,3,144439
144444,5,144439
144446,7,144439
144448,41,144407
144450,11,144439
144452,13,144439
144454,3,144451
144456,5,144451
144458,7,144451
144460,47,144413
144462,11,144451
144464,3,144461
144466,5,144461
144468,7,144461
144470,19,144451
144472,11,144461
144474,13,144461
144476,37,144439
144478,17,144461
144480,19,144461
144482,3,144479
144484,3,144481
144486,5,144481
144488,7,144481
144490,11,144479
144492,11,144481
144494,13,144481
144496,17,144479
144498,17,144481
144500,3,144497
144502,5,144497
144504,7,144497
144506,67,144439
144508,11,144497
144510,13,144497
144512,31,144481
144514,3,144511
144516,5,144511
144518,7,144511
144520,23,144497
144522,11,144511
144524,13,144511
144526,29,144497
144528,17,144511
144530,19,144511
144532,53,144479
144534,23,144511
144536,97,144439
144538,41,144497
144540,29,144511
144542,3,144539
144544,3,144541
144546,5,144541
144548,7,144541
144550,11,144539
144552,11,144541
144554,13,144541
144556,17,144539
144558,17,144541
144560,19,144541
144562,23,144539
144564,23,144541
144566,3,144563
144568,5,144563
144570,7,144563
144572,3,144569
144574,5,144569
144576,7,144569
144578,37,144541
144580,3,144577
144582,5,144577
144584,7,144577
144586,3,144583
144588,5,144583
144590,7,144583
144592,3,144589
144594,5,144589
144596,3,144593
144598,5,144593
144600,7,144593
144602,13,144589
144604,11,144593
144606,13,144593
144608,19,144589
144610,17,144593
144612,19,144593
144614,3,144611
144616,5,144611
144618,7,144611
144620,31,144589
144622,11,144611
144624,13,144611
144626,37,144589
144628,17,144611
144630,19,144611
144632,3,144629
144634,5,144629
144636,7,144629
144638,61,144577
144640,11,144629
144642,13,144629
144644,61,144583
144646,17,144629
144648,19,144629
144650,61,144589
144652,23,144629
144654,43,144611
144656,67,144589
144658,29,144629
144660,31,144629
144662,3,144659
144664,5,144659
144666,7,144659
144668,79,144589
144670,3,144667
144672,5,144667
144674,3,144671
144676,5,144671
144678,7,144671
144680,13,144667
144682,11,144671
144684,13,144671
144686,19,144667
144688,17,144671
144690,19,144671
144692,103,144589
144694,23,144671
144696,29,144667
144698,31,144667
144700,29,144671
144702,31,144671
144704,3,144701
144706,5,144701
144708,7,144701
144710,43,144667
144712,3,144709
144714,5,144709
144716,7,144709
144718,17,144701
144720,11,144709
144722,3,144719
144724,5,144719
144726,7,144719
144728,19,144709
144730,11,144719
144732,13,144719
144734,3,144731
144736,5,144731
144738,7,144731
144740,3,144737
144742,5,144737
144744,7,144737
144746,37,144709
144748,11,144737
144750,13,144737
144752,43,144709
144754,3,144751
144756,5,144751
144758,7,144751
144760,3,144757
144762,5,144757
144764,7,144757
144766,3,144763
144768,5,144763
144770,7,144763
144772,41,144731
144774,11,144763
144776,3,144773
144778,5,144773
144780,7,144773
144782,3,144779
144784,5,144779
144786,7,144779
144788,31,144757
144790,11,144779
144792,13,144779
144794,3,144791
144796,5,144791
144798,7,144791
144800,37,144763
144802,11,144791
144804,13,144791
144806,43,144763
144808,17,144791
144810,19,144791
144812,61,144751
144814,23,144791
144816,37,144779
144818,61,144757
144820,3,144817
144822,5,144817
144824,7,144817
144826,47,144779
144828,11,144817
144830,13,144817
144832,3,144829
144834,5,144829
144836,7,144829
144838,47,144791
144840,11,144829
144842,3,144839
144844,5,144839
144846,7,144839
144848,19,144829
144850,3,144847
144852,5,144847
144854,7,144847
144856,17,144839
144858,11,144847
144860,13,144847
144862,23,144839
144864,17,144847
144866,19,144847
144868,29,144839
144870,23,144847
144872,43,144829
144874,83,144791
144876,29,144847
144878,31,144847
144880,41,144839
144882,43,144839
144884,37,144847
144886,3,144883
144888,5,144883
144890,3,144887
144892,3,144889
144894,5,144889
144896,7,144889
144898,11,144887
144900,11,144889
144902,3,144899
144904,5,144899
144906,7,144899
144908,19,144889
144910,11,144899
144912,13,144899
144914,31,144883
144916,17,144899
144918,19,144899
144920,3,144917
144922,5,144917
144924,7,144917
144926,37,144889
144928,11,144917
144930,13,144917
144932,43,144889
144934,3,144931
144936,5,144931
144938,7,144931
144940,23,144917
144942,11,144931
144944,3,144941
144946,5,144941
144948,7,144941
144950,19,144931
144952,11,144941
144954,13,144941
144956,67,144889
144958,17,144941
144960,19,144941
144962,31,144931
144964,3,144961
144966,5,144961
144968,7,144961
144970,3,144967
144972,5,144967
144974,7,144967
144976,3,144973
144978,5,144973
144980,7,144973
144982,41,144941
144984,11,144973
144986,3,144983
144988,5,144983
144990,7,144983
144992,19,144973
144994,11,144983
144996,13,144983
144998,31,144967
145000,17,144983
145002,19,144983
145004,31,144973
145006,23,144983
145008,41,144967
145010,3,145007
145012,3,145009
145014,5,145009
145016,7,145009
145018,11,145007
145020,11,145009
145022,13,145009
145024,3,145021
145026,5,145021
145028,7,145021
145030,23,145007
145032,11,145021
145034,3,145031
145036,5,145031
145038,7,145031
145040,3,145037
145042,5,145037
145044,7,145037
145046,3,145043
145048,5,145043
145050,7,145043
145052,31,145021
145054,11,145043
145056,13,145043
145058,37,145021
145060,17,145043
145062,19,145043
145064,43,145021
145066,3,145063
145068,5,145063
145070,7,145063
145072,3,145069
145074,5,145069
145076,7,145069
145078,41,145037
145080,11,145069
145082,13,145069
145084,41,145043
145086,17,145069
145088,19,145069
145090,47,145043
145092,23,145069
145094,3,145091
145096,5,145091
145098,7,145091
145100,31,145069
145102,11,145091
145104,13,145091
145106,37,145069
145108,17,145091
145110,19,145091
145112,3,145109
145114,5,145109
145116,7,145109
145118,97,145021
145120,11,145109
145122,13,145109
145124,3,145121
145126,5,145121
145128,7,145121
145130,61,145069
145132,11,145121
145134,13,145121
145136,3,145133
145138,5,145133
145140,7,145133
145142,3,145139
145144,5,145139
145146,7,145139
145148,79,145069
145150,11,145139
145152,13,145139
145154,181,144973
145156,17,145139
145158,19,145139
145160,97,145063
145162,23,145139
145164,31,145133
145166,97,145069
145168,29,145139
145170,31,145139
145172,103,145069
145174,41,145133
145176,37,145139
145178,109,145069
145180,3,145177
145182,5,145177
145184,7,145177
145186,47,145139
145188,11,145177
145190,13,145177
145192,53,145139
145194,17,145177
145196,3,145193
145198,5,145193
145200,7,145193
145202,139,145063
145204,11,145193
145206,13,145193
145208,31,145177
145210,3,145207
145212,5,145207
145214,7,145207
145216,3,145213
145218,5,145213
145220,7,145213
145222,3,145219
145224,5,145219
145226,7,145219
145228,89,145139
145230,11,145219
145232,13,145219
145234,41,145193
145236,17,145219
145238,19,145219
145240,47,145193
145242,23,145219
145244,31,145213
145246,53,145193
145248,29,145219
145250,31,145219
145252,59,145193
145254,41,145213
145256,3,145253
145258,5,145253
145260,7,145253
145262,3,145259
145264,5,145259
145266,7,145259
145268,61,145207
145270,3,145267
145272,5,145267
145274,7,145267
145276,17,145259
145278,11,145267
145280,13,145267
145282,23,145259
145284,17,145267
145286,3,145283
145288,5,145283
145290,7,145283
145292,3,145289
145294,5,145289
145296,7,145289
145298,31,145267
145300,11,145289
145302,13,145289
145304,37,145267
145306,3,145303
145308,5,145303
145310,3,145307
145312,5,145307
145314,7,145307
145316,13,145303
145318,11,145307
145320,13,145307
145322,19,145303
145324,17,145307
145326,19,145307
145328,61,145267
145330,23,145307
145332,29,145303
145334,31,145303
145336,29,145307
145338,31,145307
145340,37,145303
145342,53,145289
145344,37,145307
145346,43,145303
145348,41,145307
145350,43,145307
145352,3,145349
145354,5,145349
145356,7,145349
145358,139,145219
145360,11,145349
145362,13,145349
145364,3,145361
145366,5,145361
145368,7,145361
145370,67,145303
145372,11,145361
145374,13,145361
145376,73,145303
145378,17,145361
145380,19,145361
145382,79,145303
145384,3,145381
145386,5,145381
145388,7,145381
145390,29,145361
145392,11,145381
145394,3,145391
145396,5,145391
145398,7,145391
145400,19,145381
145402,3,145399
145404,5,145399
145406,7,145399
145408,17,145391
145410,11,145399
145412,13,145399
145414,23,145391
145416,17,145399
145418,19,145399
145420,3,145417
145422,5,145417
145424,7,145417
145426,3,145423
145428,5,145423
145430,7,145423
145432,41,145391
145434,11,145423
145436,3,145433
145438,5,145433
145440,7,145433
145442,19,145423
145444,3,145441
145446,5,145441
145448,7,145441
145450,17,145433
145452,11,145441
145454,3,145451
145456,5,145451
145458,7,145451
145460,19,145441
145462,3,145459
145464,5,145459
145466,3,145463
145468,5,145463
145470,7,145463
145472,13,145459
145474,3,145471
145476,5,145471
145478,7,145471
145480,3,145477
145482,5,145477
145484,7,145477
145486,23,145463
145488,11,145477
145490,3,145487
145492,5,145487
145494,7,145487
145496,19,145477
145498,11,145487
145500,13,145487
145502,31,145471
145504,3,145501
145506,5,145501
145508,7,145501
145510,23,145487
145512,11,145501
145514,3,145511
145516,3,145513
145518,5,145513
145520,3,145517
145522,5,145517
145524,7,145517
145526,13,145513
145528,11,145517
145530,13,145517
145532,19,145513
145534,3,145531
145536,5,145531
145538,7,145531
145540,23,145517
145542,11,145531
145544,13,145531
145546,3,145543
145548,5,145543
145550,3,145547
145552,3,145549
145554,5,145549
145556,7,145549
145558,11,145547
145560,11,145549
145562,13,145549
145564,17,145547
145566,17,145549
145568,19,145549
145570,23,145547
145572,23,145549
145574,31,145543
145576,29,145547
145578,29,145549
145580,3,145577
145582,5,145577
145584,7,145577
145586,37,145549
145588,11,145577
145590,13,145577
145592,3,145589
145594,5,145589
145596,7,145589
145598,67,145531
145600,11,145589
145602,13,145589
145604,3,145601
145606,3,145603
145608,5,145603
145610,7,145603
145612,11,145601
145614,11,145603
145616,13,145603
145618,17,145601
145620,17,145603
145622,19,145603
145624,23,145601
145626,23,145603
145628,79,145549
145630,29,145601
145632,29,145603
145634,31,145603
145636,3,145633
145638,5,145633
145640,3,145637
145642,5,145637
145644,7,145637
145646,3,145643
145648,5,145643
145650,7,145643
145652,19,145633
145654,11,145643
145656,13,145643
145658,109,145549
145660,17,145643
145662,19,145643
145664,3,145661
145666,5,145661
145668,7,145661
145670,37,145633
145672,11,145661
145674,13,145661
145676,43,145633
145678,17,145661
145680,19,145661
145682,3,145679
145684,3,145681
145686,5,145681
145688,7,145681
145690,3,145687
145692,5,145687
145694,7,145687
145696,17,145679
145698,11,145687
145700,13,145687
145702,23,145679
145704,17,145687
145706,3,145703
145708,5,145703
145710,7,145703
145712,3,145709
145714,5,145709
145716,7,145709
145718,31,145687
145720,11,145709
145722,13,145709
145724,3,145721
145726,3,145723
145728,5,145723
145730,7,145723
145732,11,145721
145734,11,145723
145736,13,145723
145738,17,145721
145740,17,145723
145742,19,145723
145744,23,145721
145746,23,145723
145748,61,145687
145750,29,145721
145752,29,145723
145754,31,145723
145756,3,145753
145758,5,145753
145760,3,145757
145762,3,145759
145764,5,145759
145766,7,145759
145768,11,145757
145770,11,145759
145772,13,145759
145774,3,145771
145776,5,145771
145778,7,145771
145780,3,145777
145782,5,145777
145784,7,145777
145786,29,145757
145788,11,145777
145790,13,145777
145792,71,145721
145794,17,145777
145796,19,145777
145798,41,145757
145800,23,145777
145802,3,145799
145804,5,145799
145806,7,145799
145808,31,145777
145810,3,145807
145812,5,145807
145814,7,145807
145816,17,145799
145818,11,145807
145820,13,145807
145822,3,145819
145824,5,145819
145826,3,145823
145828,5,145823
145830,7,145823
145832,3,145829
145834,5,145829
145836,7,145829
145838,19,145819
145840,11,145829
145842,13,145829
145844,37,145807
145846,17,145829
145848,19,145829
145850,31,145819
145852,23,145829
145854,31,145823
145856,37,145819
145858,29,145829
145860,31,145829
145862,43,145819
145864,3,145861
145866,5,145861
145868,7,145861
145870,41,145829
145872,11,145861
145874,13,145861
145876,47,145829
145878,17,145861
145880,19,145861
145882,3,145879
145884,5,145879
145886,7,145879
145888,59,145829
145890,11,145879
145892,13,145879
145894,71,145823
145896,17,145879
145898,19,145879
145900,3,145897
145902,5,145897
145904,7,145897
145906,3,145903
145908,5,145903
145910,7,145903
145912,83,145829
145914,11,145903
145916,13,145903
145918,89,145829
145920,17,145903
145922,19,145903
145924,101,145823
145926,23,145903
145928,31,145897
145930,101,145829
145932,29,145903
145934,3,145931
145936,3,145933
145938,5,145933
145940,7,145933
145942,11,145931
145944,11,145933
145946,13,145933
145948,17,145931
145950,17,145933
145952,3,145949
145954,5,145949
145956,7,145949
145958,61,145897
145960,11,145949
145962,13,145949
145964,31,145933
145966,3,145963
145968,5,145963
145970,3,145967
145972,3,145969
145974,5,145969
145976,7,145969
145978,11,145967
145980,11,145969
145982,13,145969
145984,17,145967
145986,17,145969
145988,19,145969
145990,3,145987
145992,5,145987
145994,3,145991
145996,5,145991
145998,7,145991
146000,13,145987
146002,11,145991
146004,13,145991
146006,19,145987
146008,17,145991
146010,19,145991
146012,3,146009
146014,3,146011
146016,5,146011
146018,7,146011
146020,11,146009
146022,11,146011
146024,3,146021
146026,3,146023
146028,5,146023
146030,7,146023
146032,11,146021
146034,11,146023
146036,3,146033
146038,5,146033
146040,7,146033
146042,19,146023
146044,11,146033
146046,13,146033
146048,37,146011
146050,17,146033
146052,19,146033
146054,3,146051
146056,5,146051
146058,7,146051
146060,3,146057
146062,3,146059
146064,5,146059
146066,3,146063
146068,5,146063
146070,7,146063
146072,13,146059
146074,11,146063
146076,13,146063
146078,19,146059
146080,3,146077
146082,5,146077
146084,7,146077
146086,23,146063
146088,11,146077
146090,13,146077
146092,29,146063
146094,17,146077
146096,3,146093
146098,5,146093
146100,7,146093
146102,3,146099
146104,5,146099
146106,7,146099
146108,31,146077
146110,11,146099
146112,13,146099
146114,37,146077
146116,17,146099
146118,19,146099
146120,3,146117
146122,5,146117
146124,7,146117
146126,67,146059
146128,11,146117
146130,13,146117
146132,73,146059
146134,17,146117
146136,19,146117
146138,61,146077
146140,23,146117
146142,43,146099
146144,3,146141
146146,5,146141
146148,7,146141
146150,73,146077
146152,11,146141
146154,13,146141
146156,79,146077
146158,17,146141
146160,19,146141
146162,103,146059
146164,3,146161
146166,5,146161
146168,7,146161
146170,29,146141
146172,11,146161
146174,13,146161
146176,3,146173
146178,5,146173
146180,7,146173
146182,41,146141
146184,11,146173
146186,13,146173
146188,47,146141
146190,17,146173
146192,19,146173
146194,3,146191
146196,5,146191
146198,7,146191
146200,3,146197
146202,5,146197
146204,7,146197
146206,3,146203
146208,5,146203
146210,7,146203
146212,71,146141
146214,11,146203
146216,3,146213
146218,5,146213
146220,7,146213
146222,19,146203
146224,3,146221
146226,5,146221
146228,7,146221
146230,17,146213
146232,11,146221
146234,13,146221
146236,23,146213
146238,17,146221
146240,19,146221
146242,3,146239
146244,5,146239
146246,7,146239
146248,107,146141
146250,11,146239
146252,3,146249
146254,5,146249
146256,7,146249
146258,19,146239
146260,11,146249
146262,13,146249
146264,43,146221
146266,17,146249
146268,19,146249
146270,31,146239
146272,23,146249
146274,53,146221
146276,3,146273
146278,5,146273
146280,7,146273
146282,43,146239
146284,11,146273
146286,13,146273
146288,67,146221
146290,17,146273
146292,19,146273
146294,3,146291
146296,5,146291
146298,7,146291
146300,3,146297
146302,3,146299
146304,5,146299
146306,7,146299
146308,11,146297
146310,11,146299
146312,3,146309
146314,5,146309
146316,7,146309
146318,19,146299
146320,3,146317
146322,5,146317
146324,7,146317
146326,3,146323
146328,5,146323
146330,7,146323
146332,23,146309
146334,11,146323
146336,13,146323
146338,29,146309
146340,17,146323
146342,19,146323
146344,47,146297
146346,23,146323
146348,31,146317
146350,3,146347
146352,5,146347
146354,7,146347
146356,47,146309
146358,11,146347
146360,13,146347
146362,3,146359
146364,5,146359
146366,7,146359
146368,59,146309
146370,11,146359
146372,3,146369
146374,5,146369
146376,7,146369
146378,19,146359
146380,11,146369
146382,13,146369
146384,3,146381
146386,3,146383
146388,5,146383
146390,7,146383
146392,3,146389
146394,5,146389
146396,7,146389
146398,17,146381
146400,11,146389
146402,13,146389
146404,23,146381
146406,17,146389
146408,19,146389
146410,3,146407
146412,5,146407
146414,7,146407
146416,47,146369
146418,11,146407
146420,3,146417
146422,5,146417
146424,7,146417
146426,3,146423
146428,5,146423
146430,7,146423
146432,43,146389
146434,11,146423
146436,13,146423
146438,31,146407
146440,3,146437
146442,5,146437
146444,7,146437
146446,23,146423
146448,11,146437
146450,13,146437
146452,3,146449
146454,5,146449
146456,7,146449
146458,41,146417
146460,11,146449
146462,13,146449
146464,41,146423
146466,17,146449
146468,19,146449
146470,47,146423
146472,23,146449
146474,37,146437
146476,53,146423
146478,29,146449
146480,3,146477
146482,5,146477
146484,7,146477
146486,37,146449
146488,11,146477
146490,13,146477
146492,43,146449
146494,17,146477
146496,19,146477
146498,61,146437
146500,23,146477
146502,53,146449
146504,67,146437
146506,29,146477
146508,31,146477
146510,61,146449
146512,89,146423
146514,37,146477
146516,3,146513
146518,5,146513
146520,7,146513
146522,3,146519
146524,3,146521
146526,5,146521
146528,7,146521
146530,3,146527
146532,5,146527
146534,7,146527
146536,17,146519
146538,11,146527
146540,13,146527
146542,3,146539
146544,5,146539
146546,3,146543
146548,5,146543
146550,7,146543
146552,13,146539
146554,11,146543
146556,13,146543
146558,19,146539
146560,17,146543
146562,19,146543
146564,37,146527
146566,3,146563
146568,5,146563
146570,7,146563
146572,29,146543
146574,11,146563
146576,13,146563
146578,59,146519
146580,17,146563
146582,19,146563
146584,3,146581
146586,5,146581
146588,7,146581
146590,47,146543
146592,11,146581
146594,13,146581
146596,53,146543
146598,17,146581
146600,19,146581
146602,59,146543
146604,23,146581
146606,3,146603
146608,5,146603
146610,7,146603
146612,3,146609
146614,5,146609
146616,7,146609
146618,37,146581
146620,3,146617
146622,5,146617
146624,7,146617
146626,17,146609
146628,11,146617
146630,13,146617
146632,23,146609
146634,17,146617
146636,19,146617
146638,29,146609
146640,23,146617
146642,3,146639
146644,5,146639
146646,7,146639
146648,31,146617
146650,3,146647
146652,5,146647
146654,7,146647
146656,17,146639
146658,11,146647
146660,13,146647
146662,23,146639
146664,17,146647
146666,19,146647
146668,29,146639
146670,23,146647
146672,3,146669
146674,5,146669
146676,7,146669
146678,31,146647
146680,3,146677
146682,5,146677
146684,3,146681
146686,3,146683
146688,5,146683
146690,7,146683
146692,11,146681
146694,11,146683
146696,13,146683
146698,17,146681
146700,17,146683
146702,19,146683
146704,3,146701
146706,5,146701
146708,7,146701
146710,29,146681
146712,11,146701
146714,13,146701
146716,47,146669
146718,17,146701
146720,19,146701
146722,3,146719
146724,5,146719
146726,7,146719
146728,47,146681
146730,11,146719
146732,13,146719
146734,53,146681
146736,17,146719
146738,19,146719
146740,59,146681
146742,23,146719
146744,43,146701
146746,3,146743
146748,5,146743
146750,7,146743
146752,3,146749
146754,5,146749
146756,7,146749
146758,89,146669
146760,11,146749
146762,13,146749
146764,83,146681
146766,17,146749
146768,19,146749
146770,3,146767
146772,5,146767
146774,7,146767
146776,107,146669
146778,11,146767
146780,3,146777
146782,5,146777
146784,7,146777
146786,19,146767
146788,11,146777
146790,13,146777
146792,43,146749
146794,17,146777
146796,19,146777
146798,31,146767
146800,23,146777
146802,53,146749
146804,3,146801
146806,5,146801
146808,7,146801
146810,3,146807
146812,5,146807
146814,7,146807
146816,67,146749
146818,11,146807
146820,13,146807
146822,3,146819
146824,5,146819
146826,7,146819
146828,61,146767
146830,11,146819
146832,13,146819
146834,67,146767
146836,3,146833
146838,5,146833
146840,3,146837
146842,5,146837
146844,7,146837
146846,3,146843
146848,5,146843
146850,7,146843
146852,3,146849
146854,5,146849
146856,7,146849
146858,109,146749
146860,3,146857
146862,5,146857
146864,7,146857
146866,17,146849
146868,11,146857
146870,13,146857
146872,23,146849
146874,17,146857
146876,19,146857
146878,29,146849
146880,23,146857
146882,139,146743
146884,41,146843
146886,29,146857
146888,31,146857
146890,41,146849
146892,43,146849
146894,3,146891
146896,3,146893
146898,5,146893
146900,7,146893
146902,11,146891
146904,11,146893
146906,13,146893
146908,17,146891
146910,17,146893
146912,19,146893
146914,23,146891
146916,23,146893
146918,61,146857
146920,3,146917
146922,5,146917
146924,3,146921
146926,5,146921
146928,7,146921
146930,13,146917
146932,11,146921
146934,13,146921
146936,3,146933
146938,5,146933
146940,7,146933
146942,109,146833
146944,3,146941
146946,5,146941
146948,7,146941
146950,17,146933
146952,11,146941
146954,13,146941
146956,3,146953
146958,5,146953
146960,7,146953
146962,29,146933
146964,11,146953
146966,13,146953
146968,47,146921
146970,17,146953
146972,19,146953
146974,41,146933
146976,23,146953
146978,37,146941
146980,3,146977
146982,5,146977
146984,7,146977
146986,3,146983
146988,5,146983
146990,3,146987
146992,3,146989
146994,5,146989
146996,7,146989
146998,11,146987
147000,11,146989
147002,13,146989
147004,17,146987
147006,17,146989
147008,19,146989
147010,23,146987
147012,23,146989
147014,3,147011
147016,5,147011
147018,7,147011
147020,31,146989
147022,11,147011
147024,13,147011
147026,37,146989
147028,17,147011
147030,19,147011
147032,3,147029
147034,3,147031
147036,5,147031
147038,7,147031
147040,11,147029
147042,11,147031
147044,13,147031
147046,17,147029
147048,17,147031
147050,3,147047
147052,5,147047
147054,7,147047
147056,67,146989
147058,11,147047
147060,13,147047
147062,31,147031
147064,17,147047
147066,19,147047
147068,37,147031
147070,23,147047
147072,41,147031
147074,43,147031
147076,3,147073
147078,5,147073
147080,7,147073
147082,53,147029
147084,11,147073
147086,3,147083
147088,5,147083
147090,7,147083
147092,3,147089
147094,5,147089
147096,7,147089
147098,67,147031
147100,3,147097
147102,5,147097
147104,7,147097
147106,17,147089
147108,11,147097
147110,3,147107
147112,5,147107
147114,7,147107
147116,19,147097
147118,11,147107
147120,13,147107
147122,139,146983
147124,17,147107
147126,19,147107
147128,31,147097
147130,23,147107
147132,43,147089
147134,37,147097
147136,29,147107
147138,31,147107
147140,3,147137
147142,3,147139
147144,5,147139
147146,7,147139
147148,11,147137
147150,11,147139
147152,13,147139
147154,3,147151
147156,5,147151
147158,7,147151
147160,23,147137
147162,11,147151
147164,13,147151
147166,3,147163
147168,5,147163
147170,7,147163
147172,83,147089
147174,11,147163
147176,13,147163
147178,41,147137
147180,17,147163
147182,3,147179
147184,5,147179
147186,7,147179
147188,37,147151
147190,11,147179
147192,13,147179
147194,31,147163
147196,17,147179
147198,19,147179
147200,3,147197
147202,5,147197
147204,7,147197
147206,43,147163
147208,11,147197
147210,13,147197
147212,3,147209
147214,3,147211
147216,5,147211
147218,7,147211
147220,11,147209
147222,11,147211
147224,3,147221
147226,5,147221
147228,7,147221
147230,3,147227
147232,3,147229
147234,5,147229
147236,7,147229
147238,11,147227
147240,11,147229
147242,13,147229
147244,17,147227
147246,17,147229
147248,19,147229
147250,23,147227
147252,23,147229
147254,43,147211
147256,3,147253
147258,5,147253
147260,7,147253
147262,41,147221
147264,11,147253
147266,3,147263
147268,5,147263
147270,7,147263
147272,19,147253
147274,11,147263
147276,13,147263
147278,67,147211
147280,17,147263
147282,19,147263
147284,31,147253
147286,3,147283
147288,5,147283
147290,7,147283
147292,3,147289
147294,5,147289
147296,3,147293
147298,5,147293
147300,7,147293
147302,3,147299
147304,5,147299
147306,7,147299
147308,19,147289
147310,11,147299
147312,13,147299
147314,3,147311
147316,5,147311
147318,7,147311
147320,31,147289
147322,3,147319
147324,5,147319
147326,7,147319
147328,17,147311
147330,11,147319
147332,13,147319
147334,3,147331
147336,5,147331
147338,7,147331
147340,29,147311
147342,11,147331
147344,3,147341
147346,5,147341
147348,7,147341
147350,3,147347
147352,5,147347
147354,7,147347
147356,3,147353
147358,5,147353
147360,7,147353
147362,31,147331
147364,11,147353
147366,13,147353
147368,37,147331
147370,17,147353
147372,19,147353
147374,43,147331
147376,23,147353
147378,31,147347
147380,3,147377
147382,5,147377
147384,7,147377
147386,67,147319
147388,11,147377
147390,13,147377
147392,61,147331
147394,3,147391
147396,5,147391
147398,7,147391
147400,3,147397
147402,5,147397
147404,3,147401
147406,5,147401
147408,7,147401
147410,13,147397
147412,3,147409
147414,5,147409
147416,7,147409
147418,17,147401
147420,11,147409
147422,3,147419
147424,5,147419
147426,7,147419
147428,19,147409
147430,11,147419
147432,13,147419
147434,37,147397
147436,17,147419
147438,19,147419
147440,31,147409
147442,23,147419
147444,43,147401
147446,37,147409
147448,29,147419
147450,31,147419
147452,3,147449
147454,3,147451
147456,5,147451
147458,7,147451
147460,3,147457
147462,5,147457
147464,7,147457
147466,17,147449
147468,11,147457
147470,13,147457
147472,23,147449
147474,17,147457
147476,19,147457
147478,29,147449
147480,23,147457
147482,31,147451
147484,3,147481
147486,5,147481
147488,7,147481
147490,3,147487
147492,5,147487
147494,7,147487
147496,47,147449
147498,11,147487
147500,13,147487
147502,53,147449
147504,17,147487
147506,3,147503
147508,5,147503
147510,7,147503
147512,31,147481
147514,11,147503
147516,13,147503
147518,31,147487
147520,3,147517
147522,5,147517
147524,7,147517
147526,23,147503
147528,11,147517
147530,13,147517
147532,29,147503
147534,17,147517
147536,19,147517
147538,89,147449
147540,23,147517
147542,61,147481
147544,3,147541
147546,5,147541
147548,7,147541
147550,3,147547
147552,5,147547
147554,3,147551
147556,5,147551
147558,7,147551
147560,3,147557
147562,5,147557
147564,7,147557
147566,19,147547
147568,11,147557
147570,13,147557
147572,31,147541
147574,3,147571
147576,5,147571
147578,7,147571
147580,23,147557
147582,11,147571
147584,13,147571
147586,3,147583
147588,5,147583
147590,7,147583
147592,41,147551
147594,11,147583
147596,13,147583
147598,41,147557
147600,17,147583
147602,19,147583
147604,47,147557
147606,23,147583
147608,37,147571
147610,3,147607
147612,5,147607
147614,7,147607
147616,3,147613
147618,5,147613
147620,3,147617
147622,5,147617
147624,7,147617
147626,13,147613
147628,11,147617
147630,13,147617
147632,3,147629
147634,5,147629
147636,7,147629
147638,31,147607
147640,11,147629
147642,13,147629
147644,31,147613
147646,17,147629
147648,19,147629
147650,3,147647
147652,5,147647
147654,7,147647
147656,43,147613
147658,11,147647
147660,13,147647
147662,79,147583
147664,3,147661
147666,5,147661
147668,7,147661
147670,23,147647
147672,11,147661
147674,3,147671
147676,3,147673
147678,5,147673
147680,7,147673
147682,11,147671
147684,11,147673
147686,13,147673
147688,17,147671
147690,17,147673
147692,3,147689
147694,5,147689
147696,7,147689
147698,37,147661
147700,11,147689
147702,13,147689
147704,31,147673
147706,3,147703
147708,5,147703
147710,7,147703
147712,3,147709
147714,5,147709
147716,7,147709
147718,29,147689
147720,11,147709
147722,13,147709
147724,53,147671
147726,17,147709
147728,19,147709
147730,3,147727
147732,5,147727
147734,7,147727
147736,47,147689
147738,11,147727
147740,13,147727
147742,3,147739
147744,5,147739
147746,3,147743
147748,5,147743
147750,7,147743
147752,13,147739
147754,11,147743
147756,13,147743
147758,19,147739
147760,17,147743
147762,19,147743
147764,3,147761
147766,5,147761
147768,7,147761
147770,31,147739
147772,3,147769
147774,5,147769
147776,3,147773
147778,5,147773
147780,7,147773
147782,3,147779
147784,5,147779
147786,7,147779
147788,19,147769
147790,3,147787
147792,5,147787
147794,7,147787
147796,3,147793
147798,5,147793
147800,7,147793
147802,3,147799
147804,5,147799
147806,7,147799
147808,29,147779
147810,11,147799
147812,13,147799
147814,3,147811
147816,5,147811
147818,7,147811
147820,41,147779
147822,11,147811
147824,13,147811
147826,47,147779
147828,17,147811
147830,3,147827
147832,5,147827
147834,7,147827
147836,37,147799
147838,11,147827
147840,13,147827
147842,31,147811
147844,17,147827
147846,19,147827
147848,37,147811
147850,23,147827
147852,41,147811
147854,43,147811
147856,3,147853
147858,5,147853
147860,7,147853
147862,3,147859
147864,5,147859
147866,3,147863
147868,5,147863
147870,7,147863
147872,13,147859
147874,11,147863
147876,13,147863
147878,19,147859
147880,17,147863
147882,19,147863
147884,3,147881
147886,5,147881
147888,7,147881
147890,31,147859
147892,11,147881
147894,13,147881
147896,37,147859
147898,17,147881
147900,19,147881
147902,43,147859
147904,23,147881
147906,43,147863
147908,97,147811
147910,29,147881
147912,31,147881
147914,61,147853
147916,53,147863
147918,37,147881
147920,61,147859
147922,3,147919
147924,5,147919
147926,7,147919
147928,47,147881
147930,11,147919
147932,13,147919
147934,53,147881
147936,17,147919
147938,19,147919
147940,3,147937
147942,5,147937
147944,7,147937
147946,83,147863
147948,11,147937
147950,13,147937
147952,3,147949
147954,5,147949
147956,7,147949
147958,131,147827
147960,11,147949
147962,13,147949
147964,83,147881
147966,17,147949
147968,19,147949
147970,89,147881
147972,23,147949
147974,37,147937
147976,113,147863
147978,29,147949
147980,3,147977
147982,5,147977
147984,7,147977
147986,37,147949
147988,11,147977
147990,13,147977
147992,43,147949
147994,17,147977
147996,19,147977
147998,61,147937
148000,3,147997
148002,5,147997
148004,7,147997
148006,29,147977
148008,11,147997
148010,13,147997
148012,131,147881
148014,17,147997
148016,3,148013
148018,5,148013
148020,7,148013
148022,73,147949
148024,3,148021
148026,5,148021
148028,7,148021
148030,17,148013
148032,11,148021
148034,13,148021
148036,23,148013
148038,17,148021
148040,19,148021
148042,29,148013
148044,23,148021
148046,97,147949
148048,71,147977
148050,29,148021
148052,31,148021
148054,41,148013
148056,43,148013
148058,37,148021
148060,47,148013
148062,41,148021
148064,3,148061
148066,3,148063
148068,5,148063
148070,7,148063
148072,11,148061
148074,11,148063
148076,3,148073
148078,5,148073
148080,7,148073
148082,3,148079
148084,5,148079
148086,7,148079
148088,67,148021
148090,11,148079
148092,13,148079
148094,3,148091
148096,5,148091
148098,7,148091
148100,37,148063
148102,11,148091
148104,13,148091
148106,43,148063
148108,17,148091
148110,19,148091
148112,163,147949
148114,23,148091
148116,37,148079
148118,97,148021
148120,29,148091
148122,31,148091
148124,61,148063
148126,3,148123
148128,5,148123
148130,7,148123
148132,41,148091
148134,11,148123
148136,13,148123
148138,47,148091
148140,17,148123
148142,3,148139
148144,5,148139
148146,7,148139
148148,127,148021
148150,3,148147
148152,5,148147
148154,3,148151
148156,3,148153
148158,5,148153
148160,3,148157
148162,5,148157
148164,7,148157
148166,13,148153
148168,11,148157
148170,13,148157
148172,19,148153
148174,3,148171
148176,5,148171
148178,7,148171
148180,23,148157
148182,11,148171
148184,13,148171
148186,29,148157
148188,17,148171
148190,19,148171
148192,41,148151
148194,23,148171
148196,3,148193
148198,5,148193
148200,7,148193
148202,3,148199
148204,3,148201
148206,5,148201
148208,7,148201
148210,3,148207
148212,5,148207
148214,7,148207
148216,17,148199
148218,11,148207
148220,13,148207
148222,23,148199
148224,17,148207
148226,19,148207
148228,29,148199
148230,23,148207
148232,3,148229
148234,5,148229
148236,7,148229
148238,31,148207
148240,11,148229
148242,13,148229
148244,37,148207
148246,3,148243
148248,5,148243
148250,7,148243
148252,3,148249
148254,5,148249
148256,7,148249
148258,29,148229
148260,11,148249
148262,13,148249
148264,71,148193
148266,17,148249
148268,19,148249
148270,41,148229
148272,23,148249
148274,31,148243
148276,47,148229
148278,29,148249
148280,31,148249
148282,3,148279
148284,5,148279
148286,7,148279
148288,59,148229
148290,11,148279
148292,13,148279
148294,101,148193
148296,17,148279
148298,19,148279
148300,71,148229
148302,23,148279
148304,3,148301
148306,3,148303
148308,5,148303
148310,7,148303
148312,11,148301
148314,11,148303
148316,13,148303
148318,17,148301
148320,17,148303
148322,19,148303
148324,23,148301
148326,23,148303
148328,79,148249
148330,29,148301
148332,29,148303
148334,3,148331
148336,5,148331
148338,7,148331
148340,37,148303
148342,3,148339
148344,5,148339
148346,7,148339
148348,17,148331
148350,11,148339
148352,13,148339
148354,23,148331
148356,17,148339
148358,19,148339
148360,29,148331
148362,23,148339
148364,3,148361
148366,5,148361
148368,7,148361
148370,3,148367
148372,5,148367
148374,7,148367
148376,37,148339
148378,11,148367
148380,13,148367
148382,43,148339
148384,3,148381
148386,5,148381
148388,7,148381
148390,3,148387
148392,5,148387
148394,7,148387
148396,29,148367
148398,11,148387
148400,13,148387
148402,3,148399
148404,5,148399
148406,3,148403
148408,5,148403
148410,7,148403
148412,13,148399
148414,3,148411
148416,5,148411
148418,7,148411
148420,17,148403
148422,11,148411
148424,13,148411
148426,23,148403
148428,17,148411
148430,19,148411
148432,3,148429
148434,5,148429
148436,7,148429
148438,71,148367
148440,11,148429
148442,3,148439
148444,5,148439
148446,7,148439
148448,19,148429
148450,11,148439
148452,13,148439
148454,43,148411
148456,17,148439
148458,19,148439
148460,3,148457
148462,5,148457
148464,7,148457
148466,37,148429
148468,11,148457
148470,13,148457
148472,3,148469
148474,3,148471
148476,5,148471
148478,7,148471
148480,11,148469
148482,11,148471
148484,13,148471
148486,3,148483
148488,5,148483
148490,7,148483
148492,23,148469
148494,11,148483
148496,13,148483
148498,29,148469
148500,17,148483
148502,19,148483
148504,3,148501
148506,5,148501
148508,7,148501
148510,41,148469
148512,11,148501
148514,13,148501
148516,3,148513
148518,5,148513
148520,3,148517
148522,5,148517
148524,7,148517
148526,13,148513
148528,11,148517
148530,13,148517
148532,19,148513
148534,3,148531
148536,5,148531
148538,7,148531
148540,3,148537
148542,5,148537
148544,7,148537
148546,29,148517
148548,11,148537
148550,13,148537
148552,3,148549
148554,5,148549
148556,7,148549
148558,41,148517
148560,11,148549
148562,13,148549
148564,47,148517
148566,17,148549
148568,19,148549
148570,53,148517
148572,23,148549
148574,37,148537
148576,3,148573
148578,5,148573
148580,7,148573
148582,3,148579
148584,5,148579
148586,7,148579
148588,71,148517
148590,11,148579
148592,13,148579
148594,137,148457
148596,17,148579
148598,19,148579
148600,83,148517
148602,23,148579
148604,31,148573
148606,89,148517
148608,29,148579
148610,31,148579
148612,3,148609
148614,5,148609
148616,7,148609
148618,101,148517
148620,11,148609
148622,13,148609
148624,107,148517
148626,17,148609
148628,19,148609
148630,3,148627
148632,5,148627
148634,7,148627
148636,3,148633
148638,5,148633
148640,7,148633
148642,3,148639
148644,5,148639
148646,7,148639
148648,131,148517
148650,11,148639
148652,13,148639
148654,137,148517
148656,17,148639
148658,19,148639
148660,191,148469
148662,23,148639
148664,31,148633
148666,3,148663
148668,5,148663
148670,3,148667
148672,3,148669
148674,5,148669
148676,7,148669
148678,11,148667
148680,11,148669
148682,13,148669
148684,17,148667
148686,17,148669
148688,19,148669
148690,23,148667
148692,23,148669
148694,3,148691
148696,3,148693
148698,5,148693
148700,7,148693
148702,11,148691
148704,11,148693
148706,13,148693
148708,17,148691
148710,17,148693
148712,19,148693
148714,3,148711
148716,5,148711
148718,7,148711
148720,29,148691
148722,11,148711
148724,3,148721
148726,3,148723
148728,5,148723
148730,3,148727
148732,5,148727
148734,7,148727
148736,13,148723
148738,11,148727
148740,13,148727
148742,19,148723
148744,17,148727
148746,19,148727
148748,37,148711
148750,3,148747
148752,5,148747
148754,7,148747
148756,29,148727
148758,11,148747
148760,13,148747
148762,41,148721
148764,17,148747
148766,3,148763
148768,5,148763
148770,7,148763
148772,61,148711
148774,11,148763
148776,13,148763
148778,31,148747
148780,17,148763
148782,19,148763
148784,3,148781
148786,3,148783
148788,5,148783
148790,7,148783
148792,11,148781
148794,11,148783
148796,3,148793
148798,5,148793
148800,7,148793
148802,19,148783
148804,11,148793
148806,13,148793
148808,61,148747
148810,17,148793
148812,19,148793
148814,31,148783
148816,23,148793
148818,37,148781
148820,3,148817
148822,5,148817
148824,7,148817
148826,43,148783
148828,11,148817
148830,13,148817
148832,3,148829
148834,5,148829
148836,7,148829
148838,127,148711
148840,11,148829
148842,13,148829
148844,61,148783
148846,17,148829
148848,19,148829
148850,67,148783
148852,23,148829
148854,37,148817
148856,3,148853
148858,5,148853
148860,7,148853
148862,3,148859
148864,3,148861
148866,5,148861
148868,7,148861
148870,3,148867
148872,5,148867
148874,7,148867
148876,3,148873
148878,5,148873
148880,7,148873
148882,23,148859
148884,11,148873
148886,13,148873
148888,29,148859
148890,17,148873
148892,19,148873
148894,3,148891
148896,5,148891
148898,7,148891
148900,41,148859
148902,11,148891
148904,13,148891
148906,47,148859
148908,17,148891
148910,19,148891
148912,53,148859
148914,23,148891
148916,3,148913
148918,5,148913
148920,7,148913
148922,31,148891
148924,3,148921
148926,5,148921
148928,7,148921
148930,3,148927
148932,5,148927
148934,3,148931
148936,3,148933
148938,5,148933
148940,7,148933
148942,11,148931
148944,11,148933
148946,13,148933
148948,17,148931
148950,17,148933
148952,3,148949
148954,5,148949
148956,7,148949
148958,31,148927
148960,3,148957
148962,5,148957
148964,3,148961
148966,5,148961
148968,7,148961
148970,13,148957
148972,11,148961
148974,13,148961
148976,19,148957
148978,17,148961
148980,19,148961
148982,61,148921
148984,23,148961
148986,29,148957
148988,31,148957
148990,29,148961
148992,31,148961
148994,3,148991
148996,5,148991
148998,7,148991
149000,3,148997
149002,5,148997
149004,7,148997
149006,73,148933
149008,11,148997
149010,13,148997
149012,79,148933
149014,3,149011
149016,5,149011
149018,7,149011
149020,23,148997
149022,11,149011
149024,3,149021
149026,5,149021
149028,7,149021
149030,3,149027
149032,5,149027
149034,7,149027
149036,3,149033
149038,5,149033
149040,7,149033
149042,31,149011
149044,11,149033
149046,13,149033
149048,37,149011
149050,17,149033
149052,19,149033
149054,43,149011
149056,3,149053
149058,5,149053
149060,3,149057
149062,3,149059
149064,5,149059
149066,7,149059
149068,11,149057
149070,11,149059
149072,3,149069
149074,5,149069
149076,7,149069
149078,19,149059
149080,3,149077
149082,5,149077
149084,7,149077
149086,17,149069
149088,11,149077
149090,3,149087
149092,5,149087
149094,7,149087
149096,19,149077
149098,11,149087
149100,13,149087
149102,3,149099
149104,3,149101
149106,5,149101
149108,7,149101
149110,11,149099
149112,11,149101
149114,3,149111
149116,3,149113
149118,5,149113
149120,7,149113
149122,3,149119
149124,5,149119
149126,7,149119
149128,17,149111
149130,11,149119
149132,13,149119
149134,23,149111
149136,17,149119
149138,19,149119
149140,29,149111
149142,23,149119
149144,31,149113
149146,3,149143
149148,5,149143
149150,7,149143
149152,41,149111
149154,11,149143
149156,3,149153
149158,5,149153
149160,7,149153
149162,3,149159
149164,3,149161
149166,5,149161
149168,7,149161
149170,11,149159
149172,11,149161
149174,13,149161
149176,3,149173
149178,5,149173
149180,7,149173
149182,23,149159
149184,11,149173
149186,3,149183
149188,5,149183
149190,7,149183
149192,19,149173
149194,11,149183
149196,13,149183
149198,37,149161
149200,3,149197
149202,5,149197
149204,7,149197
149206,23,149183
149208,11,149197
149210,13,149197
149212,29,149183
149214,17,149197
149216,3,149213
149218,5,149213
149220,7,149213
149222,61,149161
149224,11,149213
149226,13,149213
149228,31,149197
149230,17,149213
149232,19,149213
149234,37,149197
149236,23,149213
149238,41,149197
149240,43,149197
149242,3,149239
149244,5,149239
149246,7,149239
149248,89,149159
149250,11,149239
149252,3,149249
149254,3,149251
149256,5,149251
149258,7,149251
149260,3,149257
149262,5,149257
149264,7,149257
149266,17,149249
149268,11,149257
149270,13,149257
149272,3,149269
149274,5,149269
149276,7,149269
149278,29,149249
149280,11,149269
149282,13,149269
149284,71,149213
149286,17,149269
149288,19,149269
149290,3,149287
149292,5,149287
149294,7,149287
149296,47,149249
149298,11,149287
149300,3,149297
149302,5,149297
149304,7,149297
149306,19,149287
149308,11,149297
149310,13,149297
149312,3,149309
149314,5,149309
149316,7,149309
149318,31,149287
149320,11,149309
149322,13,149309
149324,37,149287
149326,3,149323
149328,5,149323
149330,7,149323
149332,23,149309
149334,11,149323
149336,3,149333
149338,5,149333
149340,7,149333
149342,19,149323
149344,3,149341
149346,5,149341
149348,7,149341
149350,17,149333
149352,11,149341
149354,3,149351
149356,5,149351
149358,7,149351
149360,19,149341
149362,11,149351
149364,13,149351
149366,43,149323
149368,17,149351
149370,19,149351
149372,31,149341
149374,3,149371
149376,5,149371
149378,7,149371
149380,3,149377
149382,5,149377
149384,3,149381
149386,5,149381
149388,7,149381
149390,13,149377
149392,11,149381
149394,13,149381
149396,3,149393
149398,5,149393
149400,7,149393
149402,3,149399
149404,5,149399
149406,7,149399
149408,31,149377
149410,11,149399
149412,13,149399
149414,3,149411
149416,5,149411
149418,7,149411
149420,3,149417
149422,3,149419
149424,5,149419
149426,3,149423
149428,5,149423
149430,7,149423
149432,13,149419
149434,11,149423
149436,13,149423
149438,19,149419
149440,17,149423
149442,19,149423
149444,3,149441
149446,5,149441
149448,7,149441
149450,31,149419
149452,11,149441
149454,13,149441
149456,37,149419
149458,17,149441
149460,19,149441
149462,3,149459
149464,5,149459
149466,7,149459
149468,97,149371
149470,11,149459
149472,13,149459
149474,97,149377
149476,17,149459
149478,19,149459
149480,61,149419
149482,23,149459
149484,43,149441
149486,67,149419
149488,29,149459
149490,31,149459
149492,3,149489
149494,3,149491
149496,5,149491
149498,7,149491
149500,3,149497
149502,5,149497
149504,7,149497
149506,3,149503
149508,5,149503
149510,7,149503
149512,23,149489
149514,11,149503
149516,13,149503
149518,29,149489
149520,17,149503
149522,3,149519
149524,3,149521
149526,5,149521
149528,7,149521
149530,11,149519
149532,11,149521
149534,3,149531
149536,3,149533
149538,5,149533
149540,7,149533
149542,11,149531
149544,11,149533
149546,3,149543
149548,5,149543
149550,7,149543
149552,19,149533
149554,3,149551
149556,5,149551
149558,7,149551
149560,17,149543
149562,11,149551
149564,3,149561
149566,3,149563
149568,5,149563
149570,7,149563
149572,11,149561
149574,11,149563
149576,13,149563
149578,17,149561
149580,17,149563
149582,3,149579
149584,5,149579
149586,7,149579
149588,37,149551
149590,11,149579
149592,13,149579
149594,31,149563
149596,17,149579
149598,19,149579
149600,37,149563
149602,23,149579
149604,41,149563
149606,3,149603
149608,5,149603
149610,7,149603
149612,61,149551
149614,11,149603
149616,13,149603
149618,67,149551
149620,17,149603
149622,19,149603
149624,61,149563
149626,3,149623
149628,5,149623
149630,3,149627
149632,3,149629
149634,5,149629
149636,7,149629
149638,11,149627
149640,11,149629
149642,13,149629
149644,17,149627
149646,17,149629
149648,19,149629
149650,23,149627
149652,23,149629
149654,31,149623
149656,29,149627
149658,29,149629
149660,31,149629
149662,59,149603
149664,37,149627
149666,37,149629
149668,41,149627
149670,41,149629
149672,43,149629
149674,47,149627
149676,47,149629
149678,127,149551
149680,53,149627
149682,53,149629
149684,61,149623
149686,59,149627
149688,59,149629
149690,61,149629
149692,3,149689
149694,5,149689
149696,7,149689
149698,71,149627
149700,11,149689
149702,13,149689
149704,101,149603
149706,17,149689
149708,19,149689
149710,83,149627
149712,23,149689
149714,3,149711
149716,3,149713
149718,5,149713
149720,3,149717
149722,5,149717
149724,7,149717
149726,13,149713
149728,11,149717
149730,13,149717
149732,3,149729
149734,3,149731
149736,5,149731
149738,7,149731
149740,11,149729
149742,11,149731
149744,13,149731
149746,17,149729
149748,17,149731
149750,19,149731
149752,3,149749
149754,5,149749
149756,7,149749
149758,29,149729
149760,11,149749
149762,3,149759
149764,5,149759
149766,7,149759
149768,19,149749
149770,3,149767
149772,5,149767
149774,3,149771
149776,5,149771
149778,7,149771
149780,13,149767
149782,11,149771
149784,13,149771
149786,19,149767
149788,17,149771
149790,19,149771
149792,43,149749
149794,3,149791
149796,5,149791
149798,7,149791
149800,29,149771
149802,11,149791
149804,13,149791
149806,3,149803
149808,5,149803
149810,7,149803
149812,41,149771
149814,11,149803
149816,13,149803
149818,47,149771
149820,17,149803
149822,19,149803
149824,53,149771
149826,23,149803
149828,37,149791
149830,3,149827
149832,5,149827
149834,7,149827
149836,107,149729
149838,11,149827
149840,3,149837
149842,3,149839
149844,5,149839
149846,7,149839
149848,11,149837
149850,11,149839
149852,13,149839
149854,17,149837
149856,17,149839
149858,19,149839
149860,23,149837
149862,23,149839
149864,3,149861
149866,5,149861
149868,7,149861
149870,3,149867
149872,5,149867
149874,7,149867
149876,3,149873
149878,5,149873
149880,7,149873
149882,43,149839
149884,11,149873
149886,13,149873
149888,61,149827
149890,17,149873
149892,19,149873
149894,67,149827
149896,3,149893
149898,5,149893
149900,7,149893
149902,3,149899
149904,5,149899
149906,7,149899
149908,41,149867
149910,11,149899
149912,3,149909
149914,3,149911
149916,5,149911
149918,7,149911
149920,11,149909
149922,11,149911
149924,3,149921
149926,5,149921
149928,7,149921
149930,19,149911
149932,11,149921
149934,13,149921
149936,37,149899
149938,17,149921
149940,19,149921
149942,3,149939
149944,5,149939
149946,7,149939
149948,37,149911
149950,11,149939
149952,13,149939
149954,43,149911
149956,3,149953
149958,5,149953
149960,7,149953
149962,23,149939
149964,11,149953
149966,13,149953
149968,29,149939
149970,17,149953
149972,3,149969
149974,3,149971
149976,5,149971
149978,7,149971
149980,11,149969
149982,11,149971
149984,13,149971
149986,17,149969
149988,17,149971
149990,19,149971
149992,23,149969
149994,23,149971
149996,3,149993
149998,5,149993
150000,7,149993
150002,31,149971
150004,3,150001
150006,5,150001
150008,7,150001
150010,17,149993
150012,11,150001
150014,3,150011
150016,5,150011
150018,7,150011
150020,19,150001
150022,11,150011
150024,13,150011
150026,73,149953
150028,17,150011
150030,19,150011
150032,31,150001
150034,23,150011
150036,43,149993
150038,37,150001
150040,29,150011
150042,31,150011
150044,3,150041
150046,5,150041
150048,7,150041
150050,79,149971
150052,11,150041
150054,13,150041
150056,3,150053
150058,5,150053
150060,7,150053
150062,61,150001
150064,3,150061
150066,5,150061
150068,7,150061
150070,3,150067
150072,5,150067
150074,7,150067
150076,23,150053
150078,11,150067
150080,3,150077
150082,5,150077
150084,7,150077
150086,3,150083
150088,5,150083
150090,7,150083
150092,3,150089
150094,3,150091
150096,5,150091
150098,7,150091
150100,3,150097
150102,5,150097
150104,7,150097
150106,17,150089
150108,11,150097
150110,3,150107
150112,5,150107
150114,7,150107
150116,19,150097
150118,11,150107
150120,13,150107
150122,31,150091
150124,17,150107
150126,19,150107
150128,31,150097
150130,23,150107
150132,41,150091
150134,3,150131
150136,5,150131
150138,7,150131
150140,43,150097
150142,11,150131
150144,13,150131
150146,79,150067
150148,17,150131
150150,19,150131
150152,61,150091
150154,3,150151
150156,5,150151
150158,7,150151
150160,29,150131
150162,11,150151
150164,13,150151
150166,59,150107
150168,17,150151
150170,19,150151
150172,3,150169
150174,5,150169
150176,7,150169
150178,47,150131
150180,11,150169
150182,13,150169
150184,53,150131
150186,17,150169
150188,19,150169
150190,59,150131
150192,23,150169
150194,43,150151
150196,3,150193
150198,5,150193
150200,3,150197
150202,5,150197
150204,7,150197
150206,3,150203
150208,5,150203
150210,7,150203
150212,3,150209
150214,3,150211
150216,5,150211
150218,7,150211
150220,3,150217
150222,5,150217
150224,3,150221
150226,3,150223
150228,5,150223
150230,7,150223
150232,11,150221
150234,11,150223
150236,13,150223
150238,17,150221
150240,17,150223
150242,3,150239
150244,5,150239
150246,7,150239
150248,31,150217
150250,3,150247
150252,5,150247
150254,7,150247
150256,17,150239
150258,11,150247
150260,13,150247
150262,23,150239
150264,17,150247
150266,19,150247
150268,29,150239
150270,23,150247
150272,61,150211
150274,53,150221
150276,29,150247
150278,31,150247
150280,41,150239
150282,43,150239
150284,37,150247
150286,47,150239
150288,41,150247
150290,3,150287
150292,5,150287
150294,7,150287
150296,73,150223
150298,11,150287
150300,13,150287
150302,3,150299
150304,3,150301
150306,5,150301
150308,7,150301
150310,11,150299
150312,11,150301
150314,13,150301
150316,17,150299
150318,17,150301
150320,19,150301
150322,23,150299
150324,23,150301
150326,3,150323
150328,5,150323
150330,7,150323
150332,3,150329
150334,5,150329
150336,7,150329
150338,37,150301
150340,11,150329
150342,13,150329
150344,43,150301
150346,3,150343
150348,5,150343
150350,7,150343
150352,23,150329
150354,11,150343
150356,13,150343
150358,29,150329
150360,17,150343
150362,19,150343
150364,41,150323
150366,23,150343
150368,67,150301
150370,41,150329
150372,29,150343
150374,31,150343
150376,3,150373
150378,5,150373
150380,3,150377
150382,3,150379
150384,5,150379
150386,3,150383
150388,5,150383
150390,7,150383
150392,13,150379
150394,11,150383
150396,13,150383
150398,19,150379
150400,17,150383
150402,19,150383
150404,3,150401
150406,5,150401
150408,7,150401
150410,3,150407
150412,5,150407
150414,7,150407
150416,3,150413
150418,5,150413
150420,7,150413
150422,43,150379
150424,11,150413
150426,13,150413
150428,127,150301
150430,3,150427
150432,5,150427
150434,3,150431
150436,5,150431
150438,7,150431
150440,13,150427
150442,3,150439
150444,5,150439
150446,7,150439
150448,17,150431
150450,11,150439
150452,13,150439
150454,23,150431
150456,17,150439
150458,19,150439
150460,29,150431
150462,23,150439
150464,37,150427
150466,53,150413
150468,29,150439
150470,31,150439
150472,41,150431
150474,43,150431
150476,3,150473
150478,5,150473
150480,7,150473
150482,43,150439
150484,11,150473
150486,13,150473
150488,61,150427
150490,17,150473
150492,19,150473
150494,67,150427
150496,23,150473
150498,59,150439
150500,3,150497
150502,5,150497
150504,7,150497
150506,3,150503
150508,5,150503
150510,7,150503
150512,73,150439
150514,11,150503
150516,13,150503
150518,79,150439
150520,3,150517
150522,5,150517
150524,7,150517
150526,3,150523
150528,5,150523
150530,7,150523
150532,29,150503
150534,11,150523
150536,3,150533
150538,5,150533
150540,7,150533
150542,19,150523
150544,11,150533
150546,13,150533
150548,31,150517
150550,17,150533
150552,19,150533
150554,3,150551
150556,5,150551
150558,7,150551
150560,37,150523
150562,3,150559
150564,5,150559
150566,7,150559
150568,17,150551
150570,11,150559
150572,13,150559
150574,3,150571
150576,5,150571
150578,7,150571
150580,29,150551
150582,11,150571
150584,13,150571
150586,3,150583
150588,5,150583
150590,3,150587
150592,3,150589
150594,5,150589
150596,7,150589
150598,11,150587
150600,11,150589
150602,13,150589
150604,17,150587
150606,17,150589
150608,19,150589
150610,3,150607
150612,5,150607
150614,3,150611
150616,5,150611
150618,7,150611
150620,3,150617
150622,5,150617
150624,7,150617
150626,19,150607
150628,11,150617
150630,13,150617
150632,43,150589
150634,17,150617
150636,19,150617
150638,31,150607
150640,23,150617
150642,31,150611
150644,37,150607
150646,29,150617
150648,31,150617
150650,43,150607
150652,3,150649
150654,5,150649
150656,7,150649
150658,41,150617
150660,11,150649
150662,3,150659
150664,5,150659
150666,7,150659
150668,19,150649
150670,11,150659
150672,13,150659
150674,67,150607
150676,17,150659
150678,19,150659
150680,31,150649
150682,23,150659
150684,67,150617
150686,37,150649
150688,29,150659
150690,31,150659
150692,43,150649
150694,83,150611
150696,37,150659
150698,109,150589
150700,3,150697
150702,5,150697
150704,7,150697
150706,47,150659
150708,11,150697
150710,3,150707
150712,5,150707
150714,7,150707
150716,19,150697
150718,11,150707
150720,13,150707
150722,73,150649
150724,3,150721
150726,5,150721
150728,7,150721
150730,23,150707
150732,11,150721
150734,13,150721
150736,29,150707
150738,17,150721
150740,19,150721
150742,83,150659
150744,23,150721
150746,3,150743
150748,5,150743
150750,7,150743
150752,31,150721
150754,11,150743
150756,13,150743
150758,37,150721
150760,17,150743
150762,19,150743
150764,43,150721
150766,23,150743
150768,47,150721
150770,3,150767
150772,3,150769
150774,5,150769
150776,7,150769
150778,11,150767
150780,11,150769
150782,3,150779
150784,5,150779
150786,7,150779
150788,19,150769
150790,11,150779
150792,13,150779
150794,3,150791
150796,5,150791
150798,7,150791
150800,3,150797
150802,5,150797
150804,7,150797
150806,37,150769
150808,11,150797
150810,13,150797
150812,43,150769
150814,17,150797
150816,19,150797
150818,97,150721
150820,23,150797
150822,31,150791
150824,103,150721
150826,29,150797
150828,31,150797
150830,3,150827
150832,5,150827
150834,7,150827
150836,3,150833
150838,5,150833
150840,7,150833
150842,73,150769
150844,11,150833
150846,13,150833
150848,79,150769
150850,3,150847
150852,5,150847
150854,7,150847
150856,23,150833
150858,11,150847
150860,13,150847
150862,29,150833
150864,17,150847
150866,19,150847
150868,41,150827
150870,23,150847
150872,3,150869
150874,5,150869
150876,7,150869
150878,31,150847
150880,11,150869
150882,13,150869
150884,3,150881
150886,3,150883
150888,5,150883
150890,7,150883
150892,3,150889
150894,5,150889
150896,3,150893
150898,5,150893
150900,7,150893
150902,13,150889
150904,3,150901
150906,5,150901
150908,7,150901
150910,3,150907
150912,5,150907
150914,7,150907
150916,23,150893
150918,11,150907
150920,13,150907
150922,3,150919
150924,5,150919
150926,7,150919
150928,47,150881
150930,11,150919
150932,3,150929
150934,5,150929
150936,7,150929
150938,19,150919
150940,11,150929
150942,13,150929
150944,37,150907
150946,17,150929
150948,19,150929
150950,31,150919
150952,23,150929
150954,47,150907
150956,37,150919
150958,29,150929
150960,31,150929
150962,3,150959
150964,3,150961
150966,5,150961
150968,7,150961
150970,3,150967
150972,5,150967
150974,7,150967
150976,17,150959
150978,11,150967
150980,13,150967
150982,3,150979
150984,5,150979
150986,7,150979
150988,29,150959
150990,11,150979
150992,3,150989
150994,3,150991
150996,5,150991
150998,7,150991
151000,11,150989
151002,11,150991
151004,13,150991
151006,17,150989
151008,17,150991
151010,3,151007
151012,3,151009
151014,5,151009
151016,3,151013
151018,5,151013
151020,7,151013
151022,13,151009
151024,11,151013
151026,13,151013
151028,19,151009
151030,3,151027
151032,5,151027
151034,7,151027
151036,23,151013
151038,11,151027
151040,13,151027
151042,29,151013
151044,17,151027
151046,19,151027
151048,41,151007
151050,23,151027
151052,3,151049
151054,3,151051
151056,5,151051
151058,7,151051
151060,3,151057
151062,5,151057
151064,7,151057
151066,17,151049
151068,11,151057
151070,13,151057
151072,23,151049
151074,17,151057
151076,19,151057
151078,29,151049
151080,23,151057
151082,31,151051
151084,71,151013
151086,29,151057
151088,31,151057
151090,41,151049
151092,41,151051
151094,3,151091
151096,5,151091
151098,7,151091
151100,43,151057
151102,11,151091
151104,13,151091
151106,79,151027
151108,17,151091
151110,19,151091
151112,61,151051
151114,23,151091
151116,59,151057
151118,61,151057
151120,29,151091
151122,31,151091
151124,3,151121
151126,5,151121
151128,7,151121
151130,73,151057
151132,11,151121
151134,13,151121
151136,79,151057
151138,17,151121
151140,19,151121
151142,151,150991
151144,3,151141
151146,5,151141
151148,7,151141
151150,29,151121
151152,11,151141
151154,13,151141
151156,3,151153
151158,5,151153
151160,3,151157
151162,5,151157
151164,7,151157
151166,3,151163
151168,5,151163
151170,7,151163
151172,3,151169
151174,3,151171
151176,5,151171
151178,7,151171
151180,11,151169
151182,11,151171
151184,13,151171
151186,17,151169
151188,17,151171
151190,19,151171
151192,3,151189
151194,5,151189
151196,7,151189
151198,29,151169
151200,11,151189
151202,13,151189
151204,3,151201
151206,5,151201
151208,7,151201
151210,41,151169
151212,11,151201
151214,13,151201
151216,3,151213
151218,5,151213
151220,7,151213
151222,53,151169
151224,11,151213
151226,13,151213
151228,59,151169
151230,17,151213
151232,19,151213
151234,71,151163
151236,23,151213
151238,37,151201
151240,3,151237
151242,5,151237
151244,3,151241
151246,3,151243
151248,5,151243
151250,3,151247
151252,5,151247
151254,7,151247
151256,3,151253
151258,5,151253
151260,7,151253
151262,19,151243
151264,11,151253
151266,13,151253
151268,31,151237
151270,17,151253
151272,19,151253
151274,31,151243
151276,3,151273
151278,5,151273
151280,7,151273
151282,3,151279
151284,5,151279
151286,7,151279
151288,41,151247
151290,11,151279
151292,3,151289
151294,5,151289
151296,7,151289
151298,19,151279
151300,11,151289
151302,13,151289
151304,31,151273
151306,3,151303
151308,5,151303
151310,7,151303
151312,23,151289
151314,11,151303
151316,13,151303
151318,29,151289
151320,17,151303
151322,19,151303
151324,71,151253
151326,23,151303
151328,127,151201
151330,41,151289
151332,29,151303
151334,31,151303
151336,47,151289
151338,59,151279
151340,3,151337
151342,3,151339
151344,5,151339
151346,3,151343
151348,5,151343
151350,7,151343
151352,13,151339
151354,11,151343
151356,13,151343
151358,19,151339
151360,3,151357
151362,5,151357
151364,7,151357
151366,23,151343
151368,11,151357
151370,13,151357
151372,29,151343
151374,17,151357
151376,19,151357
151378,41,151337
151380,23,151357
151382,3,151379
151384,3,151381
151386,5,151381
151388,7,151381
151390,11,151379
151392,11,151381
151394,3,151391
151396,5,151391
151398,7,151391
151400,3,151397
151402,5,151397
151404,7,151397
151406,67,151339
151408,11,151397
151410,13,151397
151412,31,151381
151414,17,151397
151416,19,151397
151418,37,151381
151420,23,151397
151422,31,151391
151424,43,151381
151426,3,151423
151428,5,151423
151430,7,151423
151432,3,151429
151434,5,151429
151436,3,151433
151438,5,151433
151440,7,151433
151442,13,151429
151444,11,151433
151446,13,151433
151448,19,151429
151450,17,151433
151452,19,151433
151454,3,151451
151456,5,151451
151458,7,151451
151460,31,151429
151462,11,151451
151464,13,151451
151466,37,151429
151468,17,151451
151470,19,151451
151472,43,151429
151474,3,151471
151476,5,151471
151478,7,151471
151480,3,151477
151482,5,151477
151484,7,151477
151486,3,151483
151488,5,151483
151490,7,151483
151492,41,151451
151494,11,151483
151496,13,151483
151498,47,151451
151500,17,151483
151502,3,151499
151504,5,151499
151506,7,151499
151508,31,151477
151510,3,151507
151512,5,151507
151514,7,151507
151516,17,151499
151518,11,151507
151520,3,151517
151522,5,151517
151524,7,151517
151526,3,151523
151528,5,151523
151530,7,151523
151532,61,151471
151534,3,151531
151536,5,151531
151538,7,151531
151540,3,151537
151542,5,151537
151544,7,151537
151546,23,151523
151548,11,151537
151550,13,151537
151552,3,151549
151554,5,151549
151556,3,151553
151558,5,151553
151560,7,151553
151562,13,151549
151564,3,151561
151566,5,151561
151568,7,151561
151570,17,151553
151572,11,151561
151574,13,151561
151576,3,151573
151578,5,151573
151580,7,151573
151582,3,151579
151584,5,151579
151586,7,151579
151588,71,151517
151590,11,151579
151592,13,151579
151594,41,151553
151596,17,151579
151598,19,151579
151600,3,151597
151602,5,151597
151604,7,151597
151606,3,151603
151608,5,151603
151610,3,151607
151612,3,151609
151614,5,151609
151616,7,151609
151618,11,151607
151620,11,151609
151622,13,151609
151624,17,151607
151626,17,151609
151628,19,151609
151630,23,151607
151632,23,151609
151634,3,151631
151636,5,151631
151638,7,151631
151640,3,151637
151642,5,151637
151644,7,151637
151646,3,151643
151648,5,151643
151650,7,151643
151652,43,151609
151654,3,151651
151656,5,151651
151658,7,151651
151660,17,151643
151662,11,151651
151664,13,151651
151666,23,151643
151668,17,151651
151670,3,151667
151672,5,151667
151674,7,151667
151676,3,151673
151678,5,151673
151680,7,151673
151682,31,151651
151684,3,151681
151686,5,151681
151688,7,151681
151690,3,151687
151692,5,151687
151694,7,151687
151696,3,151693
151698,5,151693
151700,7,151693
151702,29,151673
151704,11,151693
151706,3,151703
151708,5,151703
151710,7,151703
151712,19,151693
151714,11,151703
151716,13,151703
151718,31,151687
151720,3,151717
151722,5,151717
151724,7,151717
151726,23,151703
151728,11,151717
151730,13,151717
151732,3,151729
151734,5,151729
151736,3,151733
151738,5,151733
151740,7,151733
151742,13,151729
151744,11,151733
151746,13,151733
151748,19,151729
151750,17,151733
151752,19,151733
151754,37,151717
151756,23,151733
151758,29,151729
151760,31,151729
151762,29,151733
151764,31,151733
151766,37,151729
151768,101,151667
151770,37,151733
151772,3,151769
151774,3,151771
151776,5,151771
151778,7,151771
151780,11,151769
151782,11,151771
151784,13,151771
151786,3,151783
151788,5,151783
151790,3,151787
151792,5,151787
151794,7,151787
151796,13,151783
151798,11,151787
151800,13,151787
151802,3,151799
151804,5,151799
151806,7,151799
151808,37,151771
151810,11,151799
151812,13,151799
151814,31,151783
151816,3,151813
151818,5,151813
151820,3,151817
151822,5,151817
151824,7,151817
151826,13,151813
151828,11,151817
151830,13,151817
151832,19,151813
151834,17,151817
151836,19,151817
151838,67,151771
151840,23,151817
151842,29,151813
151844,3,151841
151846,5,151841
151848,7,151841
151850,3,151847
151852,3,151849
151854,5,151849
151856,7,151849
151858,11,151847
151860,11,151849
151862,13,151849
151864,17,151847
151866,17,151849
151868,19,151849
151870,23,151847
151872,23,151849
151874,3,151871
151876,5,151871
151878,7,151871
151880,31,151849
151882,11,151871
151884,13,151871
151886,3,151883
151888,5,151883
151890,7,151883
151892,43,151849
151894,11,151883
151896,13,151883
151898,127,151771
151900,3,151897
151902,5,151897
151904,3,151901
151906,3,151903
151908,5,151903
151910,7,151903
151912,3,151909
151914,5,151909
151916,7,151909
151918,17,151901
151920,11,151909
151922,13,151909
151924,23,151901
151926,17,151909
151928,19,151909
151930,29,151901
151932,23,151909
151934,31,151903
151936,53,151883
151938,29,151909
151940,3,151937
151942,3,151939
151944,5,151939
151946,7,151939
151948,11,151937
151950,11,151939
151952,13,151939
151954,17,151937
151956,17,151939
151958,19,151939
151960,23,151937
151962,23,151939
151964,61,151903
151966,29,151937
151968,29,151939
151970,3,151967
151972,3,151969
151974,5,151969
151976,7,151969
151978,11,151967
151980,11,151969
151982,13,151969
151984,17,151967
151986,17,151969
151988,19,151969
151990,23,151967
151992,23,151969
151994,97,151897
151996,29,151967
151998,29,151969
152000,31,151969
152002,101,151901
152004,37,151967
152006,3,152003
152008,5,152003
152010,7,152003
152012,43,151969
152014,11,152003
152016,13,152003
152018,79,151939
152020,3,152017
152022,5,152017
152024,7,152017
152026,23,152003
152028,11,152017
152030,3,152027
152032,3,152029
152034,5,152029
152036,7,152029
152038,11,152027
152040,11,152029
152042,3,152039
152044,3,152041
152046,5,152041
152048,7,152041
152050,11,152039
152052,11,152041
152054,13,152041
152056,17,152039
152058,17,152041
152060,19,152041
152062,23,152039
152064,23,152041
152066,3,152063
152068,5,152063
152070,7,152063
152072,31,152041
152074,11,152063
152076,13,152063
152078,37,152041
152080,3,152077
152082,5,152077
152084,3,152081
152086,3,152083
152088,5,152083
152090,7,152083
152092,11,152081
152094,11,152083
152096,3,152093
152098,5,152093
152100,7,152093
152102,19,152083
152104,11,152093
152106,13,152093
152108,31,152077
152110,17,152093
152112,19,152093
152114,3,152111
152116,5,152111
152118,7,152111
152120,37,152083
152122,11,152111
152124,13,152111
152126,3,152123
152128,5,152123
152130,7,152123
152132,103,152029
152134,11,152123
152136,13,152123
152138,61,152077
152140,17,152123
152142,19,152123
152144,61,152083
152146,23,152123
152148,37,152111
152150,3,152147
152152,5,152147
152154,7,152147
152156,73,152083
152158,11,152147
152160,13,152147
152162,79,152083
152164,17,152147
152166,19,152147
152168,127,152041
152170,23,152147
152172,61,152111
152174,97,152077
152176,29,152147
152178,31,152147
152180,97,152083
152182,59,152123
152184,37,152147
152186,3,152183
152188,5,152183
152190,7,152183
152192,3,152189
152194,5,152189
152196,7,152189
152198,157,152041
152200,3,152197
152202,5,152197
152204,7,152197
152206,3,152203
152208,5,152203
152210,7,152203
152212,23,152189
152214,11,152203
152216,3,152213
152218,5,152213
152220,7,152213
152222,3,152219
152224,5,152219
152226,7,152219
152228,31,152197
152230,11,152219
152232,13,152219
152234,3,152231
152236,5,152231
152238,7,152231
152240,37,152203
152242,3,152239
152244,5,152239
152246,7,152239
152248,17,152231
152250,11,152239
152252,3,152249
152254,5,152249
152256,7,152249
152258,19,152239
152260,11,152249
152262,13,152249
152264,61,152203
152266,17,152249
152268,19,152249
152270,3,152267
152272,5,152267
152274,7,152267
152276,37,152239
152278,11,152267
152280,13,152267
152282,43,152239
152284,17,152267
152286,19,152267
152288,211,152077
152290,3,152287
152292,5,152287
152294,7,152287
152296,3,152293
152298,5,152293
152300,3,152297
152302,5,152297
152304,7,152297
152306,13,152293
152308,11,152297
152310,13,152297
152312,19,152293
152314,3,152311
152316,5,152311
152318,7,152311
152320,23,152297
152322,11,152311
152324,13,152311
152326,29,152297
152328,17,152311
152330,19,152311
152332,83,152249
152334,23,152311
152336,43,152293
152338,41,152297
152340,29,152311
152342,31,152311
152344,47,152297
152346,53,152293
152348,37,152311
152350,53,152297
152352,41,152311
152354,43,152311
152356,59,152297
152358,47,152311
152360,67,152293
152362,113,152249
152364,53,152311
152366,3,152363
152368,5,152363
152370,7,152363
152372,61,152311
152374,11,152363
152376,13,152363
152378,67,152311
152380,3,152377
152382,5,152377
152384,3,152381
152386,5,152381
152388,7,152381
152390,13,152377
152392,3,152389
152394,5,152389
152396,3,152393
152398,5,152393
152400,7,152393
152402,13,152389
152404,11,152393
152406,13,152393
152408,19,152389
152410,3,152407
152412,5,152407
152414,7,152407
152416,23,152393
152418,11,152407
152420,3,152417
152422,3,152419
152424,5,152419
152426,3,152423
152428,5,152423
152430,7,152423
152432,3,152429
152434,5,152429
152436,7,152429
152438,19,152419
152440,11,152429
152442,13,152429
152444,3,152441
152446,3,152443
152448,5,152443
152450,7,152443
152452,11,152441
152454,11,152443
152456,13,152443
152458,17,152441
152460,17,152443
152462,3,152459
152464,3,152461
152466,5,152461
152468,7,152461
152470,11,152459
152472,11,152461
152474,13,152461
152476,17,152459
152478,17,152461
152480,19,152461
152482,23,152459
152484,23,152461
152486,43,152443
152488,29,152459
152490,29,152461
152492,31,152461
152494,53,152441
152496,37,152459
152498,37,152461
152500,41,152459
152502,41,152461
152504,3,152501
152506,5,152501
152508,7,152501
152510,67,152443
152512,11,152501
152514,13,152501
152516,73,152443
152518,17,152501
152520,19,152501
152522,3,152519
152524,5,152519
152526,7,152519
152528,67,152461
152530,11,152519
152532,13,152519
152534,3,152531
152536,3,152533
152538,5,152533
152540,7,152533
152542,3,152539
152544,5,152539
152546,7,152539
152548,17,152531
152550,11,152539
152552,13,152539
152554,23,152531
152556,17,152539
152558,19,152539
152560,29,152531
152562,23,152539
152564,31,152533
152566,3,152563
152568,5,152563
152570,3,152567
152572,5,152567
152574,7,152567
152576,13,152563
152578,11,152567
152580,13,152567
152582,19,152563
152584,17,152567
152586,19,152567
152588,127,152461
152590,23,152567
152592,29,152563
152594,31,152563
152596,29,152567
152598,31,152567
152600,3,152597
152602,3,152599
152604,5,152599
152606,7,152599
152608,11,152597
152610,11,152599
152612,13,152599
152614,17,152597
152616,17,152599
152618,19,152599
152620,3,152617
152622,5,152617
152624,7,152617
152626,3,152623
152628,5,152623
152630,7,152623
152632,3,152629
152634,5,152629
152636,7,152629
152638,41,152597
152640,11,152629
152642,3,152639
152644,3,152641
152646,5,152641
152648,7,152641
152650,11,152639
152652,11,152641
152654,13,152641
152656,17,152639
152658,17,152641
152660,3,152657
152662,5,152657
152664,7,152657
152666,37,152629
152668,11,152657
152670,13,152657
152672,31,152641
152674,3,152671
152676,5,152671
152678,7,152671
152680,23,152657
152682,11,152671
152684,3,152681
152686,5,152681
152688,7,152681
152690,19,152671
152692,11,152681
152694,13,152681
152696,67,152629
152698,17,152681
152700,19,152681
152702,31,152671
152704,23,152681
152706,67,152639
152708,37,152671
152710,29,152681
152712,31,152681
152714,43,152671
152716,59,152657
152718,37,152681
152720,3,152717
152722,5,152717
152724,7,152717
152726,3,152723
152728,5,152723
152730,7,152723
152732,3,152729
152734,5,152729
152736,7,152729
152738,67,152671
152740,11,152729
152742,13,152729
152744,73,152671
152746,17,152729
152748,19,152729
152750,79,152671
152752,23,152729
152754,31,152723
152756,3,152753
152758,5,152753
152760,7,152753
152762,139,152623
152764,11,152753
152766,13,152753
152768,97,152671
152770,3,152767
152772,5,152767
152774,7,152767
152776,23,152753
152778,11,152767
152780,3,152777
152782,5,152777
152784,7,152777
152786,3,152783
152788,5,152783
152790,7,152783
152792,151,152641
152794,3,152791
152796,5,152791
152798,7,152791
152800,17,152783
152802,11,152791
152804,13,152791
152806,23,152783
152808,17,152791
152810,19,152791
152812,3,152809
152814,5,152809
152816,7,152809
152818,41,152777
152820,11,152809
152822,3,152819
152824,3,152821
152826,5,152821
152828,7,152821
152830,11,152819
152832,11,152821
152834,13,152821
152836,3,152833
152838,5,152833
152840,3,152837
152842,3,152839
152844,5,152839
152846,3,152843
152848,5,152843
152850,7,152843
152852,13,152839
152854,3,152851
152856,5,152851
152858,7,152851
152860,3,152857
152862,5,152857
152864,7,152857
152866,23,152843
152868,11,152857
152870,13,152857
152872,29,152843
152874,17,152857
152876,19,152857
152878,41,152837
152880,23,152857
152882,3,152879
152884,5,152879
152886,7,152879
152888,31,152857
152890,11,152879
152892,13,152879
152894,37,152857
152896,17,152879
152898,19,152879
152900,3,152897
152902,3,152899
152904,5,152899
152906,7,152899
152908,11,152897
152910,11,152899
152912,3,152909
152914,5,152909
152916,7,152909
152918,19,152899
152920,11,152909
152922,13,152909
152924,67,152857
152926,17,152909
152928,19,152909
152930,31,152899
152932,23,152909
152934,37,152897
152936,37,152899
152938,29,152909
152940,31,152909
152942,3,152939
152944,3,152941
152946,5,152941
152948,7,152941
152950,3,152947
152952,5,152947
152954,7,152947
152956,3,152953
152958,5,152953
152960,7,152953
152962,3,152959
152964,5,152959
152966,7,152959
152968,29,152939
152970,11,152959
152972,13,152959
152974,131,152843
152976,17,152959
152978,19,152959
152980,41,152939
152982,23,152959
152984,3,152981
152986,5,152981
152988,7,152981
152990,31,152959
152992,3,152989
152994,5,152989
152996,3,152993
152998,5,152993
153000,7,152993
153002,13,152989
153004,3,153001
153006,5,153001
153008,7,153001
153010,17,152993
153012,11,153001
153014,13,153001
153016,23,152993
153018,17,153001
153020,19,153001
153022,29,152993
153024,23,153001
153026,37,152989
153028,47,152981
153030,29,153001
153032,31,153001
153034,41,152993
153036,43,152993
153038,37,153001
153040,47,152993
153042,41,153001
153044,43,153001
153046,53,152993
153048,47,153001
153050,61,152989
153052,59,152993
153054,53,153001
153056,67,152989
153058,149,152909
153060,59,153001
153062,3,153059
153064,5,153059
153066,7,153059
153068,67,153001
153070,3,153067
153072,5,153067
153074,3,153071
153076,3,153073
153078,5,153073
153080,3,153077
153082,5,153077
153084,7,153077
153086,13,153073
153088,11,153077
153090,13,153077
153092,3,153089
153094,5,153089
153096,7,153089
153098,31,153067
153100,11,153089
153102,13,153089
153104,31,153073
153106,17,153089
153108,19,153089
153110,3,153107
153112,5,153107
153114,7,153107
153116,3,153113
153118,5,153113
153120,7,153113
153122,163,152959
153124,11,153113
153126,13,153113
153128,61,153067
153130,17,153113
153132,19,153113
153134,61,153073
153136,3,153133
153138,5,153133
153140,3,153137
153142,5,153137
153144,7,153137
153146,13,153133
153148,11,153137
153150,13,153137
153152,19,153133
153154,3,153151
153156,5,153151
153158,7,153151
153160,23,153137
153162,11,153151
153164,13,153151
153166,29,153137
153168,17,153151
153170,19,153151
153172,59,153113
153174,23,153151
153176,43,153133
153178,41,153137
153180,29,153151
153182,31,153151
153184,47,153137
153186,53,153133
153188,37,153151
153190,53,153137
153192,41,153151
153194,3,153191
153196,5,153191
153198,7,153191
153200,67,153133
153202,11,153191
153204,13,153191
153206,73,153133
153208,17,153191
153210,19,153191
153212,61,153151
153214,23,153191
153216,79,153137
153218,67,153151
153220,29,153191
153222,31,153191
153224,73,153151
153226,89,153137
153228,37,153191
153230,79,153151
153232,41,153191
153234,43,153191
153236,103,153133
153238,47,153191
153240,89,153151
153242,109,153133
153244,53,153191
153246,109,153137
153248,97,153151
153250,3,153247
153252,5,153247
153254,7,153247
153256,149,153107
153258,11,153247
153260,13,153247
153262,3,153259
153264,5,153259
153266,7,153259
153268,131,153137
153270,11,153259
153272,3,153269
153274,3,153271
153276,5,153271
153278,7,153271
153280,3,153277
153282,5,153277
153284,3,153281
153286,5,153281
153288,7,153281
153290,3,153287
153292,5,153287
153294,7,153287
153296,19,153277
153298,11,153287
153300,13,153287
153302,31,153271
153304,17,153287
153306,19,153287
153308,31,153277
153310,23,153287
153312,31,153281
153314,37,153277
153316,3,153313
153318,5,153313
153320,7,153313
153322,3,153319
153324,5,153319
153326,7,153319
153328,41,153287
153330,11,153319
153332,13,153319
153334,47,153287
153336,17,153319
153338,19,153319
153340,3,153337
153342,5,153337
153344,7,153337
153346,3,153343
153348,5,153343
153350,7,153343
153352,71,153281
153354,11,153343
153356,3,153353
153358,5,153353
153360,7,153353
153362,3,153359
153364,5,153359
153366,7,153359
153368,31,153337
153370,11,153359
153372,13,153359
153374,3,153371
153376,5,153371
153378,7,153371
153380,37,153343
153382,3,153379
153384,5,153379
153386,7,153379
153388,17,153371
153390,11,153379
153392,13,153379
153394,23,153371
153396,17,153379
153398,19,153379
153400,29,153371
153402,23,153379
153404,61,153343
153406,47,153359
153408,29,153379
153410,3,153407
153412,3,153409
153414,5,153409
153416,7,153409
153418,11,153407
153420,11,153409
153422,13,153409
153424,3,153421
153426,5,153421
153428,7,153421
153430,3,153427
153432,5,153427
153434,7,153427
153436,29,153407
153438,11,153427
153440,3,153437
153442,5,153437
153444,7,153437
153446,3,153443
153448,5,153443
153450,7,153443
153452,3,153449
153454,5,153449
153456,7,153449
153458,31,153427
153460,3,153457
153462,5,153457
153464,7,153457
153466,17,153449
153468,11,153457
153470,13,153457
153472,3,153469
153474,5,153469
153476,7,153469
153478,29,153449
153480,11,153469
153482,13,153469
153484,41,153443
153486,17,153469
153488,19,153469
153490,3,153487
153492,5,153487
153494,7,153487
153496,47,153449
153498,11,153487
153500,13,153487
153502,3,153499
153504,5,153499
153506,7,153499
153508,59,153449
153510,11,153499
153512,3,153509
153514,3,153511
153516,5,153511
153518,7,153511
153520,11,153509
153522,11,153511
153524,3,153521
153526,3,153523
153528,5,153523
153530,7,153523
153532,3,153529
153534,5,153529
153536,3,153533
153538,5,153533
153540,7,153533
153542,13,153529
153544,11,153533
153546,13,153533
153548,19,153529
153550,17,153533
153552,19,153533
153554,31,153523
153556,23,153533
153558,29,153529
153560,3,153557
153562,5,153557
153564,7,153557
153566,3,153563
153568,5,153563
153570,7,153563
153572,43,153529
153574,11,153563
153576,13,153563
153578,67,153511
153580,17,153563
153582,19,153563
153584,61,153523
153586,23,153563
153588,31,153557
153590,61,153529
153592,3,153589
153594,5,153589
153596,7,153589
153598,41,153557
153600,11,153589
153602,13,153589
153604,41,153563
153606,17,153589
153608,19,153589
153610,3,153607
153612,5,153607
153614,3,153611
153616,5,153611
153618,7,153611
153620,13,153607
153622,11,153611
153624,13,153611
153626,3,153623
153628,5,153623
153630,7,153623
153632,43,153589
153634,11,153623
153636,13,153623
153638,31,153607
153640,17,153623
153642,19,153623
153644,3,153641
153646,5,153641
153648,7,153641
153650,43,153607
153652,3,153649
153654,5,153649
153656,7,153649
153658,17,153641
153660,11,153649
153662,13,153649
153664,23,153641
153666,17,153649
153668,19,153649
153670,29,153641
153672,23,153649
153674,67,153607
153676,53,153623
153678,29,153649
153680,31,153649
153682,41,153641
153684,43,153641
153686,37,153649
153688,47,153641
153690,41,153649
153692,3,153689
153694,5,153689
153696,7,153689
153698,109,153589
153700,11,153689
153702,13,153689
153704,3,153701
153706,5,153701
153708,7,153701
153710,61,153649
153712,11,153701
153714,13,153701
153716,67,153649
153718,17,153701
153720,19,153701
153722,3,153719
153724,5,153719
153726,7,153719
153728,79,153649
153730,11,153719
153732,13,153719
153734,127,153607
153736,3,153733
153738,5,153733
153740,7,153733
153742,3,153739
153744,5,153739
153746,3,153743
153748,5,153743
153750,7,153743
153752,3,153749
153754,5,153749
153756,7,153749
153758,19,153739
153760,3,153757
153762,5,153757
153764,7,153757
153766,3,153763
153768,5,153763
153770,7,153763
153772,23,153749
153774,11,153763
153776,13,153763
153778,29,153749
153780,17,153763
153782,19,153763
153784,41,153743
153786,23,153763
153788,31,153757
153790,41,153749
153792,29,153763
153794,31,153763
153796,47,153749
153798,41,153757
153800,37,153763
153802,53,153749
153804,41,153763
153806,43,153763
153808,59,153749
153810,47,153763
153812,73,153739
153814,71,153743
153816,53,153763
153818,61,153757
153820,3,153817
153822,5,153817
153824,7,153817
153826,83,153743
153828,11,153817
153830,13,153817
153832,83,153749
153834,17,153817
153836,19,153817
153838,89,153749
153840,23,153817
153842,79,153763
153844,3,153841
153846,5,153841
153848,7,153841
153850,101,153749
153852,11,153841
153854,13,153841
153856,107,153749
153858,17,153841
153860,19,153841
153862,113,153749
153864,23,153841
153866,103,153763
153868,149,153719
153870,29,153841
153872,31,153841
153874,3,153871
153876,5,153871
153878,7,153871
153880,3,153877
153882,5,153877
153884,7,153877
153886,137,153749
153888,11,153877
153890,3,153887
153892,3,153889
153894,5,153889
153896,7,153889
153898,11,153887
153900,11,153889
153902,13,153889
153904,17,153887
153906,17,153889
153908,19,153889
153910,23,153887
153912,23,153889
153914,3,153911
153916,3,153913
153918,5,153913
153920,7,153913
153922,11,153911
153924,11,153913
153926,13,153913
153928,17,153911
153930,17,153913
153932,3,153929
153934,5,153929
153936,7,153929
153938,61,153877
153940,11,153929
153942,13,153929
153944,3,153941
153946,5,153941
153948,7,153941
153950,3,153947
153952,3,153949
153954,5,153949
153956,3,153953
153958,5,153953
153960,7,153953
153962,13,153949
153964,11,153953
153966,13,153953
153968,19,153949
153970,17,153953
153972,19,153953
153974,61,153913
153976,23,153953
153978,29,153949
153980,31,153949
153982,29,153953
153984,31,153953
153986,37,153949
153988,41,153947
153990,37,153953
153992,43,153949
153994,3,153991
153996,5,153991
153998,7,153991
154000,3,153997
154002,5,153997
154004,3,154001
154006,5,154001
154008,7,154001
154010,13,153997
154012,11,154001
154014,13,154001
154016,19,153997
154018,17,154001
154020,19,154001
154022,31,153991
154024,23,154001
154026,29,153997
154028,31,153997
154030,3,154027
154032,5,154027
154034,7,154027
154036,83,153953
154038,11,154027
154040,13,154027
154042,41,154001
154044,17,154027
154046,3,154043
154048,5,154043
154050,7,154043
154052,61,153991
154054,11,154043
154056,13,154043
154058,31,154027
154060,3,154057
154062,5,154057
154064,3,154061
154066,5,154061
154068,7,154061
154070,3,154067
154072,5,154067
154074,7,154067
154076,3,154073
154078,5,154073
154080,7,154073
154082,3,154079
154084,3,154081
154086,5,154081
154088,7,154081
154090,3,154087
154092,5,154087
154094,7,154087
154096,17,154079
154098,11,154087
154100,3,154097
154102,5,154097
154104,7,154097
154106,19,154087
154108,11,154097
154110,13,154097
154112,31,154081
154114,3,154111
154116,5,154111
154118,7,154111
154120,23,154097
154122,11,154111
154124,13,154111
154126,29,154097
154128,17,154111
154130,3,154127
154132,5,154127
154134,7,154127
154136,79,154057
154138,11,154127
154140,13,154127
154142,31,154111
154144,17,154127
154146,19,154127
154148,37,154111
154150,23,154127
154152,41,154111
154154,43,154111
154156,3,154153
154158,5,154153
154160,3,154157
154162,3,154159
154164,5,154159
154166,7,154159
154168,11,154157
154170,11,154159
154172,13,154159
154174,17,154157
154176,17,154159
154178,19,154159
154180,23,154157
154182,23,154159
154184,3,154181
154186,3,154183
154188,5,154183
154190,7,154183
154192,11,154181
154194,11,154183
154196,13,154183
154198,17,154181
154200,17,154183
154202,19,154183
154204,23,154181
154206,23,154183
154208,97,154111
154210,29,154181
154212,29,154183
154214,3,154211
154216,3,154213
154218,5,154213
154220,7,154213
154222,11,154211
154224,11,154213
154226,13,154213
154228,17,154211
154230,17,154213
154232,3,154229
154234,5,154229
154236,7,154229
154238,79,154159
154240,11,154229
154242,13,154229
154244,31,154213
154246,3,154243
154248,5,154243
154250,3,154247
154252,5,154247
154254,7,154247
154256,13,154243
154258,11,154247
154260,13,154247
154262,19,154243
154264,17,154247
154266,19,154247
154268,109,154159
154270,3,154267
154272,5,154267
154274,7,154267
154276,29,154247
154278,11,154267
154280,3,154277
154282,3,154279
154284,5,154279
154286,7,154279
154288,11,154277
154290,11,154279
154292,13,154279
154294,3,154291
154296,5,154291
154298,7,154291
154300,23,154277
154302,11,154291
154304,13,154291
154306,3,154303
154308,5,154303
154310,7,154303
154312,83,154229
154314,11,154303
154316,3,154313
154318,5,154313
154320,7,154313
154322,19,154303
154324,3,154321
154326,5,154321
154328,7,154321
154330,17,154313
154332,11,154321
154334,13,154321
154336,3,154333
154338,5,154333
154340,7,154333
154342,3,154339
154344,5,154339
154346,7,154339
154348,71,154277
154350,11,154339
154352,13,154339
154354,3,154351
154356,5,154351
154358,7,154351
154360,47,154313
154362,11,154351
154364,13,154351
154366,53,154313
154368,17,154351
154370,19,154351
154372,3,154369
154374,5,154369
154376,3,154373
154378,5,154373
154380,7,154373
154382,13,154369
154384,11,154373
154386,13,154373
154388,19,154369
154390,3,154387
154392,5,154387
154394,7,154387
154396,23,154373
154398,11,154387
154400,13,154387
154402,29,154373
154404,17,154387
154406,19,154387
154408,131,154277
154410,23,154387
154412,3,154409
154414,5,154409
154416,7,154409
154418,31,154387
154420,3,154417
154422,5,154417
154424,7,154417
154426,3,154423
154428,5,154423
154430,7,154423
154432,23,154409
154434,11,154423
154436,13,154423
154438,29,154409
154440,17,154423
154442,3,154439
154444,5,154439
154446,7,154439
154448,31,154417
154450,11,154439
154452,13,154439
154454,31,154423
154456,17,154439
154458,19,154439
154460,37,154423
154462,3,154459
154464,5,154459
154466,7,154459
154468,29,154439
154470,11,154459
154472,13,154459
154474,101,154373
154476,17,154459
154478,19,154459
154480,41,154439
154482,23,154459
154484,61,154423
154486,47,154439
154488,29,154459
154490,3,154487
154492,5,154487
154494,7,154487
154496,3,154493
154498,5,154493
154500,7,154493
154502,43,154459
154504,3,154501
154506,5,154501
154508,7,154501
154510,17,154493
154512,11,154501
154514,13,154501
154516,23,154493
154518,17,154501
154520,19,154501
154522,29,154493
154524,23,154501
154526,3,154523
154528,5,154523
154530,7,154523
154532,31,154501
154534,11,154523
154536,13,154523
154538,37,154501
154540,17,154523
154542,19,154523
154544,43,154501
154546,3,154543
154548,5,154543
154550,7,154543
154552,29,154523
154554,11,154543
154556,13,154543
154558,71,154487
154560,17,154543
154562,19,154543
154564,41,154523
154566,23,154543
154568,67,154501
154570,47,154523
154572,29,154543
154574,3,154571
154576,3,154573
154578,5,154573
154580,7,154573
154582,3,154579
154584,5,154579
154586,7,154579
154588,17,154571
154590,11,154579
154592,3,154589
154594,3,154591
154596,5,154591
154598,7,154591
154600,11,154589
154602,11,154591
154604,13,154591
154606,17,154589
154608,17,154591
154610,19,154591
154612,23,154589
154614,23,154591
154616,3,154613
154618,5,154613
154620,7,154613
154622,3,154619
154624,3,154621
154626,5,154621
154628,7,154621
154630,11,154619
154632,11,154621
154634,13,154621
154636,17,154619
154638,17,154621
154640,19,154621
154642,23,154619
154644,23,154621
154646,3,154643
154648,5,154643
154650,7,154643
154652,31,154621
154654,11,154643
154656,13,154643
154658,37,154621
154660,17,154643
154662,19,154643
154664,43,154621
154666,23,154643
154668,47,154621
154670,3,154667
154672,3,154669
154674,5,154669
154676,7,154669
154678,11,154667
154680,11,154669
154682,13,154669
154684,3,154681
154686,5,154681
154688,7,154681
154690,23,154667
154692,11,154681
154694,3,154691
154696,5,154691
154698,7,154691
154700,19,154681
154702,3,154699
154704,5,154699
154706,7,154699
154708,17,154691
154710,11,154699
154712,13,154699
154714,23,154691
154716,17,154699
154718,19,154699
154720,29,154691
154722,23,154699
154724,43,154681
154726,3,154723
154728,5,154723
154730,3,154727
154732,5,154727
154734,7,154727
154736,3,154733
154738,5,154733
154740,7,154733
154742,19,154723
154744,11,154733
154746,13,154733
154748,67,154681
154750,3,154747
154752,5,154747
154754,7,154747
154756,3,154753
154758,5,154753
154760,7,154753
154762,29,154733
154764,11,154753
154766,13,154753
154768,41,154727
154770,17,154753
154772,3,154769
154774,5,154769
154776,7,154769
154778,31,154747
154780,11,154769
154782,13,154769
154784,31,154753
154786,17,154769
154788,19,154769
154790,3,154787
154792,3,154789
154794,5,154789
154796,7,154789
154798,11,154787
154800,11,154789
154802,3,154799
154804,5,154799
154806,7,154799
154808,19,154789
154810,3,154807
154812,5,154807
154814,7,154807
154816,17,154799
154818,11,154807
154820,13,154807
154822,23,154799
154824,17,154807
154826,3,154823
154828,5,154823
154830,7,154823
154832,43,154789
154834,11,154823
154836,13,154823
154838,31,154807
154840,17,154823
154842,19,154823
154844,3,154841
154846,5,154841
154848,7,154841
154850,43,154807
154852,3,154849
154854,5,154849
154856,7,154849
154858,17,154841
154860,11,154849
154862,13,154849
154864,23,154841
154866,17,154849
154868,19,154849
154870,29,154841
154872,23,154849
154874,3,154871
154876,3,154873
154878,5,154873
154880,3,154877
154882,5,154877
154884,7,154877
154886,3,154883
154888,5,154883
154890,7,154883
154892,19,154873
154894,11,154883
154896,13,154883
154898,109,154789
154900,3,154897
154902,5,154897
154904,7,154897
154906,23,154883
154908,11,154897
154910,13,154897
154912,29,154883
154914,17,154897
154916,19,154897
154918,41,154877
154920,23,154897
154922,73,154849
154924,41,154883
154926,29,154897
154928,31,154897
154930,3,154927
154932,5,154927
154934,7,154927
154936,3,154933
154938,5,154933
154940,3,154937
154942,5,154937
154944,7,154937
154946,3,154943
154948,5,154943
154950,7,154943
154952,19,154933
154954,11,154943
154956,13,154943
154958,31,154927
154960,17,154943
154962,19,154943
154964,31,154933
154966,23,154943
154968,31,154937
154970,37,154933
154972,29,154943
154974,31,154943
154976,43,154933
154978,41,154937
154980,37,154943
154982,109,154873
154984,3,154981
154986,5,154981
154988,7,154981
154990,47,154943
154992,11,154981
154994,3,154991
154996,5,154991
154998,7,154991
155000,19,154981
155002,11,154991
155004,13,154991
155006,3,155003
155008,5,155003
155010,7,155003
155012,3,155009
155014,5,155009
155016,7,155009
155018,37,154981
155020,3,155017
155022,5,155017
155024,7,155017
155026,17,155009
155028,11,155017
155030,3,155027
155032,5,155027
155034,7,155027
155036,19,155017
155038,11,155027
155040,13,155027
155042,61,154981
155044,17,155027
155046,19,155027
155048,31,155017
155050,3,155047
155052,5,155047
155054,7,155047
155056,29,155027
155058,11,155047
155060,13,155047
155062,53,155009
155064,17,155047
155066,19,155047
155068,41,155027
155070,23,155047
155072,3,155069
155074,5,155069
155076,7,155069
155078,31,155047
155080,11,155069
155082,13,155069
155084,3,155081
155086,3,155083
155088,5,155083
155090,3,155087
155092,5,155087
155094,7,155087
155096,13,155083
155098,11,155087
155100,13,155087
155102,19,155083
155104,17,155087
155106,19,155087
155108,61,155047
155110,23,155087
155112,29,155083
155114,31,155083
155116,29,155087
155118,31,155087
155120,37,155083
155122,3,155119
155124,5,155119
155126,7,155119
155128,41,155087
155130,11,155119
155132,13,155119
155134,47,155087
155136,17,155119
155138,19,155119
155140,3,155137
155142,5,155137
155144,7,155137
155146,59,155087
155148,11,155137
155150,13,155137
155152,71,155081
155154,17,155137
155156,3,155153
155158,5,155153
155160,7,155153
155162,43,155119
155164,3,155161
155166,5,155161
155168,7,155161
155170,3,155167
155172,5,155167
155174,3,155171
155176,5,155171
155178,7,155171
155180,13,155167
155182,11,155171
155184,13,155171
155186,19,155167
155188,17,155171
155190,19,155171
155192,31,155161
155194,3,155191
155196,5,155191
155198,7,155191
155200,29,155171
155202,11,155191
155204,3,155201
155206,3,155203
155208,5,155203
155210,7,155203
155212,3,155209
155214,5,155209
155216,7,155209
155218,17,155201
155220,11,155209
155222,3,155219
155224,5,155219
155226,7,155219
155228,19,155209
155230,11,155219
155232,13,155219
155234,3,155231
155236,5,155231
155238,7,155231
155240,31,155209
155242,11,155231
155244,13,155231
155246,37,155209
155248,17,155231
155250,19,155231
155252,43,155209
155254,3,155251
155256,5,155251
155258,7,155251
155260,29,155231
155262,11,155251
155264,13,155251
155266,47,155219
155268,17,155251
155270,19,155251
155272,3,155269
155274,5,155269
155276,7,155269
155278,47,155231
155280,11,155269
155282,13,155269
155284,53,155231
155286,17,155269
155288,19,155269
155290,59,155231
155292,23,155269
155294,3,155291
155296,5,155291
155298,7,155291
155300,31,155269
155302,3,155299
155304,5,155299
155306,3,155303
155308,5,155303
155310,7,155303
155312,13,155299
155314,11,155303
155316,13,155303
155318,19,155299
155320,3,155317
155322,5,155317
155324,7,155317
155326,23,155303
155328,11,155317
155330,3,155327
155332,5,155327
155334,7,155327
155336,3,155333
155338,5,155333
155340,7,155333
155342,43,155299
155344,11,155333
155346,13,155333
155348,31,155317
155350,17,155333
155352,19,155333
155354,37,155317
155356,23,155333
155358,31,155327
155360,43,155317
155362,29,155333
155364,31,155333
155366,67,155299
155368,41,155327
155370,37,155333
155372,73,155299
155374,3,155371
155376,5,155371
155378,7,155371
155380,3,155377
155382,5,155377
155384,3,155381
155386,3,155383
155388,5,155383
155390,3,155387
155392,5,155387
155394,7,155387
155396,13,155383
155398,11,155387
155400,13,155387
155402,3,155399
155404,5,155399
155406,7,155399
155408,31,155377
155410,11,155399
155412,13,155399
155414,31,155383
155416,3,155413
155418,5,155413
155420,7,155413
155422,23,155399
155424,11,155413
155426,3,155423
155428,5,155423
155430,7,155423
155432,19,155413
155434,11,155423
155436,13,155423
155438,61,155377
155440,17,155423
155442,19,155423
155444,31,155413
155446,3,155443
155448,5,155443
155450,7,155443
155452,29,155423
155454,11,155443
155456,3,155453
155458,5,155453
155460,7,155453
155462,19,155443
155464,3,155461
155466,5,155461
155468,7,155461
155470,17,155453
155472,11,155461
155474,13,155461
155476,3,155473
155478,5,155473
155480,7,155473
155482,29,155453
155484,11,155473
155486,13,155473
155488,89,155399
155490,17,155473
155492,19,155473
155494,41,155453
155496,23,155473
155498,37,155461
155500,47,155453
155502,29,155473
155504,3,155501
155506,5,155501
155508,7,155501
155510,37,155473
155512,3,155509
155514,5,155509
155516,7,155509
155518,17,155501
155520,11,155509
155522,13,155509
155524,3,155521
155526,5,155521
155528,7,155521
155530,29,155501
155532,11,155521
155534,13,155521
155536,83,155453
155538,17,155521
155540,3,155537
155542,3,155539
155544,5,155539
155546,7,155539
155548,11,155537
155550,11,155539
155552,13,155539
155554,17,155537
155556,17,155539
155558,19,155539
155560,3,155557
155562,5,155557
155564,7,155557
155566,29,155537
155568,11,155557
155570,13,155557
155572,3,155569
155574,5,155569
155576,7,155569
155578,41,155537
155580,11,155569
155582,3,155579
155584,3,155581
155586,5,155581
155588,7,155581
155590,11,155579
155592,11,155581
155594,13,155581
155596,3,155593
155598,5,155593
155600,7,155593
155602,3,155599
155604,5,155599
155606,7,155599
155608,29,155579
155610,11,155599
155612,3,155609
155614,5,155609
155616,7,155609
155618,19,155599
155620,11,155609
155622,13,155609
155624,3,155621
155626,5,155621
155628,7,155621
155630,3,155627
155632,5,155627
155634,7,155627
155636,37,155599
155638,11,155627
155640,13,155627
155642,43,155599
155644,17,155627
155646,19,155627
155648,67,155581
155650,23,155627
155652,31,155621
155654,61,155593
155656,3,155653
155658,5,155653
155660,3,155657
155662,5,155657
155664,7,155657
155666,3,155663
155668,5,155663
155670,7,155663
155672,19,155653
155674,3,155671
155676,5,155671
155678,7,155671
155680,17,155663
155682,11,155671
155684,13,155671
155686,23,155663
155688,17,155671
155690,19,155671
155692,3,155689
155694,5,155689
155696,3,155693
155698,5,155693
155700,7,155693
155702,3,155699
155704,5,155699
155706,7,155699
155708,19,155689
155710,3,155707
155712,5,155707
155714,7,155707
155716,17,155699
155718,11,155707
155720,3,155717
155722,3,155719
155724,5,155719
155726,3,155723
155728,5,155723
155730,7,155723
155732,13,155719
155734,3,155731
155736,5,155731
155738,7,155731
155740,17,155723
155742,11,155731
155744,3,155741
155746,5,155741
155748,7,155741
155750,3,155747
155752,5,155747
155754,7,155747
155756,37,155719
155758,11,155747
155760,13,155747
155762,31,155731
155764,17,155747
155766,19,155747
155768,37,155731
155770,23,155747
155772,31,155741
155774,43,155731
155776,3,155773
155778,5,155773
155780,3,155777
155782,5,155777
155784,7,155777
155786,3,155783
155788,5,155783
155790,7,155783
155792,19,155773
155794,11,155783
155796,13,155783
155798,67,155731
155800,3,155797
155802,5,155797
155804,3,155801
155806,5,155801
155808,7,155801
155810,13,155797
155812,3,155809
155814,5,155809
155816,7,155809
155818,17,155801
155820,11,155809
155822,13,155809
155824,3,155821
155826,5,155821
155828,7,155821
155830,29,155801
155832,11,155821
155834,13,155821
155836,3,155833
155838,5,155833
155840,7,155833
155842,41,155801
155844,11,155833
155846,13,155833
155848,47,155801
155850,17,155833
155852,3,155849
155854,3,155851
155856,5,155851
155858,7,155851
155860,11,155849
155862,11,155851
155864,3,155861
155866,3,155863
155868,5,155863
155870,7,155863
155872,11,155861
155874,11,155863
155876,13,155863
155878,17,155861
155880,17,155863
155882,19,155863
155884,23,155861
155886,23,155863
155888,37,155851
155890,3,155887
155892,5,155887
155894,3,155891
155896,3,155893
155898,5,155893
155900,7,155893
155902,11,155891
155904,11,155893
155906,13,155893
155908,17,155891
155910,17,155893
155912,19,155893
155914,23,155891
155916,23,155893
155918,31,155887
155920,29,155891
155922,29,155893
155924,3,155921
155926,5,155921
155928,7,155921
155930,37,155893
155932,11,155921
155934,13,155921
155936,43,155893
155938,17,155921
155940,19,155921
155942,79,155863
155944,23,155921
155946,53,155893
155948,61,155887
155950,29,155921
155952,31,155921
155954,61,155893
155956,107,155849
155958,37,155921
155960,67,155893
155962,41,155921
155964,43,155921
155966,73,155893
155968,47,155921
155970,79,155891
155972,79,155893
155974,53,155921
155976,83,155893
155978,127,155851
155980,59,155921
155982,61,155921
155984,97,155887
155986,137,155849
155988,67,155921
155990,97,155893
155992,71,155921
155994,73,155921
155996,103,155893
155998,107,155891
156000,79,155921
156002,109,155893
156004,83,155921
156006,113,155893
156008,157,155851
156010,3,156007
156012,5,156007
156014,3,156011
156016,5,156011
156018,7,156011
156020,13,156007
156022,3,156019
156024,5,156019
156026,7,156019
156028,17,156011
156030,11,156019
156032,13,156019
156034,23,156011
156036,17,156019
156038,19,156019
156040,29,156011
156042,23,156019
156044,3,156041
156046,5,156041
156048,7,156041
156050,31,156019
156052,11,156041
156054,13,156041
156056,37,156019
156058,17,156041
156060,19,156041
156062,3,156059
156064,3,156061
156066,5,156061
156068,7,156061
156070,11,156059
156072,11,156061
156074,3,156071
156076,5,156071
156078,7,156071
156080,19,156061
156082,11,156071
156084,13,156071
156086,67,156019
156088,17,156071
156090,19,156071
156092,3,156089
156094,5,156089
156096,7,156089
156098,37,156061
156100,11,156089
156102,13,156089
156104,43,156061
156106,17,156089
156108,19,156089
156110,103,156007
156112,3,156109
156114,5,156109
156116,7,156109
156118,29,156089
156120,11,156109
156122,3,156119
156124,5,156119
156126,7,156119
156128,19,156109
156130,3,156127
156132,5,156127
156134,3,156131
156136,5,156131
156138,7,156131
156140,13,156127
156142,3,156139
156144,5,156139
156146,7,156139
156148,17,156131
156150,11,156139
156152,13,156139
156154,3,156151
156156,5,156151
156158,7,156151
156160,3,156157
156162,5,156157
156164,7,156157
156166,47,156119
156168,11,156157
156170,13,156157
156172,41,156131
156174,17,156157
156176,19,156157
156178,47,156131
156180,23,156157
156182,31,156151
156184,53,156131
156186,29,156157
156188,31,156157
156190,59,156131
156192,41,156151
156194,37,156157
156196,107,156089
156198,41,156157
156200,43,156157
156202,71,156131
156204,47,156157
156206,67,156139
156208,89,156119
156210,53,156157
156212,61,156151
156214,83,156131
156216,59,156157
156218,61,156157
156220,3,156217
156222,5,156217
156224,7,156217
156226,107,156119
156228,11,156217
156230,3,156227
156232,3,156229
156234,5,156229
156236,7,156229
156238,11,156227
156240,11,156229
156242,13,156229
156244,3,156241
156246,5,156241
156248,7,156241
156250,23,156227
156252,11,156241
156254,13,156241
156256,3,156253
156258,5,156253
156260,3,156257
156262,3,156259
156264,5,156259
156266,7,156259
156268,11,156257
156270,11,156259
156272,3,156269
156274,5,156269
156276,7,156269
156278,19,156259
156280,11,156269
156282,13,156269
156284,31,156253
156286,17,156269
156288,19,156269
156290,31,156259
156292,23,156269
156294,37,156257
156296,37,156259
156298,29,156269
156300,31,156269
156302,43,156259
156304,47,156257
156306,37,156269
156308,67,156241
156310,3,156307
156312,5,156307
156314,7,156307
156316,47,156269
156318,11,156307
156320,13,156307
156322,3,156319
156324,5,156319
156326,7,156319
156328,59,156269
156330,11,156319
156332,3,156329
156334,5,156329
156336,7,156329
156338,19,156319
156340,11,156329
156342,13,156329
156344,37,156307
156346,17,156329
156348,19,156329
156350,3,156347
156352,5,156347
156354,7,156347
156356,3,156353
156358,5,156353
156360,7,156353
156362,43,156319
156364,3,156361
156366,5,156361
156368,7,156361
156370,17,156353
156372,11,156361
156374,3,156371
156376,5,156371
156378,7,156371
156380,19,156361
156382,11,156371
156384,13,156371
156386,67,156319
156388,17,156371
156390,19,156371
156392,31,156361
156394,23,156371
156396,43,156353
156398,37,156361
156400,29,156371
156402,31,156371
156404,43,156361
156406,53,156353
156408,37,156371
156410,103,156307
156412,41,156371
156414,43,156371
156416,97,156319
156418,47,156371
156420,59,156361
156422,3,156419
156424,3,156421
156426,5,156421
156428,7,156421
156430,11,156419
156432,11,156421
156434,13,156421
156436,17,156419
156438,17,156421
156440,3,156437
156442,5,156437
156444,7,156437
156446,127,156319
156448,11,156437
156450,13,156437
156452,31,156421
156454,17,156437
156456,19,156437
156458,37,156421
156460,23,156437
156462,41,156421
156464,43,156421
156466,29,156437
156468,31,156437
156470,3,156467
156472,5,156467
156474,7,156467
156476,157,156319
156478,11,156467
156480,13,156467
156482,61,156421
156484,17,156467
156486,19,156467
156488,67,156421
156490,3,156487
156492,5,156487
156494,3,156491
156496,3,156493
156498,5,156493
156500,7,156493
156502,11,156491
156504,11,156493
156506,13,156493
156508,17,156491
156510,17,156493
156512,19,156493
156514,3,156511
156516,5,156511
156518,7,156511
156520,29,156491
156522,11,156511
156524,3,156521
156526,5,156521
156528,7,156521
156530,19,156511
156532,11,156521
156534,13,156521
156536,43,156493
156538,17,156521
156540,19,156521
156542,3,156539
156544,5,156539
156546,7,156539
156548,37,156511
156550,11,156539
156552,13,156539
156554,43,156511
156556,17,156539
156558,19,156539
156560,67,156493
156562,23,156539
156564,43,156521
156566,73,156493
156568,29,156539
156570,31,156539
156572,61,156511
156574,53,156521
156576,37,156539
156578,67,156511
156580,3,156577
156582,5,156577
156584,7,156577
156586,47,156539
156588,11,156577
156590,13,156577
156592,3,156589
156594,5,156589
156596,3,156593
156598,5,156593
156600,7,156593
156602,13,156589
156604,3,156601
156606,5,156601
156608,7,156601
156610,17,156593
156612,11,156601
156614,13,156601
156616,23,156593
156618,17,156601
156620,19,156601
156622,3,156619
156624,5,156619
156626,3,156623
156628,5,156623
156630,7,156623
156632,13,156619
156634,3,156631
156636,5,156631
156638,7,156631
156640,17,156623
156642,11,156631
156644,3,156641
156646,5,156641
156648,7,156641
156650,19,156631
156652,11,156641
156654,13,156641
156656,37,156619
156658,17,156641
156660,19,156641
156662,3,156659
156664,5,156659
156666,7,156659
156668,37,156631
156670,11,156659
156672,13,156659
156674,3,156671
156676,5,156671
156678,7,156671
156680,3,156677
156682,3,156679
156684,5,156679
156686,3,156683
156688,5,156683
156690,7,156683
156692,13,156679
156694,3,156691
156696,5,156691
156698,7,156691
156700,17,156683
156702,11,156691
156704,13,156691
156706,3,156703
156708,5,156703
156710,3,156707
156712,5,156707
156714,7,156707
156716,13,156703
156718,11,156707
156720,13,156707
156722,3,156719
156724,5,156719
156726,7,156719
156728,37,156691
156730,3,156727
156732,5,156727
156734,7,156727
156736,3,156733
156738,5,156733
156740,7,156733
156742,23,156719
156744,11,156733
156746,13,156733
156748,29,156719
156750,17,156733
156752,3,156749
156754,5,156749
156756,7,156749
156758,31,156727
156760,11,156749
156762,13,156749
156764,31,156733
156766,17,156749
156768,19,156749
156770,37,156733
156772,23,156749
156774,41,156733
156776,43,156733
156778,29,156749
156780,31,156749
156782,79,156703
156784,3,156781
156786,5,156781
156788,7,156781
156790,41,156749
156792,11,156781
156794,13,156781
156796,47,156749
156798,17,156781
156800,3,156797
156802,3,156799
156804,5,156799
156806,7,156799
156808,11,156797
156810,11,156799
156812,13,156799
156814,17,156797
156816,17,156799
156818,19,156799
156820,3,156817
156822,5,156817
156824,7,156817
156826,3,156823
156828,5,156823
156830,7,156823
156832,83,156749
156834,11,156823
156836,3,156833
156838,5,156833
156840,7,156833
156842,19,156823
156844,3,156841
156846,5,156841
156848,7,156841
156850,17,156833
156852,11,156841
156854,13,156841
156856,23,156833
156858,17,156841
156860,19,156841
156862,29,156833
156864,23,156841
156866,43,156823
156868,71,156797
156870,29,156841
156872,31,156841
156874,41,156833
156876,43,156833
156878,37,156841
156880,47,156833
156882,41,156841
156884,43,156841
156886,53,156833
156888,47,156841
156890,3,156887
156892,5,156887
156894,7,156887
156896,73,156823
156898,11,156887
156900,13,156887
156902,3,156899
156904,3,156901
156906,5,156901
156908,7,156901
156910,11,156899
156912,11,156901
156914,13,156901
156916,3,156913
156918,5,156913
156920,7,156913
156922,23,156899
156924,11,156913
156926,13,156913
156928,29,156899
156930,17,156913
156932,19,156913
156934,47,156887
156936,23,156913
156938,37,156901
156940,41,156899
156942,29,156913
156944,3,156941
156946,3,156943
156948,5,156943
156950,7,156943
156952,11,156941
156954,11,156943
156956,13,156943
156958,17,156941
156960,17,156943
156962,19,156943
156964,23,156941
156966,23,156943
156968,67,156901
156970,3,156967
156972,5,156967
156974,3,156971
156976,5,156971
156978,7,156971
156980,13,156967
156982,3,156979
156984,5,156979
156986,7,156979
156988,17,156971
156990,11,156979
156992,13,156979
156994,23,156971
156996,17,156979
156998,19,156979
157000,29,156971
157002,23,156979
157004,37,156967
157006,107,156899
157008,29,156979
157010,3,157007
157012,5,157007
157014,7,157007
157016,3,157013
157018,5,157013
157020,7,157013
157022,3,157019
157024,5,157019
157026,7,157019
157028,61,156967
157030,11,157019
157032,13,157019
157034,67,156967
157036,17,157019
157038,19,157019
157040,3,157037
157042,5,157037
157044,7,157037
157046,67,156979
157048,11,157037
157050,13,157037
157052,3,157049
157054,3,157051
157056,5,157051
157058,7,157051
157060,3,157057
157062,5,157057
157064,3,157061
157066,5,157061
157068,7,157061
157070,13,157057
157072,11,157061
157074,13,157061
157076,19,157057
157078,17,157061
157080,19,157061
157082,31,157051
157084,3,157081
157086,5,157081
157088,7,157081
157090,29,157061
157092,11,157081
157094,13,157081
157096,47,157049
157098,17,157081
157100,19,157081
157102,41,157061
157104,23,157081
157106,3,157103
157108,5,157103
157110,7,157103
157112,3,157109
157114,5,157109
157116,7,157109
157118,37,157081
157120,11,157109
157122,13,157109
157124,43,157081
157126,17,157109
157128,19,157109
157130,3,157127
157132,5,157127
157134,7,157127
157136,3,157133
157138,5,157133
157140,7,157133
157142,61,157081
157144,3,157141
157146,5,157141
157148,7,157141
157150,17,157133
157152,11,157141
157154,13,157141
157156,23,157133
157158,17,157141
157160,19,157141
157162,29,157133
157164,23,157141
157166,3,157163
157168,5,157163
157170,7,157163
157172,31,157141
157174,11,157163
157176,13,157163
157178,37,157141
157180,3,157177
157182,5,157177
157184,3,157181
157186,5,157181
157188,7,157181
157190,13,157177
157192,3,157189
157194,5,157189
157196,7,157189
157198,17,157181
157200,11,157189
157202,13,157189
157204,23,157181
157206,17,157189
157208,19,157189
157210,3,157207
157212,5,157207
157214,3,157211
157216,5,157211
157218,7,157211
157220,3,157217
157222,3,157219
157224,5,157219
157226,7,157219
157228,11,157217
157230,11,157219
157232,3,157229
157234,3,157231
157236,5,157231
157238,7,157231
157240,11,157229
157242,11,157231
157244,13,157231
157246,3,157243
157248,5,157243
157250,3,157247
157252,5,157247
157254,7,157247
157256,3,157253
157258,5,157253
157260,7,157253
157262,3,157259
157264,5,157259
157266,7,157259
157268,37,157231
157270,11,157259
157272,13,157259
157274,3,157271
157276,3,157273
157278,5,157273
157280,3,157277
157282,3,157279
157284,5,157279
157286,7,157279
157288,11,157277
157290,11,157279
157292,13,157279
157294,3,157291
157296,5,157291
157298,7,157291
157300,23,157277
157302,11,157291
157304,13,157291
157306,3,157303
157308,5,157303
157310,3,157307
157312,5,157307
157314,7,157307
157316,13,157303
157318,11,157307
157320,13,157307
157322,19,157303
157324,3,157321
157326,5,157321
157328,7,157321
157330,3,157327
157332,5,157327
157334,7,157327
157336,29,157307
157338,11,157327
157340,13,157327
157342,71,157271
157344,17,157327
157346,19,157327
157348,41,157307
157350,23,157327
157352,3,157349
157354,3,157351
157356,5,157351
157358,7,157351
157360,11,157349
157362,11,157351
157364,13,157351
157366,3,157363
157368,5,157363
157370,7,157363
157372,23,157349
157374,11,157363
157376,13,157363
157378,29,157349
157380,17,157363
157382,19,157363
157384,107,157277
157386,23,157363
157388,37,157351
157390,41,157349
157392,29,157363
157394,31,157363
157396,3,157393
157398,5,157393
157400,7,157393
157402,53,157349
157404,11,157393
157406,13,157393
157408,59,157349
157410,17,157393
157412,19,157393
157414,3,157411
157416,5,157411
157418,7,157411
157420,71,157349
157422,11,157411
157424,13,157411
157426,149,157277
157428,17,157411
157430,3,157427
157432,3,157429
157434,5,157429
157436,3,157433
157438,5,157433
157440,7,157433
157442,13,157429
157444,11,157433
157446,13,157433
157448,19,157429
157450,17,157433
157452,19,157433
157454,43,157411
157456,23,157433
157458,29,157429
157460,3,157457
157462,5,157457
157464,7,157457
157466,37,157429
157468,11,157457
157470,13,157457
157472,43,157429
157474,17,157457
157476,19,157457
157478,67,157411
157480,3,157477
157482,5,157477
157484,7,157477
157486,3,157483
157488,5,157483
157490,7,157483
157492,3,157489
157494,5,157489
157496,7,157489
157498,41,157457
157500,11,157489
157502,13,157489
157504,47,157457
157506,17,157489
157508,19,157489
157510,53,157457
157512,23,157489
157514,31,157483
157516,3,157513
157518,5,157513
157520,7,157513
157522,3,157519
157524,5,157519
157526,3,157523
157528,5,157523
157530,7,157523
157532,13,157519
157534,11,157523
157536,13,157523
157538,19,157519
157540,17,157523
157542,19,157523
157544,31,157513
157546,3,157543
157548,5,157543
157550,7,157543
157552,29,157523
157554,11,157543
157556,13,157543
157558,101,157457
157560,17,157543
157562,3,157559
157564,3,157561
157566,5,157561
157568,7,157561
157570,11,157559
157572,11,157561
157574,3,157571
157576,5,157571
157578,7,157571
157580,19,157561
157582,3,157579
157584,5,157579
157586,7,157579
157588,17,157571
157590,11,157579
157592,13,157579
157594,23,157571
157596,17,157579
157598,19,157579
157600,29,157571
157602,23,157579
157604,43,157561
157606,47,157559
157608,29,157579
157610,31,157579
157612,41,157571
157614,43,157571
157616,37,157579
157618,47,157571
157620,41,157579
157622,43,157579
157624,53,157571
157626,47,157579
157628,67,157561
157630,3,157627
157632,5,157627
157634,7,157627
157636,113,157523
157638,11,157627
157640,3,157637
157642,3,157639
157644,5,157639
157646,7,157639
157648,11,157637
157650,11,157639
157652,3,157649
157654,5,157649
157656,7,157649
157658,19,157639
157660,11,157649
157662,13,157649
157664,37,157627
157666,17,157649
157668,19,157649
157670,3,157667
157672,3,157669
157674,5,157669
157676,7,157669
157678,11,157667
157680,11,157669
157682,3,157679
157684,5,157679
157686,7,157679
157688,19,157669
157690,11,157679
157692,13,157679
157694,67,157627
157696,17,157679
157698,19,157679
157700,31,157669
157702,23,157679
157704,37,157667
157706,37,157669
157708,29,157679
157710,31,157679
157712,43,157669
157714,47,157667
157716,37,157679
157718,79,157639
157720,41,157679
157722,43,157679
157724,3,157721
157726,5,157721
157728,7,157721
157730,61,157669
157732,11,157721
157734,13,157721
157736,3,157733
157738,5,157733
157740,7,157733
157742,3,157739
157744,5,157739
157746,7,157739
157748,79,157669
157750,3,157747
157752,5,157747
157754,7,157747
157756,17,157739
157758,11,157747
157760,13,157747
157762,23,157739
157764,17,157747
157766,19,157747
157768,29,157739
157770,23,157747
157772,3,157769
157774,3,157771
157776,5,157771
157778,7,157771
157780,11,157769
157782,11,157771
157784,13,157771
157786,17,157769
157788,17,157771
157790,19,157771
157792,23,157769
157794,23,157771
157796,3,157793
157798,5,157793
157800,7,157793
157802,3,157799
157804,5,157799
157806,7,157799
157808,37,157771
157810,11,157799
157812,13,157799
157814,43,157771
157816,3,157813
157818,5,157813
157820,7,157813
157822,23,157799
157824,11,157813
157826,3,157823
157828,5,157823
157830,7,157823
157832,19,157813
157834,3,157831
157836,5,157831
157838,7,157831
157840,3,157837
157842,5,157837
157844,3,157841
157846,5,157841
157848,7,157841
157850,13,157837
157852,11,157841
157854,13,157841
157856,19,157837
157858,17,157841
157860,19,157841
157862,31,157831
157864,23,157841
157866,29,157837
157868,31,157837
157870,3,157867
157872,5,157867
157874,7,157867
157876,53,157823
157878,11,157867
157880,3,157877
157882,5,157877
157884,7,157877
157886,19,157867
157888,11,157877
157890,13,157877
157892,3,157889
157894,5,157889
157896,7,157889
157898,31,157867
157900,3,157897
157902,5,157897
157904,3,157901
157906,5,157901
157908,7,157901
157910,3,157907
157912,5,157907
157914,7,157907
157916,19,157897
157918,11,157907
157920,13,157907
157922,109,157813
157924,17,157907
157926,19,157907
157928,31,157897
157930,23,157907
157932,31,157901
157934,3,157931
157936,3,157933
157938,5,157933
157940,7,157933
157942,11,157931
157944,11,157933
157946,13,157933
157948,17,157931
157950,17,157933
157952,19,157933
157954,3,157951
157956,5,157951
157958,7,157951
157960,29,157931
157962,11,157951
157964,13,157951
157966,59,157907
157968,17,157951
157970,19,157951
157972,41,157931
157974,23,157951
157976,43,157933
157978,47,157931
157980,29,157951
157982,31,157951
157984,53,157931
157986,53,157933
157988,37,157951
157990,59,157931
157992,41,157951
157994,3,157991
157996,5,157991
157998,7,157991
158000,67,157933
158002,3,157999
158004,5,157999
158006,3,158003
158008,5,158003
158010,7,158003
158012,3,158009
158014,5,158009
158016,7,158009
158018,19,157999
158020,3,158017
158022,5,158017
158024,7,158017
158026,17,158009
158028,11,158017
158030,13,158017
158032,3,158029
158034,5,158029
158036,7,158029
158038,29,158009
158040,11,158029
158042,13,158029
158044,41,158003
158046,17,158029
158048,19,158029
158050,3,158047
158052,5,158047
158054,7,158047
158056,47,158009
158058,11,158047
158060,13,158047
158062,53,158009
158064,17,158047
158066,19,158047
158068,59,158009
158070,23,158047
158072,43,158029
158074,3,158071
158076,5,158071
158078,7,158071
158080,3,158077
158082,5,158077
158084,7,158077
158086,83,158003
158088,11,158077
158090,13,158077
158092,83,158009
158094,17,158077
158096,19,158077
158098,89,158009
158100,23,158077
158102,31,158071
158104,101,158003
158106,29,158077
158108,31,158077
158110,101,158009
158112,41,158071
158114,37,158077
158116,3,158113
158118,5,158113
158120,7,158113
158122,113,158009
158124,11,158113
158126,13,158113
158128,137,157991
158130,17,158113
158132,3,158129
158134,5,158129
158136,7,158129
158138,61,158077
158140,11,158129
158142,13,158129
158144,3,158141
158146,3,158143
158148,5,158143
158150,7,158143
158152,11,158141
158154,11,158143
158156,13,158143
158158,17,158141
158160,17,158143
158162,19,158143
158164,3,158161
158166,5,158161
158168,7,158161
158170,29,158141
158172,11,158161
158174,13,158161
158176,47,158129
158178,17,158161
158180,19,158161
158182,41,158141
158184,23,158161
158186,43,158143
158188,47,158141
158190,29,158161
158192,3,158189
158194,5,158189
158196,7,158189
158198,37,158161
158200,11,158189
158202,13,158189
158204,3,158201
158206,5,158201
158208,7,158201
158210,67,158143
158212,3,158209
158214,5,158209
158216,7,158209
158218,17,158201
158220,11,158209
158222,13,158209
158224,23,158201
158226,17,158209
158228,19,158209
158230,3,158227
158232,5,158227
158234,3,158231
158236,3,158233
158238,5,158233
158240,7,158233
158242,11,158231
158244,11,158233
158246,3,158243
158248,5,158243
158250,7,158243
158252,19,158233
158254,11,158243
158256,13,158243
158258,31,158227
158260,17,158243
158262,19,158243
158264,3,158261
158266,5,158261
158268,7,158261
158270,37,158233
158272,3,158269
158274,5,158269
158276,7,158269
158278,17,158261
158280,11,158269
158282,13,158269
158284,23,158261
158286,17,158269
158288,19,158269
158290,29,158261
158292,23,158269
158294,61,158233
158296,3,158293
158298,5,158293
158300,7,158293
158302,41,158261
158304,11,158293
158306,3,158303
158308,5,158303
158310,7,158303
158312,19,158293
158314,11,158303
158316,13,158303
158318,109,158209
158320,17,158303
158322,19,158303
158324,31,158293
158326,23,158303
158328,59,158269
158330,37,158293
158332,3,158329
158334,5,158329
158336,7,158329
158338,107,158231
158340,11,158329
158342,13,158329
158344,3,158341
158346,5,158341
158348,7,158341
158350,47,158303
158352,11,158341
158354,3,158351
158356,5,158351
158358,7,158351
158360,3,158357
158362,3,158359
158364,5,158359
158366,3,158363
158368,5,158363
158370,7,158363
158372,13,158359
158374,3,158371
158376,5,158371
158378,7,158371
158380,17,158363
158382,11,158371
158384,13,158371
158386,23,158363
158388,17,158371
158390,19,158371
158392,29,158363
158394,23,158371
158396,3,158393
158398,5,158393
158400,7,158393
158402,31,158371
158404,11,158393
158406,13,158393
158408,37,158371
158410,3,158407
158412,5,158407
158414,7,158407
158416,23,158393
158418,11,158407
158420,13,158407
158422,3,158419
158424,5,158419
158426,7,158419
158428,71,158357
158430,11,158419
158432,3,158429
158434,5,158429
158436,7,158429
158438,19,158419
158440,11,158429
158442,13,158429
158444,37,158407
158446,3,158443
158448,5,158443
158450,7,158443
158452,3,158449
158454,5,158449
158456,7,158449
158458,29,158429
158460,11,158449
158462,13,158449
158464,71,158393
158466,17,158449
158468,19,158449
158470,41,158429
158472,23,158449
158474,31,158443
158476,47,158429
158478,29,158449
158480,31,158449
158482,53,158429
158484,41,158443
158486,37,158449
158488,59,158429
158490,41,158449
158492,3,158489
158494,5,158489
158496,7,158489
158498,79,158419
158500,11,158489
158502,13,158489
158504,61,158443
158506,17,158489
158508,19,158489
158510,3,158507
158512,5,158507
158514,7,158507
158516,67,158449
158518,11,158507
158520,13,158507
158522,3,158519
158524,5,158519
158526,7,158519
158528,79,158449
158530,3,158527
158532,5,158527
158534,7,158527
158536,17,158519
158538,11,158527
158540,3,158537
158542,5,158537
158544,7,158537
158546,19,158527
158548,11,158537
158550,13,158537
158552,103,158449
158554,3,158551
158556,5,158551
158558,7,158551
158560,23,158537
158562,11,158551
158564,13,158551
158566,3,158563
158568,5,158563
158570,3,158567
158572,5,158567
158574,7,158567
158576,3,158573
158578,5,158573
158580,7,158573
158582,19,158563
158584,3,158581
158586,5,158581
158588,7,158581
158590,17,158573
158592,11,158581
158594,3,158591
158596,5,158591
158598,7,158591
158600,3,158597
158602,5,158597
158604,7,158597
158606,43,158563
158608,11,158597
158610,13,158597
158612,31,158581
158614,3,158611
158616,5,158611
158618,7,158611
158620,3,158617
158622,5,158617
158624,3,158621
158626,5,158621
158628,7,158621
158630,13,158617
158632,11,158621
158634,13,158621
158636,3,158633
158638,5,158633
158640,7,158633
158642,31,158611
158644,11,158633
158646,13,158633
158648,31,158617
158650,3,158647
158652,5,158647
158654,7,158647
158656,23,158633
158658,11,158647
158660,3,158657
158662,5,158657
158664,7,158657
158666,3,158663
158668,5,158663
158670,7,158663
158672,61,158611
158674,11,158663
158676,13,158663
158678,31,158647
158680,17,158663
158682,19,158663
158684,37,158647
158686,23,158663
158688,31,158657
158690,43,158647
158692,29,158663
158694,31,158663
158696,79,158617
158698,41,158657
158700,37,158663
158702,3,158699
158704,5,158699
158706,7,158699
158708,61,158647
158710,11,158699
158712,13,158699
158714,67,158647
158716,17,158699
158718,19,158699
158720,73,158647
158722,23,158699
158724,61,158663
158726,79,158647
158728,29,158699
158730,31,158699
158732,151,158581
158734,3,158731
158736,5,158731
158738,7,158731
158740,41,158699
158742,11,158731
158744,13,158731
158746,47,158699
158748,17,158731
158750,3,158747
158752,3,158749
158754,5,158749
158756,7,158749
158758,11,158747
158760,11,158749
158762,3,158759
158764,3,158761
158766,5,158761
158768,7,158761
158770,11,158759
158772,11,158761
158774,3,158771
158776,5,158771
158778,7,158771
158780,3,158777
158782,5,158777
158784,7,158777
158786,37,158749
158788,11,158777
158790,13,158777
158792,31,158761
158794,3,158791
158796,5,158791
158798,7,158791
158800,23,158777
158802,11,158791
158804,13,158791
158806,3,158803
158808,5,158803
158810,7,158803
158812,41,158771
158814,11,158803
158816,13,158803
158818,41,158777
158820,17,158803
158822,19,158803
158824,47,158777
158826,23,158803
158828,37,158791
158830,53,158777
158832,29,158803
158834,31,158803
158836,59,158777
158838,47,158791
158840,37,158803
158842,71,158771
158844,41,158803
158846,3,158843
158848,5,158843
158850,7,158843
158852,3,158849
158854,5,158849
158856,7,158849
158858,67,158791
158860,11,158849
158862,13,158849
158864,61,158803
158866,3,158863
158868,5,158863
158870,3,158867
158872,5,158867
158874,7,158867
158876,13,158863
158878,11,158867
158880,13,158867
158882,19,158863
158884,3,158881
158886,5,158881
158888,7,158881
158890,23,158867
158892,11,158881
158894,13,158881
158896,29,158867
158898,17,158881
158900,19,158881
158902,53,158849
158904,23,158881
158906,43,158863
158908,41,158867
158910,29,158881
158912,3,158909
158914,5,158909
158916,7,158909
158918,37,158881
158920,11,158909
158922,13,158909
158924,43,158881
158926,3,158923
158928,5,158923
158930,3,158927
158932,5,158927
158934,7,158927
158936,13,158923
158938,11,158927
158940,13,158927
158942,19,158923
158944,3,158941
158946,5,158941
158948,7,158941
158950,23,158927
158952,11,158941
158954,13,158941
158956,29,158927
158958,17,158941
158960,19,158941
158962,3,158959
158964,5,158959
158966,7,158959
158968,41,158927
158970,11,158959
158972,13,158959
158974,47,158927
158976,17,158959
158978,19,158959
158980,53,158927
158982,23,158959
158984,3,158981
158986,5,158981
158988,7,158981
158990,31,158959
158992,11,158981
158994,13,158981
158996,3,158993
158998,5,158993
159000,7,158993
159002,43,158959
159004,11,158993
159006,13,158993
159008,67,158941
159010,17,158993
159012,19,158993
159014,73,158941
159016,3,159013
159018,5,159013
159020,3,159017
159022,5,159017
159024,7,159017
159026,3,159023
159028,5,159023
159030,7,159023
159032,19,159013
159034,11,159023
159036,13,159023
159038,79,158959
159040,17,159023
159042,19,159023
159044,31,159013
159046,23,159023
159048,31,159017
159050,37,159013
159052,29,159023
159054,31,159023
159056,43,159013
159058,41,159017
159060,37,159023
159062,3,159059
159064,5,159059
159066,7,159059
159068,109,158959
159070,11,159059
159072,13,159059
159074,61,159013
159076,3,159073
159078,5,159073
159080,7,159073
159082,3,159079
159084,5,159079
159086,7,159079
159088,29,159059
159090,11,159079
159092,13,159079
159094,71,159023
159096,17,159079
159098,19,159079
159100,3,159097
159102,5,159097
159104,7,159097
159106,47,159059
159108,11,159097
159110,13,159097
159112,53,159059
159114,17,159097
159116,3,159113
159118,5,159113
159120,7,159113
159122,3,159119
159124,5,159119
159126,7,159119
159128,31,159097
159130,11,159119
159132,13,159119
159134,37,159097
159136,17,159119
159138,19,159119
159140,43,159097
159142,23,159119
159144,31,159113
159146,67,159079
159148,29,159119
159150,31,159119
159152,73,159079
159154,41,159113
159156,37,159119
159158,61,159097
159160,3,159157
159162,5,159157
159164,3,159161
159166,5,159161
159168,7,159161
159170,3,159167
159172,3,159169
159174,5,159169
159176,7,159169
159178,11,159167
159180,11,159169
159182,3,159179
159184,5,159179
159186,7,159179
159188,19,159169
159190,11,159179
159192,13,159179
159194,3,159191
159196,3,159193
159198,5,159193
159200,7,159193
159202,3,159199
159204,5,159199
159206,7,159199
159208,17,159191
159210,11,159199
159212,3,159209
159214,5,159209
159216,7,159209
159218,19,159199
159220,11,159209
159222,13,159209
159224,31,159193
159226,3,159223
159228,5,159223
159230,3,159227
159232,5,159227
159234,7,159227
159236,3,159233
159238,5,159233
159240,7,159233
159242,19,159223
159244,11,159233
159246,13,159233
159248,79,159169
159250,17,159233
159252,19,159233
159254,31,159223
159256,23,159233
159258,31,159227
159260,37,159223
159262,29,159233
159264,31,159233
159266,43,159223
159268,41,159227
159270,37,159233
159272,73,159199
159274,41,159233
159276,43,159233
159278,79,159199
159280,47,159233
159282,59,159223
159284,61,159223
159286,53,159233
159288,61,159227
159290,3,159287
159292,5,159287
159294,7,159287
159296,3,159293
159298,5,159293
159300,7,159293
159302,79,159223
159304,11,159293
159306,13,159293
159308,109,159199
159310,17,159293
159312,19,159293
159314,3,159311
159316,5,159311
159318,7,159311
159320,97,159223
159322,3,159319
159324,5,159319
159326,7,159319
159328,17,159311
159330,11,159319
159332,13,159319
159334,23,159311
159336,17,159319
159338,19,159319
159340,3,159337
159342,5,159337
159344,7,159337
159346,53,159293
159348,11,159337
159350,3,159347
159352,3,159349
159354,5,159349
159356,7,159349
159358,11,159347
159360,11,159349
159362,13,159349
159364,3,159361
159366,5,159361
159368,7,159361
159370,23,159347
159372,11,159361
159374,13,159361
159376,29,159347
159378,17,159361
159380,19,159361
159382,71,159311
159384,23,159361
159386,37,159349
159388,41,159347
159390,29,159361
159392,3,159389
159394,5,159389
159396,7,159389
159398,37,159361
159400,11,159389
159402,13,159389
159404,43,159361
159406,3,159403
159408,5,159403
159410,3,159407
159412,5,159407
159414,7,159407
159416,13,159403
159418,11,159407
159420,13,159407
159422,19,159403
159424,3,159421
159426,5,159421
159428,7,159421
159430,23,159407
159432,11,159421
159434,3,159431
159436,5,159431
159438,7,159431
159440,3,159437
159442,5,159437
159444,7,159437
159446,43,159403
159448,11,159437
159450,13,159437
159452,31,159421
159454,17,159437
159456,19,159437
159458,37,159421
159460,3,159457
159462,5,159457
159464,7,159457
159466,3,159463
159468,5,159463
159470,7,159463
159472,3,159469
159474,5,159469
159476,3,159473
159478,5,159473
159480,7,159473
159482,13,159469
159484,11,159473
159486,13,159473
159488,19,159469
159490,17,159473
159492,19,159473
159494,3,159491
159496,5,159491
159498,7,159491
159500,31,159469
159502,3,159499
159504,5,159499
159506,3,159503
159508,5,159503
159510,7,159503
159512,13,159499
159514,11,159503
159516,13,159503
159518,19,159499
159520,17,159503
159522,19,159503
159524,3,159521
159526,5,159521
159528,7,159521
159530,31,159499
159532,11,159521
159534,13,159521
159536,37,159499
159538,17,159521
159540,19,159521
159542,3,159539
159544,3,159541
159546,5,159541
159548,7,159541
159550,11,159539
159552,11,159541
159554,13,159541
159556,3,159553
159558,5,159553
159560,7,159553
159562,23,159539
159564,11,159553
159566,3,159563
159568,5,159563
159570,7,159563
159572,3,159569
159574,3,159571
159576,5,159571
159578,7,159571
159580,11,159569
159582,11,159571
159584,13,159571
159586,17,159569
159588,17,159571
159590,19,159571
159592,3,159589
159594,5,159589
159596,7,159589
159598,29,159569
159600,11,159589
159602,13,159589
159604,41,159563
159606,17,159589
159608,19,159589
159610,41,159569
159612,23,159589
159614,43,159571
159616,47,159569
159618,29,159589
159620,3,159617
159622,5,159617
159624,7,159617
159626,3,159623
159628,5,159623
159630,7,159623
159632,3,159629
159634,3,159631
159636,5,159631
159638,7,159631
159640,11,159629
159642,11,159631
159644,13,159631
159646,17,159629
159648,17,159631
159650,19,159631
159652,23,159629
159654,23,159631
159656,67,159589
159658,29,159629
159660,29,159631
159662,31,159631
159664,41,159623
159666,37,159629
159668,37,159631
159670,3,159667
159672,5,159667
159674,3,159671
159676,3,159673
159678,5,159673
159680,7,159673
159682,11,159671
159684,11,159673
159686,3,159683
159688,5,159683
159690,7,159683
159692,19,159673
159694,11,159683
159696,13,159683
159698,31,159667
159700,3,159697
159702,5,159697
159704,3,159701
159706,5,159701
159708,7,159701
159710,3,159707
159712,5,159707
159714,7,159707
159716,19,159697
159718,11,159707
159720,13,159707
159722,151,159571
159724,3,159721
159726,5,159721
159728,7,159721
159730,23,159707
159732,11,159721
159734,13,159721
159736,29,159707
159738,17,159721
159740,3,159737
159742,3,159739
159744,5,159739
159746,7,159739
159748,11,159737
159750,11,159739
159752,13,159739
159754,17,159737
159756,17,159739
159758,19,159739
159760,23,159737
159762,23,159739
159764,43,159721
159766,3,159763
159768,5,159763
159770,7,159763
159772,3,159769
159774,5,159769
159776,3,159773
159778,5,159773
159780,7,159773
159782,3,159779
159784,5,159779
159786,7,159779
159788,19,159769
159790,3,159787
159792,5,159787
159794,3,159791
159796,3,159793
159798,5,159793
159800,7,159793
159802,3,159799
159804,5,159799
159806,7,159799
159808,17,159791
159810,11,159799
159812,13,159799
159814,3,159811
159816,5,159811
159818,7,159811
159820,29,159791
159822,11,159811
159824,13,159811
159826,47,159779
159828,17,159811
159830,19,159811
159832,41,159791
159834,23,159811
159836,3,159833
159838,5,159833
159840,7,159833
159842,3,159839
159844,5,159839
159846,7,159839
159848,37,159811
159850,11,159839
159852,13,159839
159854,43,159811
159856,3,159853
159858,5,159853
159860,3,159857
159862,5,159857
159864,7,159857
159866,13,159853
159868,11,159857
159870,13,159857
159872,3,159869
159874,3,159871
159876,5,159871
159878,7,159871
159880,11,159869
159882,11,159871
159884,13,159871
159886,17,159869
159888,17,159871
159890,19,159871
159892,23,159869
159894,23,159871
159896,43,159853
159898,29,159869
159900,29,159871
159902,3,159899
159904,5,159899
159906,7,159899
159908,37,159871
159910,11,159899
159912,13,159899
159914,3,159911
159916,5,159911
159918,7,159911
159920,67,159853
159922,11,159911
159924,13,159911
159926,73,159853
159928,17,159911
159930,19,159911
159932,61,159871
159934,3,159931
159936,5,159931
159938,7,159931
159940,3,159937
159942,5,159937
159944,7,159937
159946,47,159899
159948,11,159937
159950,13,159937
159952,41,159911
159954,17,159937
159956,19,159937
159958,47,159911
159960,23,159937
159962,31,159931
159964,53,159911
159966,29,159937
159968,31,159937
159970,59,159911
159972,41,159931
159974,37,159937
159976,107,159869
159978,41,159937
159980,3,159977
159982,3,159979
159984,5,159979
159986,7,159979
159988,11,159977
159990,11,159979
159992,13,159979
159994,17,159977
159996,17,159979
159998,19,159979
160000,23,159977
160002,23,159979
160004,3,160001
160006,5,160001
160008,7,160001
160010,31,159979
160012,3,160009
160014,5,160009
160016,7,160009
160018,17,160001
160020,11,160009
160022,3,160019
160024,5,160019
160026,7,160019
160028,19,160009
160030,11,160019
160032,13,160019
160034,3,160031
160036,3,160033
160038,5,160033
160040,7,160033
160042,11,160031
160044,11,160033
160046,13,160033
160048,17,160031
160050,17,160033
160052,3,160049
160054,5,160049
160056,7,160049
160058,79,159979
160060,11,160049
160062,13,160049
160064,31,160033
160066,17,160049
160068,19,160049
160070,37,160033
160072,23,160049
160074,41,160033
160076,3,160073
160078,5,160073
160080,7,160073
160082,3,160079
160084,3,160081
160086,5,160081
160088,7,160081
160090,3,160087
160092,5,160087
160094,3,160091
160096,3,160093
160098,5,160093
160100,7,160093
160102,11,160091
160104,11,160093
160106,13,160093
160108,17,160091
160110,17,160093
160112,19,160093
160114,23,160091
160116,23,160093
160118,31,160087
160120,3,160117
160122,5,160117
160124,7,160117
160126,47,160079
160128,11,160117
160130,13,160117
160132,41,160091
160134,17,160117
160136,19,160117
160138,47,160091
160140,23,160117
160142,61,160081
160144,3,160141
160146,5,160141
160148,7,160141
160150,59,160091
160152,11,160141
160154,13,160141
160156,83,160073
160158,17,160141
160160,19,160141
160162,3,160159
160164,5,160159
160166,3,160163
160168,5,160163
160170,7,160163
160172,3,160169
160174,5,160169
160176,7,160169
160178,19,160159
160180,11,160169
160182,13,160169
160184,43,160141
160186,3,160183
160188,5,160183
160190,7,160183
160192,23,160169
160194,11,160183
160196,13,160183
160198,29,160169
160200,17,160183
160202,19,160183
160204,3,160201
160206,5,160201
160208,7,160201
160210,3,160207
160212,5,160207
160214,7,160207
160216,47,160169
160218,11,160207
160220,3,160217
160222,5,160217
160224,7,160217
160226,19,160207
160228,11,160217
160230,13,160217
160232,31,160201
160234,3,160231
160236,5,160231
160238,7,160231
160240,23,160217
160242,11,160231
160244,13,160231
160246,3,160243
160248,5,160243
160250,7,160243
160252,83,160169
160254,11,160243
160256,3,160253
160258,5,160253
160260,7,160253
160262,19,160243
160264,11,160253
160266,13,160253
160268,37,160231
160270,17,160253
160272,19,160253
160274,31,160243
160276,23,160253
160278,47,160231
160280,37,160243
160282,29,160253
160284,31,160253
160286,43,160243
160288,71,160217
160290,37,160253
160292,61,160231
160294,41,160253
160296,43,160253
160298,67,160231
160300,47,160253
160302,59,160243
160304,61,160243
160306,53,160253
160308,101,160207
160310,67,160243
160312,3,160309
160314,5,160309
160316,3,160313
160318,5,160313
160320,7,160313
160322,3,160319
160324,5,160319
160326,7,160319
160328,19,160309
160330,11,160319
160332,13,160319
160334,103,160231
160336,17,160319
160338,19,160319
160340,31,160309
160342,23,160319
160344,31,160313
160346,3,160343
160348,5,160343
160350,7,160343
160352,43,160309
160354,11,160343
160356,13,160343
160358,127,160231
160360,3,160357
160362,5,160357
160364,7,160357
160366,23,160343
160368,11,160357
160370,3,160367
160372,5,160367
160374,7,160367
160376,3,160373
160378,5,160373
160380,7,160373
160382,73,160309
160384,11,160373
160386,13,160373
160388,31,160357
160390,3,160387
160392,5,160387
160394,7,160387
160396,23,160373
160398,11,160387
160400,3,160397
160402,5,160397
160404,7,160397
160406,3,160403
160408,5,160403
160410,7,160403
160412,3,160409
160414,5,160409
160416,7,160409
160418,31,160387
160420,11,160409
160422,13,160409
160424,37,160387
160426,3,160423
160428,5,160423
160430,7,160423
160432,23,160409
160434,11,160423
160436,13,160423
160438,29,160409
160440,17,160423
160442,19,160423
160444,3,160441
160446,5,160441
160448,7,160441
160450,41,160409
160452,11,160441
160454,13,160441
160456,3,160453
160458,5,160453
160460,7,160453
160462,53,160409
160464,11,160453
160466,13,160453
160468,59,160409
160470,17,160453
160472,19,160453
160474,71,160403
160476,23,160453
160478,37,160441
160480,71,160409
160482,29,160453
160484,3,160481
160486,3,160483
160488,5,160483
160490,7,160483
160492,11,160481
160494,11,160483
160496,13,160483
160498,17,160481
160500,17,160483
160502,3,160499
160504,5,160499
160506,7,160499
160508,67,160441
160510,3,160507
160512,5,160507
160514,7,160507
160516,17,160499
160518,11,160507
160520,13,160507
160522,23,160499
160524,17,160507
160526,19,160507
160528,29,160499
160530,23,160507
160532,79,160453
160534,53,160481
160536,29,160507
160538,31,160507
160540,41,160499
160542,43,160499
160544,3,160541
160546,5,160541
160548,7,160541
160550,43,160507
160552,11,160541
160554,13,160541
160556,3,160553
160558,5,160553
160560,7,160553
160562,79,160483
160564,11,160553
160566,13,160553
160568,61,160507
160570,17,160553
160572,19,160553
160574,67,160507
160576,23,160553
160578,37,160541
160580,73,160507
160582,3,160579
160584,5,160579
160586,3,160583
160588,5,160583
160590,7,160583
160592,13,160579
160594,3,160591
160596,5,160591
160598,7,160591
160600,17,160583
160602,11,160591
160604,13,160591
160606,3,160603
160608,5,160603
160610,7,160603
160612,29,160583
160614,11,160603
160616,13,160603
160618,137,160481
160620,17,160603
160622,3,160619
160624,3,160621
160626,5,160621
160628,7,160621
160630,3,160627
160632,5,160627
160634,7,160627
160636,17,160619
160638,11,160627
160640,3,160637
160642,3,160639
160644,5,160639
160646,7,160639
160648,11,160637
160650,11,160639
160652,3,160649
160654,3,160651
160656,5,160651
160658,7,160651
160660,11,160649
160662,11,160651
160664,13,160651
160666,3,160663
160668,5,160663
160670,7,160663
160672,3,160669
160674,5,160669
160676,7,160669
160678,29,160649
160680,11,160669
160682,13,160669
160684,3,160681
160686,5,160681
160688,7,160681
160690,3,160687
160692,5,160687
160694,7,160687
160696,47,160649
160698,11,160687
160700,3,160697
160702,5,160697
160704,7,160697
160706,19,160687
160708,11,160697
160710,13,160697
160712,3,160709
160714,3,160711
160716,5,160711
160718,7,160711
160720,11,160709
160722,11,160711
160724,13,160711
160726,3,160723
160728,5,160723
160730,7,160723
160732,23,160709
160734,11,160723
160736,13,160723
160738,29,160709
160740,17,160723
160742,3,160739
160744,5,160739
160746,7,160739
160748,37,160711
160750,11,160739
160752,13,160739
160754,3,160751
160756,3,160753
160758,5,160753
160760,3,160757
160762,5,160757
160764,7,160757
160766,13,160753
160768,11,160757
160770,13,160757
160772,19,160753
160774,17,160757
160776,19,160757
160778,67,160711
160780,23,160757
160782,29,160753
160784,3,160781
160786,5,160781
160788,7,160781
160790,37,160753
160792,3,160789
160794,5,160789
160796,7,160789
160798,17,160781
160800,11,160789
160802,13,160789
160804,23,160781
160806,17,160789
160808,19,160789
160810,3,160807
160812,5,160807
160814,7,160807
160816,3,160813
160818,5,160813
160820,3,160817
160822,5,160817
160824,7,160817
160826,13,160813
160828,11,160817
160830,13,160817
160832,3,160829
160834,5,160829
160836,7,160829
160838,31,160807
160840,11,160829
160842,13,160829
160844,3,160841
160846,5,160841
160848,7,160841
160850,37,160813
160852,11,160841
160854,13,160841
160856,43,160813
160858,17,160841
160860,19,160841
160862,73,160789
160864,3,160861
160866,5,160861
160868,7,160861
160870,29,160841
160872,11,160861
160874,13,160861
160876,47,160829
160878,17,160861
160880,3,160877
160882,3,160879
160884,5,160879
160886,3,160883
160888,5,160883
160890,7,160883
160892,13,160879
160894,11,160883
160896,13,160883
160898,19,160879
160900,17,160883
160902,19,160883
160904,43,160861
160906,3,160903
160908,5,160903
160910,3,160907
160912,5,160907
160914,7,160907
160916,13,160903
160918,11,160907
160920,13,160907
160922,19,160903
160924,17,160907
160926,19,160907
160928,67,160861
160930,23,160907
160932,29,160903
160934,31,160903
160936,3,160933
160938,5,160933
160940,7,160933
160942,59,160883
160944,11,160933
160946,13,160933
160948,41,160907
160950,17,160933
160952,19,160933
160954,47,160907
160956,23,160933
160958,79,160879
160960,53,160907
160962,29,160933
160964,31,160933
160966,59,160907
160968,61,160907
160970,3,160967
160972,3,160969
160974,5,160969
160976,7,160969
160978,11,160967
160980,11,160969
160982,13,160969
160984,3,160981
160986,5,160981
160988,7,160981
160990,23,160967
160992,11,160981
160994,13,160981
160996,29,160967
160998,17,160981
161000,3,160997
161002,5,160997
161004,7,160997
161006,37,160969
161008,11,160997
161010,13,160997
161012,3,161009
161014,5,161009
161016,7,161009
161018,37,160981
161020,3,161017
161022,5,161017
161024,7,161017
161026,17,161009
161028,11,161017
161030,13,161017
161032,23,161009
161034,17,161017
161036,3,161033
161038,5,161033
161040,7,161033
161042,3,161039
161044,5,161039
161046,7,161039
161048,31,161017
161050,3,161047
161052,5,161047
161054,7,161047
161056,3,161053
161058,5,161053
161060,7,161053
161062,3,161059
161064,5,161059
161066,7,161059
161068,29,161039
161070,11,161059
161072,13,161059
161074,3,161071
161076,5,161071
161078,7,161071
161080,41,161039
161082,11,161071
161084,13,161071
161086,47,161039
161088,17,161071
161090,3,161087
161092,5,161087
161094,7,161087
161096,3,161093
161098,5,161093
161100,7,161093
161102,31,161071
161104,11,161093
161106,13,161093
161108,37,161071
161110,17,161093
161112,19,161093
161114,43,161071
161116,23,161093
161118,31,161087
161120,61,161059
161122,29,161093
161124,31,161093
161126,3,161123
161128,5,161123
161130,7,161123
161132,61,161071
161134,11,161123
161136,13,161123
161138,67,161071
161140,3,161137
161142,5,161137
161144,3,161141
161146,5,161141
161148,7,161141
161150,13,161137
161152,3,161149
161154,5,161149
161156,7,161149
161158,17,161141
161160,11,161149
161162,3,161159
161164,5,161159
161166,7,161159
161168,19,161149
161170,3,161167
161172,5,161167
161174,7,161167
161176,17,161159
161178,11,161167
161180,13,161167
161182,23,161159
161184,17,161167
161186,19,161167
161188,29,161159
161190,23,161167
161192,43,161149
161194,53,161141
161196,29,161167
161198,31,161167
161200,41,161159
161202,43,161159
161204,3,161201
161206,5,161201
161208,7,161201
161210,43,161167
161212,11,161201
161214,13,161201
161216,67,161149
161218,17,161201
161220,19,161201
161222,73,161149
161224,3,161221
161226,5,161221
161228,7,161221
161230,29,161201
161232,11,161221
161234,13,161221
161236,3,161233
161238,5,161233
161240,3,161237
161242,5,161237
161244,7,161237
161246,13,161233
161248,11,161237
161250,13,161237
161252,19,161233
161254,17,161237
161256,19,161237
161258,37,161221
161260,23,161237
161262,29,161233
161264,31,161233
161266,3,161263
161268,5,161263
161270,3,161267
161272,5,161267
161274,7,161267
161276,13,161263
161278,11,161267
161280,13,161267
161282,19,161263
161284,3,161281
161286,5,161281
161288,7,161281
161290,23,161267
161292,11,161281
161294,13,161281
161296,29,161267
161298,17,161281
161300,19,161281
161302,101,161201
161304,23,161281
161306,3,161303
161308,5,161303
161310,7,161303
161312,3,161309
161314,5,161309
161316,7,161309
161318,37,161281
161320,11,161309
161322,13,161309
161324,43,161281
161326,3,161323
161328,5,161323
161330,7,161323
161332,23,161309
161334,11,161323
161336,3,161333
161338,5,161333
161340,7,161333
161342,3,161339
161344,3,161341
161346,5,161341
161348,7,161341
161350,11,161339
161352,11,161341
161354,13,161341
161356,17,161339
161358,17,161341
161360,19,161341
161362,23,161339
161364,23,161341
161366,3,161363
161368,5,161363
161370,7,161363
161372,31,161341
161374,11,161363
161376,13,161363
161378,37,161341
161380,3,161377
161382,5,161377
161384,7,161377
161386,23,161363
161388,11,161377
161390,3,161387
161392,5,161387
161394,7,161387
161396,19,161377
161398,11,161387
161400,13,161387
161402,61,161341
161404,17,161387
161406,19,161387
161408,31,161377
161410,3,161407
161412,5,161407
161414,3,161411
161416,5,161411
161418,7,161411
161420,13,161407
161422,11,161411
161424,13,161411
161426,19,161407
161428,17,161411
161430,19,161411
161432,109,161323
161434,23,161411
161436,29,161407
161438,31,161407
161440,29,161411
161442,31,161411
161444,37,161407
161446,59,161387
161448,37,161411
161450,43,161407
161452,41,161411
161454,43,161411
161456,3,161453
161458,5,161453
161460,7,161453
161462,3,161459
161464,3,161461
161466,5,161461
161468,7,161461
161470,11,161459
161472,11,161461
161474,3,161471
161476,5,161471
161478,7,161471
161480,19,161461
161482,11,161471
161484,13,161471
161486,79,161407
161488,17,161471
161490,19,161471
161492,31,161461
161494,23,161471
161496,37,161459
161498,37,161461
161500,29,161471
161502,31,161471
161504,43,161461
161506,3,161503
161508,5,161503
161510,3,161507
161512,5,161507
161514,7,161507
161516,13,161503
161518,11,161507
161520,13,161507
161522,19,161503
161524,3,161521
161526,5,161521
161528,7,161521
161530,3,161527
161532,5,161527
161534,3,161531
161536,5,161531
161538,7,161531
161540,13,161527
161542,11,161531
161544,13,161531
161546,3,161543
161548,5,161543
161550,7,161543
161552,31,161521
161554,11,161543
161556,13,161543
161558,31,161527
161560,17,161543
161562,19,161543
161564,3,161561
161566,3,161563
161568,5,161563
161570,7,161563
161572,3,161569
161574,5,161569
161576,3,161573
161578,5,161573
161580,7,161573
161582,13,161569
161584,11,161573
161586,13,161573
161588,19,161569
161590,17,161573
161592,19,161573
161594,3,161591
161596,5,161591
161598,7,161591
161600,31,161569
161602,3,161599
161604,5,161599
161606,7,161599
161608,17,161591
161610,11,161599
161612,13,161599
161614,3,161611
161616,5,161611
161618,7,161611
161620,29,161591
161622,11,161611
161624,13,161611
161626,53,161573
161628,17,161611
161630,3,161627
161632,5,161627
161634,7,161627
161636,37,161599
161638,11,161627
161640,13,161627
161642,3,161639
161644,3,161641
161646,5,161641
161648,7,161641
161650,11,161639
161652,11,161641
161654,13,161641
161656,17,161639
161658,17,161641
161660,19,161641
161662,3,161659
161664,5,161659
161666,7,161659
161668,29,161639
161670,11,161659
161672,13,161659
161674,47,161627
161676,17,161659
161678,19,161659
161680,41,161639
161682,23,161659
161684,43,161641
161686,3,161683
161688,5,161683
161690,7,161683
161692,53,161639
161694,11,161683
161696,13,161683
161698,59,161639
161700,17,161683
161702,19,161683
161704,113,161591
161706,23,161683
161708,67,161641
161710,71,161639
161712,29,161683
161714,31,161683
161716,89,161627
161718,59,161659
161720,3,161717
161722,5,161717
161724,7,161717
161726,43,161683
161728,11,161717
161730,13,161717
161732,3,161729
161734,3,161731
161736,5,161731
161738,7,161731
161740,11,161729
161742,11,161731
161744,3,161741
161746,3,161743
161748,5,161743
161750,7,161743
161752,11,161741
161754,11,161743
161756,3,161753
161758,5,161753
161760,7,161753
161762,19,161743
161764,3,161761
161766,5,161761
161768,7,161761
161770,17,161753
161772,11,161761
161774,3,161771
161776,3,161773
161778,5,161773
161780,7,161773
161782,3,161779
161784,5,161779
161786,3,161783
161788,5,161783
161790,7,161783
161792,13,161779
161794,11,161783
161796,13,161783
161798,19,161779
161800,17,161783
161802,19,161783
161804,31,161773
161806,23,161783
161808,29,161779
161810,3,161807
161812,5,161807
161814,7,161807
161816,37,161779
161818,11,161807
161820,13,161807
161822,43,161779
161824,17,161807
161826,19,161807
161828,67,161761
161830,23,161807
161832,53,161779
161834,3,161831
161836,5,161831
161838,7,161831
161840,61,161779
161842,3,161839
161844,5,161839
161846,7,161839
161848,17,161831
161850,11,161839
161852,13,161839
161854,23,161831
161856,17,161839
161858,19,161839
161860,29,161831
161862,23,161839
161864,103,161761
161866,59,161807
161868,29,161839
161870,31,161839
161872,3,161869
161874,5,161869
161876,3,161873
161878,5,161873
161880,7,161873
161882,3,161879
161884,3,161881
161886,5,161881
161888,7,161881
161890,11,161879
161892,11,161881
161894,13,161881
161896,17,161879
161898,17,161881
161900,19,161881
161902,23,161879
161904,23,161881
161906,37,161869
161908,29,161879
161910,29,161881
161912,31,161881
161914,3,161911
161916,5,161911
161918,7,161911
161920,41,161879
161922,11,161911
161924,3,161921
161926,3,161923
161928,5,161923
161930,7,161923
161932,11,161921
161934,11,161923
161936,13,161923
161938,17,161921
161940,17,161923
161942,19,161923
161944,23,161921
161946,23,161923
161948,37,161911
161950,3,161947
161952,5,161947
161954,7,161947
161956,83,161873
161958,11,161947
161960,3,161957
161962,5,161957
161964,7,161957
161966,19,161947
161968,11,161957
161970,13,161957
161972,3,161969
161974,3,161971
161976,5,161971
161978,7,161971
161980,3,161977
161982,5,161977
161984,7,161977
161986,3,161983
161988,5,161983
161990,7,161983
161992,23,161969
161994,11,161983
161996,13,161983
161998,29,161969
162000,17,161983
162002,3,161999
162004,5,161999
162006,7,161999
162008,31,161977
162010,3,162007
162012,5,162007
162014,3,162011
162016,5,162011
162018,7,162011
162020,3,162017
162022,5,162017
162024,7,162017
162026,19,162007
162028,11,162017
162030,13,162017
162032,61,161971
162034,17,162017
162036,19,162017
162038,31,162007
162040,23,162017
162042,31,162011
162044,37,162007
162046,29,162017
162048,31,162017
162050,43,162007
162052,41,162011
162054,37,162017
162056,3,162053
162058,5,162053
162060,7,162053
162062,3,162059
162064,5,162059
162066,7,162059
162068,61,162007
162070,11,162059
162072,13,162059
162074,67,162007
162076,17,162059
162078,19,162059
162080,73,162007
162082,3,162079
162084,5,162079
162086,7,162079
162088,29,162059
162090,11,162079
162092,13,162079
162094,3,162091
162096,5,162091
162098,7,162091
162100,41,162059
162102,11,162091
162104,13,162091
162106,47,162059
162108,17,162091
162110,19,162091
162112,3,162109
162114,5,162109
162116,7,162109
162118,59,162059
162120,11,162109
162122,3,162119
162124,5,162119
162126,7,162119
162128,19,162109
162130,11,162119
162132,13,162119
162134,43,162091
162136,17,162119
162138,19,162119
162140,31,162109
162142,23,162119
162144,53,162091
162146,3,162143
162148,5,162143
162150,7,162143
162152,43,162109
162154,11,162143
162156,13,162143
162158,67,162091
162160,17,162143
162162,19,162143
162164,73,162091
162166,23,162143
162168,59,162109
162170,61,162109
162172,29,162143
162174,31,162143
162176,67,162109
162178,59,162119
162180,37,162143
162182,73,162109
162184,41,162143
162186,43,162143
162188,79,162109
162190,47,162143
162192,73,162119
162194,103,162091
162196,53,162143
162198,79,162119
162200,109,162091
162202,59,162143
162204,61,162143
162206,97,162109
162208,89,162119
162210,67,162143
162212,3,162209
162214,5,162209
162216,7,162209
162218,109,162109
162220,11,162209
162222,13,162209
162224,3,162221
162226,5,162221
162228,7,162221
162230,139,162091
162232,3,162229
162234,5,162229
162236,7,162229
162238,17,162221
162240,11,162229
162242,13,162229
162244,23,162221
162246,17,162229
162248,19,162229
162250,29,162221
162252,23,162229
162254,3,162251
162256,5,162251
162258,7,162251
162260,3,162257
162262,5,162257
162264,7,162257
162266,3,162263
162268,5,162263
162270,7,162263
162272,3,162269
162274,5,162269
162276,7,162269
162278,199,162079
162280,3,162277
162282,5,162277
162284,7,162277
162286,17,162269
162288,11,162277
162290,3,162287
162292,3,162289
162294,5,162289
162296,3,162293
162298,5,162293
162300,7,162293
162302,13,162289
162304,11,162293
162306,13,162293
162308,19,162289
162310,17,162293
162312,19,162293
162314,37,162277
162316,23,162293
162318,29,162289
162320,31,162289
162322,29,162293
162324,31,162293
162326,37,162289
162328,41,162287
162330,37,162293
162332,43,162289
162334,41,162293
162336,43,162293
162338,61,162277
162340,47,162293
162342,53,162289
162344,67,162277
162346,3,162343
162348,5,162343
162350,7,162343
162352,59,162293
162354,11,162343
162356,13,162343
162358,71,162287
162360,17,162343
162362,3,162359
162364,5,162359
162366,7,162359
162368,79,162289
162370,11,162359
162372,13,162359
162374,31,162343
162376,17,162359
162378,19,162359
162380,37,162343
162382,23,162359
162384,41,162343
162386,43,162343
162388,29,162359
162390,31,162359
162392,3,162389
162394,3,162391
162396,5,162391
162398,7,162391
162400,11,162389
162402,11,162391
162404,13,162391
162406,17,162389
162408,17,162391
162410,19,162391
162412,23,162389
162414,23,162391
162416,3,162413
162418,5,162413
162420,7,162413
162422,3,162419
162424,5,162419
162426,7,162419
162428,37,162391
162430,11,162419
162432,13,162419
162434,43,162391
162436,17,162419
162438,19,162419
162440,97,162343
162442,3,162439
162444,5,162439
162446,7,162439
162448,29,162419
162450,11,162439
162452,13,162439
162454,3,162451
162456,5,162451
162458,7,162451
162460,3,162457
162462,5,162457
162464,7,162457
162466,47,162419
162468,11,162457
162470,13,162457
162472,53,162419
162474,17,162457
162476,3,162473
162478,5,162473
162480,7,162473
162482,31,162451
162484,11,162473
162486,13,162473
162488,31,162457
162490,17,162473
162492,19,162473
162494,37,162457
162496,3,162493
162498,5,162493
162500,7,162493
162502,3,162499
162504,5,162499
162506,7,162499
162508,89,162419
162510,11,162499
162512,13,162499
162514,41,162473
162516,17,162499
162518,19,162499
162520,3,162517
162522,5,162517
162524,7,162517
162526,3,162523
162528,5,162523
162530,3,162527
162532,3,162529
162534,5,162529
162536,7,162529
162538,11,162527
162540,11,162529
162542,13,162529
162544,17,162527
162546,17,162529
162548,19,162529
162550,23,162527
162552,23,162529
162554,31,162523
162556,3,162553
162558,5,162553
162560,3,162557
162562,5,162557
162564,7,162557
162566,3,162563
162568,5,162563
162570,7,162563
162572,19,162553
162574,11,162563
162576,13,162563
162578,61,162517
162580,3,162577
162582,5,162577
162584,7,162577
162586,23,162563
162588,11,162577
162590,13,162577
162592,29,162563
162594,17,162577
162596,3,162593
162598,5,162593
162600,7,162593
162602,73,162529
162604,3,162601
162606,5,162601
162608,7,162601
162610,17,162593
162612,11,162601
162614,3,162611
162616,5,162611
162618,7,162611
162620,19,162601
162622,11,162611
162624,13,162611
162626,3,162623
162628,5,162623
162630,7,162623
162632,3,162629
162634,5,162629
162636,7,162629
162638,37,162601
162640,11,162629
162642,13,162629
162644,3,162641
162646,5,162641
162648,7,162641
162650,73,162577
162652,3,162649
162654,5,162649
162656,7,162649
162658,17,162641
162660,11,162649
162662,13,162649
162664,23,162641
162666,17,162649
162668,19,162649
162670,29,162641
162672,23,162649
162674,3,162671
162676,5,162671
162678,7,162671
162680,3,162677
162682,5,162677
162684,7,162677
162686,3,162683
162688,5,162683
162690,7,162683
162692,43,162649
162694,3,162691
162696,5,162691
162698,7,162691
162700,17,162683
162702,11,162691
162704,13,162691
162706,3,162703
162708,5,162703
162710,7,162703
162712,3,162709
162714,5,162709
162716,3,162713
162718,5,162713
162720,7,162713
162722,13,162709
162724,11,162713
162726,13,162713
162728,19,162709
162730,3,162727
162732,5,162727
162734,3,162731
162736,5,162731
162738,7,162731
162740,13,162727
162742,3,162739
162744,5,162739
162746,7,162739
162748,17,162731
162750,11,162739
162752,3,162749
162754,3,162751
162756,5,162751
162758,7,162751
162760,11,162749
162762,11,162751
162764,13,162751
162766,17,162749
162768,17,162751
162770,19,162751
162772,23,162749
162774,23,162751
162776,37,162739
162778,29,162749
162780,29,162751
162782,3,162779
162784,5,162779
162786,7,162779
162788,37,162751
162790,3,162787
162792,5,162787
162794,3,162791
162796,5,162791
162798,7,162791
162800,13,162787
162802,11,162791
162804,13,162791
162806,19,162787
162808,17,162791
162810,19,162791
162812,61,162751
162814,23,162791
162816,29,162787
162818,31,162787
162820,29,162791
162822,31,162791
162824,3,162821
162826,3,162823
162828,5,162823
162830,7,162823
162832,3,162829
162834,5,162829
162836,7,162829
162838,17,162821
162840,11,162829
162842,3,162839
162844,5,162839
162846,7,162839
162848,19,162829
162850,3,162847
162852,5,162847
162854,7,162847
162856,3,162853
162858,5,162853
162860,7,162853
162862,3,162859
162864,5,162859
162866,7,162859
162868,29,162839
162870,11,162859
162872,13,162859
162874,53,162821
162876,17,162859
162878,19,162859
162880,41,162839
162882,23,162859
162884,3,162881
162886,5,162881
162888,7,162881
162890,31,162859
162892,3,162889
162894,5,162889
162896,7,162889
162898,17,162881
162900,11,162889
162902,13,162889
162904,3,162901
162906,5,162901
162908,7,162901
162910,3,162907
162912,5,162907
162914,7,162907
162916,137,162779
162918,11,162907
162920,3,162917
162922,5,162917
162924,7,162917
162926,19,162907
162928,11,162917
162930,13,162917
162932,31,162901
162934,17,162917
162936,19,162917
162938,31,162907
162940,3,162937
162942,5,162937
162944,7,162937
162946,29,162917
162948,11,162937
162950,3,162947
162952,5,162947
162954,7,162947
162956,19,162937
162958,11,162947
162960,13,162947
162962,61,162901
162964,17,162947
162966,19,162947
162968,31,162937
162970,23,162947
162972,71,162901
162974,3,162971
162976,3,162973
162978,5,162973
162980,7,162973
162982,11,162971
162984,11,162973
162986,13,162973
162988,17,162971
162990,17,162973
162992,3,162989
162994,5,162989
162996,7,162989
162998,61,162937
163000,3,162997
163002,5,162997
163004,7,162997
163006,3,163003
163008,5,163003
163010,7,163003
163012,23,162989
163014,11,163003
163016,13,163003
163018,29,162989
163020,17,163003
163022,3,163019
163024,3,163021
163026,5,163021
163028,7,163021
163030,3,163027
163032,5,163027
163034,7,163027
163036,17,163019
163038,11,163027
163040,13,163027
163042,23,163019
163044,17,163027
163046,19,163027
163048,29,163019
163050,23,163027
163052,31,163021
163054,83,162971
163056,29,163027
163058,31,163027
163060,41,163019
163062,41,163021
163064,3,163061
163066,3,163063
163068,5,163063
163070,7,163063
163072,11,163061
163074,11,163063
163076,13,163063
163078,17,163061
163080,17,163063
163082,19,163063
163084,23,163061
163086,23,163063
163088,61,163027
163090,29,163061
163092,29,163063
163094,31,163063
163096,107,162989
163098,37,163061
163100,37,163063
163102,41,163061
163104,41,163063
163106,43,163063
163108,47,163061
163110,47,163063
163112,3,163109
163114,5,163109
163116,7,163109
163118,97,163021
163120,3,163117
163122,5,163117
163124,7,163117
163126,17,163109
163128,11,163117
163130,3,163127
163132,3,163129
163134,5,163129
163136,7,163129
163138,11,163127
163140,11,163129
163142,13,163129
163144,17,163127
163146,17,163129
163148,19,163129
163150,3,163147
163152,5,163147
163154,3,163151
163156,5,163151
163158,7,163151
163160,13,163147
163162,11,163151
163164,13,163151
163166,19,163147
163168,17,163151
163170,19,163151
163172,3,163169
163174,3,163171
163176,5,163171
163178,7,163171
163180,11,163169
163182,11,163171
163184,3,163181
163186,5,163181
163188,7,163181
163190,19,163171
163192,11,163181
163194,13,163181
163196,3,163193
163198,5,163193
163200,7,163193
163202,3,163199
163204,5,163199
163206,7,163199
163208,37,163171
163210,11,163199
163212,13,163199
163214,3,163211
163216,5,163211
163218,7,163211
163220,73,163147
163222,11,163211
163224,13,163211
163226,3,163223
163228,5,163223
163230,7,163223
163232,61,163171
163234,11,163223
163236,13,163223
163238,67,163171
163240,17,163223
163242,19,163223
163244,73,163171
163246,3,163243
163248,5,163243
163250,7,163243
163252,3,163249
163254,5,163249
163256,7,163249
163258,47,163211
163260,11,163249
163262,3,163259
163264,5,163259
163266,7,163259
163268,19,163249
163270,11,163259
163272,13,163259
163274,31,163243
163276,17,163259
163278,19,163259
163280,31,163249
163282,23,163259
163284,41,163243
163286,37,163249
163288,29,163259
163290,31,163259
163292,43,163249
163294,71,163223
163296,37,163259
163298,127,163171
163300,41,163259
163302,43,163259
163304,61,163243
163306,47,163259
163308,59,163249
163310,3,163307
163312,3,163309
163314,5,163309
163316,7,163309
163318,11,163307
163320,11,163309
163322,13,163309
163324,3,163321
163326,5,163321
163328,7,163321
163330,3,163327
163332,5,163327
163334,7,163327
163336,29,163307
163338,11,163327
163340,3,163337
163342,5,163337
163344,7,163337
163346,19,163327
163348,11,163337
163350,13,163337
163352,31,163321
163354,3,163351
163356,5,163351
163358,7,163351
163360,23,163337
163362,11,163351
163364,13,163351
163366,3,163363
163368,5,163363
163370,3,163367
163372,5,163367
163374,7,163367
163376,13,163363
163378,11,163367
163380,13,163367
163382,19,163363
163384,17,163367
163386,19,163367
163388,37,163351
163390,23,163367
163392,29,163363
163394,31,163363
163396,3,163393
163398,5,163393
163400,7,163393
163402,179,163223
163404,11,163393
163406,3,163403
163408,5,163403
163410,7,163403
163412,3,163409
163414,3,163411
163416,5,163411
163418,7,163411
163420,3,163417
163422,5,163417
163424,7,163417
163426,17,163409
163428,11,163417
163430,13,163417
163432,23,163409
163434,17,163417
163436,3,163433
163438,5,163433
163440,7,163433
163442,31,163411
163444,11,163433
163446,13,163433
163448,31,163417
163450,17,163433
163452,19,163433
163454,37,163417
163456,23,163433
163458,41,163417
163460,43,163417
163462,29,163433
163464,31,163433
163466,73,163393
163468,59,163409
163470,37,163433
163472,3,163469
163474,5,163469
163476,7,163469
163478,61,163417
163480,3,163477
163482,5,163477
163484,3,163481
163486,3,163483
163488,5,163483
163490,3,163487
163492,5,163487
163494,7,163487
163496,13,163483
163498,11,163487
163500,13,163487
163502,19,163483
163504,17,163487
163506,19,163487
163508,31,163477
163510,23,163487
163512,29,163483
163514,31,163483
163516,29,163487
163518,31,163487
163520,3,163517
163522,5,163517
163524,7,163517
163526,43,163483
163528,11,163517
163530,13,163517
163532,139,163393
163534,17,163517
163536,19,163517
163538,61,163477
163540,23,163517
163542,59,163483
163544,61,163483
163546,3,163543
163548,5,163543
163550,7,163543
163552,71,163481
163554,11,163543
163556,13,163543
163558,41,163517
163560,17,163543
163562,19,163543
163564,3,163561
163566,5,163561
163568,7,163561
163570,3,163567
163572,5,163567
163574,7,163567
163576,3,163573
163578,5,163573
163580,7,163573
163582,101,163481
163584,11,163573
163586,13,163573
163588,71,163517
163590,17,163573
163592,19,163573
163594,107,163487
163596,23,163573
163598,31,163567
163600,83,163517
163602,29,163573
163604,3,163601
163606,5,163601
163608,7,163601
163610,37,163573
163612,11,163601
163614,13,163601
163616,3,163613
163618,5,163613
163620,7,163613
163622,61,163561
163624,3,163621
163626,5,163621
163628,7,163621
163630,3,163627
163632,5,163627
163634,7,163627
163636,3,163633
163638,5,163633
163640,3,163637
163642,5,163637
163644,7,163637
163646,3,163643
163648,5,163643
163650,7,163643
163652,19,163633
163654,11,163643
163656,13,163643
163658,31,163627
163660,17,163643
163662,19,163643
163664,3,163661
163666,5,163661
163668,7,163661
163670,37,163633
163672,11,163661
163674,13,163661
163676,3,163673
163678,5,163673
163680,7,163673
163682,3,163679
163684,5,163679
163686,7,163679
163688,61,163627
163690,11,163679
163692,13,163679
163694,61,163633
163696,17,163679
163698,19,163679
163700,3,163697
163702,5,163697
163704,7,163697
163706,73,163633
163708,11,163697
163710,13,163697
163712,79,163633
163714,17,163697
163716,19,163697
163718,97,163621
163720,23,163697
163722,43,163679
163724,97,163627
163726,29,163697
163728,31,163697
163730,97,163633
163732,3,163729
163734,5,163729
163736,3,163733
163738,5,163733
163740,7,163733
163742,13,163729
163744,3,163741
163746,5,163741
163748,7,163741
163750,17,163733
163752,11,163741
163754,13,163741
163756,3,163753
163758,5,163753
163760,7,163753
163762,29,163733
163764,11,163753
163766,13,163753
163768,71,163697
163770,17,163753
163772,19,163753
163774,3,163771
163776,5,163771
163778,7,163771
163780,47,163733
163782,11,163771
163784,3,163781
163786,5,163781
163788,7,163781
163790,19,163771
163792,3,163789
163794,5,163789
163796,7,163789
163798,17,163781
163800,11,163789
163802,13,163789
163804,23,163781
163806,17,163789
163808,19,163789
163810,29,163781
163812,23,163789
163814,3,163811
163816,5,163811
163818,7,163811
163820,31,163789
163822,3,163819
163824,5,163819
163826,7,163819
163828,17,163811
163830,11,163819
163832,13,163819
163834,23,163811
163836,17,163819
163838,19,163819
163840,29,163811
163842,23,163819
163844,3,163841
163846,5,163841
163848,7,163841
163850,3,163847
163852,5,163847
163854,7,163847
163856,3,163853
163858,5,163853
163860,7,163853
163862,3,163859
163864,3,163861
163866,5,163861
163868,7,163861
163870,11,163859
163872,11,163861
163874,3,163871
163876,5,163871
163878,7,163871
163880,19,163861
163882,11,163871
163884,13,163871
163886,3,163883
163888,5,163883
163890,7,163883
163892,31,163861
163894,11,163883
163896,13,163883
163898,37,163861
163900,17,163883
163902,19,163883
163904,3,163901
163906,5,163901
163908,7,163901
163910,139,163771
163912,3,163909
163914,5,163909
163916,7,163909
163918,17,163901
163920,11,163909
163922,13,163909
163924,23,163901
163926,17,163909
163928,19,163909
163930,3,163927
163932,5,163927
163934,7,163927
163936,53,163883
163938,11,163927
163940,13,163927
163942,41,163901
163944,17,163927
163946,19,163927
163948,47,163901
163950,23,163927
163952,43,163909
163954,53,163901
163956,29,163927
163958,31,163927
163960,59,163901
163962,53,163909
163964,37,163927
163966,83,163883
163968,41,163927
163970,43,163927
163972,71,163901
163974,47,163927
163976,3,163973
163978,5,163973
163980,7,163973
163982,3,163979
163984,3,163981
163986,5,163981
163988,7,163981
163990,3,163987
163992,5,163987
163994,3,163991
163996,3,163993
163998,5,163993
164000,3,163997
164002,5,163997
164004,7,163997
164006,13,163993
164008,11,163997
164010,13,163997
164012,19,163993
164014,3,164011
164016,5,164011
164018,7,164011
164020,23,163997
164022,11,164011
164024,13,164011
164026,3,164023
164028,5,164023
164030,7,164023
164032,41,163991
164034,11,164023
164036,13,164023
164038,41,163997
164040,17,164023
164042,3,164039
164044,5,164039
164046,7,164039
164048,37,164011
164050,11,164039
164052,13,164039
164054,3,164051
164056,5,164051
164058,7,164051
164060,3,164057
164062,5,164057
164064,7,164057
164066,43,164023
164068,11,164057
164070,13,164057
164072,61,164011
164074,3,164071
164076,5,164071
164078,7,164071
164080,23,164057
164082,11,164071
164084,13,164071
164086,29,164057
164088,17,164071
164090,19,164071
164092,3,164089
164094,5,164089
164096,3,164093
164098,5,164093
164100,7,164093
164102,13,164089
164104,11,164093
164106,13,164093
164108,19,164089
164110,17,164093
164112,19,164093
164114,43,164071
164116,3,164113
164118,5,164113
164120,3,164117
164122,5,164117
164124,7,164117
164126,13,164113
164128,11,164117
164130,13,164117
164132,19,164113
164134,17,164117
164136,19,164117
164138,67,164071
164140,23,164117
164142,29,164113
164144,31,164113
164146,29,164117
164148,31,164117
164150,3,164147
164152,3,164149
164154,5,164149
164156,7,164149
164158,11,164147
164160,11,164149
164162,13,164149
164164,17,164147
164166,17,164149
164168,19,164149
164170,23,164147
164172,23,164149
164174,61,164113
164176,3,164173
164178,5,164173
164180,7,164173
164182,89,164093
164184,11,164173
164186,3,164183
164188,5,164183
164190,7,164183
164192,19,164173
164194,3,164191
164196,5,164191
164198,7,164191
164200,17,164183
164202,11,164191
164204,3,164201
164206,5,164201
164208,7,164201
164210,19,164191
164212,3,164209
164214,5,164209
164216,7,164209
164218,17,164201
164220,11,164209
164222,13,164209
164224,23,164201
164226,17,164209
164228,19,164209
164230,29,164201
164232,23,164209
164234,3,164231
164236,3,164233
164238,5,164233
164240,7,164233
164242,3,164239
164244,5,164239
164246,7,164239
164248,17,164231
164250,11,164239
164252,3,164249
164254,3,164251
164256,5,164251
164258,7,164251
164260,11,164249
164262,11,164251
164264,13,164251
164266,17,164249
164268,17,164251
164270,3,164267
164272,5,164267
164274,7,164267
164276,37,164239
164278,11,164267
164280,13,164267
164282,3,164279
164284,5,164279
164286,7,164279
164288,37,164251
164290,11,164279
164292,13,164279
164294,3,164291
164296,5,164291
164298,7,164291
164300,61,164239
164302,3,164299
164304,5,164299
164306,7,164299
164308,17,164291
164310,11,164299
164312,3,164309
164314,5,164309
164316,7,164309
164318,19,164299
164320,11,164309
164322,13,164309
164324,3,164321
164326,5,164321
164328,7,164321
164330,31,164299
164332,11,164321
164334,13,164321
164336,37,164299
164338,17,164321
164340,19,164321
164342,43,164299
164344,3,164341
164346,5,164341
164348,7,164341
164350,29,164321
164352,11,164341
164354,13,164341
164356,47,164309
164358,17,164341
164360,3,164357
164362,5,164357
164364,7,164357
164366,3,164363
164368,5,164363
164370,7,164363
164372,31,164341
164374,3,164371
164376,5,164371
164378,7,164371
164380,3,164377
164382,5,164377
164384,7,164377
164386,23,164363
164388,11,164377
164390,3,164387
164392,5,164387
164394,7,164387
164396,19,164377
164398,11,164387
164400,13,164387
164402,31,164371
164404,17,164387
164406,19,164387
164408,31,164377
164410,23,164387
164412,41,164371
164414,37,164377
164416,3,164413
164418,5,164413
164420,7,164413
164422,3,164419
164424,5,164419
164426,7,164419
164428,41,164387
164430,11,164419
164432,3,164429
164434,3,164431
164436,5,164431
164438,7,164431
164440,11,164429
164442,11,164431
164444,13,164431
164446,3,164443
164448,5,164443
164450,3,164447
164452,3,164449
164454,5,164449
164456,7,164449
164458,11,164447
164460,11,164449
164462,13,164449
164464,17,164447
164466,17,164449
164468,19,164449
164470,23,164447
164472,23,164449
164474,3,164471
164476,5,164471
164478,7,164471
164480,3,164477
164482,5,164477
164484,7,164477
164486,37,164449
164488,11,164477
164490,13,164477
164492,43,164449
164494,17,164477
164496,19,164477
164498,67,164431
164500,23,164477
164502,31,164471
164504,61,164443
164506,3,164503
164508,5,164503
164510,7,164503
164512,41,164471
164514,11,164503
164516,3,164513
164518,5,164513
164520,7,164513
164522,19,164503
164524,11,164513
164526,13,164513
164528,79,164449
164530,17,164513
164532,19,164513
164534,3,164531
164536,5,164531
164538,7,164531
164540,37,164503
164542,11,164531
164544,13,164531
164546,43,164503
164548,17,164531
164550,19,164531
164552,103,164449
164554,23,164531
164556,43,164513
164558,109,164449
164560,29,164531
164562,31,164531
164564,61,164503
164566,53,164513
164568,37,164531
164570,67,164503
164572,3,164569
164574,5,164569
164576,7,164569
164578,47,164531
164580,11,164569
164582,13,164569
164584,3,164581
164586,5,164581
164588,7,164581
164590,3,164587
164592,5,164587
164594,7,164587
164596,83,164513
164598,11,164587
164600,13,164587
164602,3,164599
164604,5,164599
164606,7,164599
164608,131,164477
164610,11,164599
164612,13,164599
164614,83,164531
164616,17,164599
164618,19,164599
164620,3,164617
164622,5,164617
164624,3,164621
164626,3,164623
164628,5,164623
164630,3,164627
164632,5,164627
164634,7,164627
164636,13,164623
164638,11,164627
164640,13,164627
164642,19,164623
164644,17,164627
164646,19,164627
164648,31,164617
164650,23,164627
164652,29,164623
164654,31,164623
164656,3,164653
164658,5,164653
164660,7,164653
164662,41,164621
164664,11,164653
164666,3,164663
164668,5,164663
164670,7,164663
164672,19,164653
164674,11,164663
164676,13,164663
164678,61,164617
164680,3,164677
164682,5,164677
164684,7,164677
164686,3,164683
164688,5,164683
164690,7,164683
164692,29,164663
164694,11,164683
164696,13,164683
164698,71,164627
164700,17,164683
164702,19,164683
164704,3,164701
164706,5,164701
164708,7,164701
164710,3,164707
164712,5,164707
164714,7,164707
164716,53,164663
164718,11,164707
164720,13,164707
164722,59,164663
164724,17,164707
164726,19,164707
164728,101,164627
164730,23,164707
164732,3,164729
164734,5,164729
164736,7,164729
164738,31,164707
164740,11,164729
164742,13,164729
164744,37,164707
164746,3,164743
164748,5,164743
164750,7,164743
164752,23,164729
164754,11,164743
164756,13,164743
164758,29,164729
164760,17,164743
164762,19,164743
164764,101,164663
164766,23,164743
164768,61,164707
164770,3,164767
164772,5,164767
164774,3,164771
164776,5,164771
164778,7,164771
164780,13,164767
164782,11,164771
164784,13,164771
164786,19,164767
164788,17,164771
164790,19,164771
164792,3,164789
164794,5,164789
164796,7,164789
164798,31,164767
164800,11,164789
164802,13,164789
164804,37,164767
164806,17,164789
164808,19,164789
164810,43,164767
164812,3,164809
164814,5,164809
164816,7,164809
164818,29,164789
164820,11,164809
164822,13,164809
164824,3,164821
164826,5,164821
164828,7,164821
164830,41,164789
164832,11,164821
164834,3,164831
164836,5,164831
164838,7,164831
164840,3,164837
164842,3,164839
164844,5,164839
164846,7,164839
164848,11,164837
164850,11,164839
164852,13,164839
164854,17,164837
164856,17,164839
164858,19,164839
164860,23,164837
164862,23,164839
164864,43,164821
164866,29,164837
164868,29,164839
164870,31,164839
164872,41,164831
164874,37,164837
164876,37,164839
164878,41,164837
164880,41,164839
164882,43,164839
164884,3,164881
164886,5,164881
164888,7,164881
164890,53,164837
164892,11,164881
164894,13,164881
164896,3,164893
164898,5,164893
164900,7,164893
164902,71,164831
164904,11,164893
164906,13,164893
164908,71,164837
164910,17,164893
164912,19,164893
164914,3,164911
164916,5,164911
164918,7,164911
164920,83,164837
164922,11,164911
164924,13,164911
164926,89,164837
164928,17,164911
164930,19,164911
164932,101,164831
164934,23,164911
164936,43,164893
164938,101,164837
164940,29,164911
164942,31,164911
164944,107,164837
164946,53,164893
164948,37,164911
164950,113,164837
164952,41,164911
164954,43,164911
164956,3,164953
164958,5,164953
164960,7,164953
164962,131,164831
164964,11,164953
164966,3,164963
164968,5,164963
164970,7,164963
164972,19,164953
164974,11,164963
164976,13,164963
164978,67,164911
164980,17,164963
164982,19,164963
164984,31,164953
164986,23,164963
164988,107,164881
164990,3,164987
164992,5,164987
164994,7,164987
164996,43,164953
164998,11,164987
165000,13,164987
165002,3,164999
165004,3,165001
165006,5,165001
165008,7,165001
165010,11,164999
165012,11,165001
165014,13,165001
165016,17,164999
165018,17,165001
165020,19,165001
165022,23,164999
165024,23,165001
165026,73,164953
165028,29,164999
165030,29,165001
165032,31,165001
165034,47,164987
165036,37,164999
165038,37,165001
165040,3,165037
165042,5,165037
165044,3,165041
165046,5,165041
165048,7,165041
165050,3,165047
165052,3,165049
165054,5,165049
165056,7,165049
165058,11,165047
165060,11,165049
165062,3,165059
165064,5,165059
165066,7,165059
165068,19,165049
165070,11,165059
165072,13,165059
165074,37,165037
165076,17,165059
165078,19,165059
165080,31,165049
165082,3,165079
165084,5,165079
165086,3,165083
165088,5,165083
165090,7,165083
165092,3,165089
165094,5,165089
165096,7,165089
165098,19,165079
165100,11,165089
165102,13,165089
165104,67,165037
165106,3,165103
165108,5,165103
165110,7,165103
165112,23,165089
165114,11,165103
165116,13,165103
165118,29,165089
165120,17,165103
165122,19,165103
165124,41,165083
165126,23,165103
165128,79,165049
165130,41,165089
165132,29,165103
165134,31,165103
165136,3,165133
165138,5,165133
165140,7,165133
165142,53,165089
165144,11,165133
165146,13,165133
165148,59,165089
165150,17,165133
165152,19,165133
165154,71,165083
165156,23,165133
165158,79,165079
165160,71,165089
165162,29,165133
165164,3,165161
165166,5,165161
165168,7,165161
165170,37,165133
165172,11,165161
165174,13,165161
165176,3,165173
165178,5,165173
165180,7,165173
165182,79,165103
165184,3,165181
165186,5,165181
165188,7,165181
165190,17,165173
165192,11,165181
165194,13,165181
165196,23,165173
165198,17,165181
165200,19,165181
165202,29,165173
165204,23,165181
165206,3,165203
165208,5,165203
165210,7,165203
165212,31,165181
165214,3,165211
165216,5,165211
165218,7,165211
165220,17,165203
165222,11,165211
165224,13,165211
165226,23,165203
165228,17,165211
165230,19,165211
165232,3,165229
165234,5,165229
165236,3,165233
165238,5,165233
165240,7,165233
165242,13,165229
165244,11,165233
165246,13,165233
165248,19,165229
165250,3,165247
165252,5,165247
165254,7,165247
165256,23,165233
165258,11,165247
165260,13,165247
165262,29,165233
165264,17,165247
165266,19,165247
165268,107,165161
165270,23,165247
165272,43,165229
165274,41,165233
165276,29,165247
165278,31,165247
165280,47,165233
165282,53,165229
165284,37,165247
165286,53,165233
165288,41,165247
165290,3,165287
165292,5,165287
165294,7,165287
165296,3,165293
165298,5,165293
165300,7,165293
165302,73,165229
165304,11,165293
165306,13,165293
165308,61,165247
165310,17,165293
165312,19,165293
165314,3,165311
165316,3,165313
165318,5,165313
165320,3,165317
165322,5,165317
165324,7,165317
165326,13,165313
165328,11,165317
165330,13,165317
165332,19,165313
165334,3,165331
165336,5,165331
165338,7,165331
165340,23,165317
165342,11,165331
165344,13,165331
165346,3,165343
165348,5,165343
165350,7,165343
165352,3,165349
165354,5,165349
165356,7,165349
165358,41,165317
165360,11,165349
165362,13,165349
165364,47,165317
165366,17,165349
165368,19,165349
165370,3,165367
165372,5,165367
165374,7,165367
165376,59,165317
165378,11,165367
165380,13,165367
165382,3,165379
165384,5,165379
165386,3,165383
165388,5,165383
165390,7,165383
165392,13,165379
165394,3,165391
165396,5,165391
165398,7,165391
165400,3,165397
165402,5,165397
165404,7,165397
165406,23,165383
165408,11,165397
165410,13,165397
165412,29,165383
165414,17,165397
165416,19,165397
165418,101,165317
165420,23,165397
165422,31,165391
165424,41,165383
165426,29,165397
165428,31,165397
165430,47,165383
165432,41,165391
165434,37,165397
165436,53,165383
165438,41,165397
165440,3,165437
165442,5,165437
165444,7,165437
165446,3,165443
165448,5,165443
165450,7,165443
165452,3,165449
165454,5,165449
165456,7,165449
165458,61,165397
165460,3,165457
165462,5,165457
165464,7,165457
165466,3,165463
165468,5,165463
165470,7,165463
165472,3,165469
165474,5,165469
165476,7,165469
165478,29,165449
165480,11,165469
165482,3,165479
165484,5,165479
165486,7,165479
165488,19,165469
165490,11,165479
165492,13,165479
165494,31,165463
165496,17,165479
165498,19,165479
165500,31,165469
165502,23,165479
165504,41,165463
165506,37,165469
165508,29,165479
165510,31,165479
165512,43,165469
165514,3,165511
165516,5,165511
165518,7,165511
165520,41,165479
165522,11,165511
165524,13,165511
165526,3,165523
165528,5,165523
165530,3,165527
165532,5,165527
165534,7,165527
165536,3,165533
165538,5,165533
165540,7,165533
165542,19,165523
165544,3,165541
165546,5,165541
165548,7,165541
165550,17,165533
165552,11,165541
165554,3,165551
165556,3,165553
165558,5,165553
165560,7,165553
165562,3,165559
165564,5,165559
165566,7,165559
165568,17,165551
165570,11,165559
165572,3,165569
165574,5,165569
165576,7,165569
165578,19,165559
165580,11,165569
165582,13,165569
165584,31,165553
165586,17,165569
165588,19,165569
165590,3,165587
165592,3,165589
165594,5,165589
165596,7,165589
165598,11,165587
165600,11,165589
165602,13,165589
165604,3,165601
165606,5,165601
165608,7,165601
165610,23,165587
165612,11,165601
165614,3,165611
165616,5,165611
165618,7,165611
165620,3,165617
165622,5,165617
165624,7,165617
165626,37,165589
165628,11,165617
165630,13,165617
165632,31,165601
165634,17,165617
165636,19,165617
165638,37,165601
165640,23,165617
165642,31,165611
165644,43,165601
165646,29,165617
165648,31,165617
165650,61,165589
165652,41,165611
165654,37,165617
165656,3,165653
165658,5,165653
165660,7,165653
165662,61,165601
165664,11,165653
165666,13,165653
165668,67,165601
165670,3,165667
165672,5,165667
165674,7,165667
165676,3,165673
165678,5,165673
165680,7,165673
165682,29,165653
165684,11,165673
165686,13,165673
165688,71,165617
165690,17,165673
165692,19,165673
165694,41,165653
165696,23,165673
165698,31,165667
165700,47,165653
165702,29,165673
165704,3,165701
165706,3,165703
165708,5,165703
165710,3,165707
165712,3,165709
165714,5,165709
165716,3,165713
165718,5,165713
165720,7,165713
165722,3,165719
165724,3,165721
165726,5,165721
165728,7,165721
165730,11,165719
165732,11,165721
165734,13,165721
165736,17,165719
165738,17,165721
165740,19,165721
165742,23,165719
165744,23,165721
165746,37,165709
165748,29,165719
165750,29,165721
165752,3,165749
165754,5,165749
165756,7,165749
165758,37,165721
165760,11,165749
165762,13,165749
165764,43,165721
165766,17,165749
165768,19,165749
165770,61,165709
165772,23,165749
165774,53,165721
165776,67,165709
165778,29,165749
165780,31,165749
165782,3,165779
165784,5,165779
165786,7,165779
165788,67,165721
165790,11,165779
165792,13,165779
165794,73,165721
165796,17,165779
165798,19,165779
165800,79,165721
165802,3,165799
165804,5,165799
165806,7,165799
165808,29,165779
165810,11,165799
165812,13,165799
165814,3,165811
165816,5,165811
165818,7,165811
165820,3,165817
165822,5,165817
165824,7,165817
165826,47,165779
165828,11,165817
165830,13,165817
165832,3,165829
165834,5,165829
165836,3,165833
165838,5,165833
165840,7,165833
165842,13,165829
165844,11,165833
165846,13,165833
165848,19,165829
165850,17,165833
165852,19,165833
165854,37,165817
165856,23,165833
165858,29,165829
165860,3,165857
165862,5,165857
165864,7,165857
165866,37,165829
165868,11,165857
165870,13,165857
165872,43,165829
165874,17,165857
165876,19,165857
165878,61,165817
165880,3,165877
165882,5,165877
165884,7,165877
165886,3,165883
165888,5,165883
165890,3,165887
165892,5,165887
165894,7,165887
165896,13,165883
165898,11,165887
165900,13,165887
165902,19,165883
165904,3,165901
165906,5,165901
165908,7,165901
165910,23,165887
165912,11,165901
165914,13,165901
165916,29,165887
165918,17,165901
165920,19,165901
165922,89,165833
165924,23,165901
165926,43,165883
165928,41,165887
165930,29,165901
165932,31,165901
165934,3,165931
165936,5,165931
165938,7,165931
165940,53,165887
165942,11,165931
165944,3,165941
165946,5,165941
165948,7,165941
165950,3,165947
165952,5,165947
165954,7,165947
165956,73,165883
165958,11,165947
165960,13,165947
165962,31,165931
165964,3,165961
165966,5,165961
165968,7,165961
165970,23,165947
165972,11,165961
165974,13,165961
165976,29,165947
165978,17,165961
165980,19,165961
165982,41,165941
165984,23,165961
165986,3,165983
165988,5,165983
165990,7,165983
165992,31,165961
165994,11,165983
165996,13,165983
165998,37,165961
166000,17,165983
166002,19,165983
166004,43,165961
166006,23,165983
166008,47,165961
166010,79,165931
166012,29,165983
166014,31,165983
166016,3,166013
166018,5,166013
166020,7,166013
166022,61,165961
166024,3,166021
166026,5,166021
166028,7,166021
166030,3,166027
166032,5,166027
166034,3,166031
166036,5,166031
166038,7,166031
166040,13,166027
166042,11,166031
166044,13,166031
166046,3,166043
166048,5,166043
166050,7,166043
166052,31,166021
166054,11,166043
166056,13,166043
166058,31,166027
166060,17,166043
166062,19,166043
166064,37,166027
166066,3,166063
166068,5,166063
166070,7,166063
166072,29,166043
166074,11,166063
166076,13,166063
166078,47,166031
166080,17,166063
166082,19,166063
166084,3,166081
166086,5,166081
166088,7,166081
166090,47,166043
166092,11,166081
166094,13,166081
166096,53,166043
166098,17,166081
166100,19,166081
166102,3,166099
166104,5,166099
166106,7,166099
166108,167,165941
166110,11,166099
166112,13,166099
166114,71,166043
166116,17,166099
166118,19,166099
166120,89,166031
166122,23,166099
166124,43,166081
166126,83,166043
166128,29,166099
166130,31,166099
166132,89,166043
166134,53,166081
166136,37,166099
166138,107,166031
166140,41,166099
166142,43,166099
166144,101,166043
166146,47,166099
166148,67,166081
166150,3,166147
166152,5,166147
166154,3,166151
166156,5,166151
166158,7,166151
166160,3,166157
166162,5,166157
166164,7,166157
166166,19,166147
166168,11,166157
166170,13,166157
166172,3,166169
166174,5,166169
166176,7,166169
166178,31,166147
166180,11,166169
166182,13,166169
166184,37,166147
166186,3,166183
166188,5,166183
166190,7,166183
166192,3,166189
166194,5,166189
166196,7,166189
166198,29,166169
166200,11,166189
166202,13,166189
166204,47,166157
166206,17,166189
166208,19,166189
166210,3,166207
166212,5,166207
166214,7,166207
166216,47,166169
166218,11,166207
166220,13,166207
166222,3,166219
166224,5,166219
166226,7,166219
166228,59,166169
166230,11,166219
166232,13,166219
166234,83,166151
166236,17,166219
166238,19,166219
166240,3,166237
166242,5,166237
166244,7,166237
166246,89,166157
166248,11,166237
166250,3,166247
166252,5,166247
166254,7,166247
166256,19,166237
166258,11,166247
166260,13,166247
166262,3,166259
166264,5,166259
166266,7,166259
166268,31,166237
166270,11,166259
166272,13,166259
166274,37,166237
166276,3,166273
166278,5,166273
166280,7,166273
166282,23,166259
166284,11,166273
166286,13,166273
166288,29,166259
166290,17,166273
166292,3,166289
166294,5,166289
166296,7,166289
166298,61,166237
166300,3,166297
166302,5,166297
166304,3,166301
166306,3,166303
166308,5,166303
166310,7,166303
166312,11,166301
166314,11,166303
166316,13,166303
166318,17,166301
166320,17,166303
166322,3,166319
166324,5,166319
166326,7,166319
166328,31,166297
166330,11,166319
166332,13,166319
166334,31,166303
166336,17,166319
166338,19,166319
166340,37,166303
166342,23,166319
166344,41,166303
166346,43,166303
166348,29,166319
166350,31,166319
166352,3,166349
166354,3,166351
166356,5,166351
166358,7,166351
166360,3,166357
166362,5,166357
166364,7,166357
166366,3,166363
166368,5,166363
166370,7,166363
166372,23,166349
166374,11,166363
166376,13,166363
166378,29,166349
166380,17,166363
166382,19,166363
166384,83,166301
166386,23,166363
166388,31,166357
166390,41,166349
166392,29,166363
166394,31,166363
166396,3,166393
166398,5,166393
166400,7,166393
166402,3,166399
166404,5,166399
166406,3,166403
166408,5,166403
166410,7,166403
166412,3,166409
166414,5,166409
166416,7,166409
166418,19,166399
166420,3,166417
166422,5,166417
166424,7,166417
166426,17,166409
166428,11,166417
166430,13,166417
166432,3,166429
166434,5,166429
166436,7,166429
166438,29,166409
166440,11,166429
166442,13,166429
166444,41,166403
166446,17,166429
166448,19,166429
166450,41,166409
166452,23,166429
166454,37,166417
166456,47,166409
166458,29,166429
166460,3,166457
166462,5,166457
166464,7,166457
166466,37,166429
166468,11,166457
166470,13,166457
166472,43,166429
166474,3,166471
166476,5,166471
166478,7,166471
166480,23,166457
166482,11,166471
166484,13,166471
166486,29,166457
166488,17,166471
166490,3,166487
166492,5,166487
166494,7,166487
166496,67,166429
166498,11,166487
166500,13,166487
166502,31,166471
166504,17,166487
166506,19,166487
166508,37,166471
166510,23,166487
166512,41,166471
166514,43,166471
166516,29,166487
166518,31,166487
166520,103,166417
166522,113,166409
166524,37,166487
166526,97,166429
166528,41,166487
166530,43,166487
166532,61,166471
166534,47,166487
166536,79,166457
166538,67,166471
166540,53,166487
166542,71,166471
166544,3,166541
166546,5,166541
166548,7,166541
166550,79,166471
166552,11,166541
166554,13,166541
166556,127,166429
166558,17,166541
166560,19,166541
166562,163,166399
166564,3,166561
166566,5,166561
166568,7,166561
166570,3,166567
166572,5,166567
166574,3,166571
166576,5,166571
166578,7,166571
166580,13,166567
166582,11,166571
166584,13,166571
166586,19,166567
166588,17,166571
166590,19,166571
166592,31,166561
166594,23,166571
166596,29,166567
166598,31,166567
166600,3,166597
166602,5,166597
166604,3,166601
166606,3,166603
166608,5,166603
166610,7,166603
166612,3,166609
166614,5,166609
166616,3,166613
166618,5,166613
166620,7,166613
166622,3,166619
166624,5,166619
166626,7,166619
166628,19,166609
166630,3,166627
166632,5,166627
166634,3,166631
166636,5,166631
166638,7,166631
166640,13,166627
166642,11,166631
166644,13,166631
166646,3,166643
166648,5,166643
166650,7,166643
166652,43,166609
166654,11,166643
166656,13,166643
166658,31,166627
166660,3,166657
166662,5,166657
166664,7,166657
166666,23,166643
166668,11,166657
166670,3,166667
166672,3,166669
166674,5,166669
166676,7,166669
166678,11,166667
166680,11,166669
166682,3,166679
166684,5,166679
166686,7,166679
166688,19,166669
166690,11,166679
166692,13,166679
166694,37,166657
166696,3,166693
166698,5,166693
166700,7,166693
166702,23,166679
166704,11,166693
166706,3,166703
166708,5,166703
166710,7,166703
166712,19,166693
166714,11,166703
166716,13,166703
166718,61,166657
166720,17,166703
166722,19,166703
166724,31,166693
166726,3,166723
166728,5,166723
166730,7,166723
166732,29,166703
166734,11,166723
166736,13,166723
166738,59,166679
166740,17,166723
166742,3,166739
166744,3,166741
166746,5,166741
166748,7,166741
166750,11,166739
166752,11,166741
166754,13,166741
166756,17,166739
166758,17,166741
166760,19,166741
166762,23,166739
166764,23,166741
166766,43,166723
166768,29,166739
166770,29,166741
166772,31,166741
166774,71,166703
166776,37,166739
166778,37,166741
166780,41,166739
166782,41,166741
166784,3,166781
166786,3,166783
166788,5,166783
166790,7,166783
166792,11,166781
166794,11,166783
166796,13,166783
166798,17,166781
166800,17,166783
166802,3,166799
166804,5,166799
166806,7,166799
166808,67,166741
166810,3,166807
166812,5,166807
166814,7,166807
166816,17,166799
166818,11,166807
166820,13,166807
166822,23,166799
166824,17,166807
166826,3,166823
166828,5,166823
166830,7,166823
166832,109,166723
166834,11,166823
166836,13,166823
166838,31,166807
166840,17,166823
166842,19,166823
166844,3,166841
166846,3,166843
166848,5,166843
166850,3,166847
166852,3,166849
166854,5,166849
166856,3,166853
166858,5,166853
166860,7,166853
166862,13,166849
166864,3,166861
166866,5,166861
166868,7,166861
166870,3,166867
166872,5,166867
166874,3,166871
166876,5,166871
166878,7,166871
166880,13,166867
166882,11,166871
166884,13,166871
166886,19,166867
166888,17,166871
166890,19,166871
166892,31,166861
166894,23,166871
166896,29,166867
166898,31,166867
166900,29,166871
166902,31,166871
166904,37,166867
166906,53,166853
166908,37,166871
166910,43,166867
166912,3,166909
166914,5,166909
166916,7,166909
166918,47,166871
166920,11,166909
166922,3,166919
166924,5,166919
166926,7,166919
166928,19,166909
166930,11,166919
166932,13,166919
166934,3,166931
166936,5,166931
166938,7,166931
166940,31,166909
166942,11,166931
166944,13,166931
166946,37,166909
166948,17,166931
166950,19,166931
166952,3,166949
166954,5,166949
166956,7,166949
166958,97,166861
166960,11,166949
166962,13,166949
166964,97,166867
166966,17,166949
166968,19,166949
166970,3,166967
166972,5,166967
166974,7,166967
166976,3,166973
166978,5,166973
166980,7,166973
166982,3,166979
166984,5,166979
166986,7,166979
166988,79,166909
166990,3,166987
166992,5,166987
166994,7,166987
166996,17,166979
166998,11,166987
167000,13,166987
167002,23,166979
167004,17,166987
167006,19,166987
167008,29,166979
167010,23,166987
167012,3,167009
167014,5,167009
167016,7,167009
167018,31,166987
167020,3,167017
167022,5,167017
167024,3,167021
167026,3,167023
167028,5,167023
167030,7,167023
167032,11,167021
167034,11,167023
167036,3,167033
167038,5,167033
167040,7,167033
167042,3,167039
167044,5,167039
167046,7,167039
167048,31,167017
167050,3,167047
167052,5,167047
167054,3,167051
167056,5,167051
167058,7,167051
167060,13,167047
167062,11,167051
167064,13,167051
167066,19,167047
167068,17,167051
167070,19,167051
167072,163,166909
167074,3,167071
167076,5,167071
167078,7,167071
167080,3,167077
167082,5,167077
167084,3,167081
167086,5,167081
167088,7,167081
167090,3,167087
167092,5,167087
167094,7,167087
167096,19,167077
167098,11,167087
167100,13,167087
167102,3,167099
167104,5,167099
167106,7,167099
167108,31,167077
167110,3,167107
167112,5,167107
167114,7,167107
167116,3,167113
167118,5,167113
167120,3,167117
167122,3,167119
167124,5,167119
167126,7,167119
167128,11,167117
167130,11,167119
167132,13,167119
167134,17,167117
167136,17,167119
167138,19,167119
167140,23,167117
167142,23,167119
167144,31,167113
167146,29,167117
167148,29,167119
167150,31,167119
167152,3,167149
167154,5,167149
167156,7,167149
167158,41,167117
167160,11,167149
167162,3,167159
167164,5,167159
167166,7,167159
167168,19,167149
167170,11,167159
167172,13,167159
167174,61,167113
167176,3,167173
167178,5,167173
167180,3,167177
167182,5,167177
167184,7,167177
167186,13,167173
167188,11,167177
167190,13,167177
167192,19,167173
167194,3,167191
167196,5,167191
167198,7,167191
167200,3,167197
167202,5,167197
167204,7,167197
167206,29,167177
167208,11,167197
167210,13,167197
167212,53,167159
167214,17,167197
167216,3,167213
167218,5,167213
167220,7,167213
167222,31,167191
167224,3,167221
167226,5,167221
167228,7,167221
167230,17,167213
167232,11,167221
167234,13,167221
167236,23,167213
167238,17,167221
167240,19,167221
167242,29,167213
167244,23,167221
167246,73,167173
167248,71,167177
167250,29,167221
167252,3,167249
167254,5,167249
167256,7,167249
167258,37,167221
167260,11,167249
167262,13,167249
167264,3,167261
167266,5,167261
167268,7,167261
167270,3,167267
167272,3,167269
167274,5,167269
167276,7,167269
167278,11,167267
167280,11,167269
167282,13,167269
167284,17,167267
167286,17,167269
167288,19,167269
167290,23,167267
167292,23,167269
167294,73,167221
167296,29,167267
167298,29,167269
167300,31,167269
167302,41,167261
167304,37,167267
167306,37,167269
167308,41,167267
167310,41,167269
167312,3,167309
167314,3,167311
167316,5,167311
167318,7,167311
167320,3,167317
167322,5,167317
167324,7,167317
167326,17,167309
167328,11,167317
167330,13,167317
167332,3,167329
167334,5,167329
167336,7,167329
167338,29,167309
167340,11,167329
167342,3,167339
167344,3,167341
167346,5,167341
167348,7,167341
167350,11,167339
167352,11,167341
167354,13,167341
167356,17,167339
167358,17,167341
167360,19,167341
167362,23,167339
167364,23,167341
167366,37,167329
167368,29,167339
167370,29,167341
167372,31,167341
167374,107,167267
167376,37,167339
167378,37,167341
167380,41,167339
167382,41,167341
167384,3,167381
167386,5,167381
167388,7,167381
167390,61,167329
167392,11,167381
167394,13,167381
167396,3,167393
167398,5,167393
167400,7,167393
167402,61,167341
167404,11,167393
167406,13,167393
167408,67,167341
167410,3,167407
167412,5,167407
167414,7,167407
167416,3,167413
167418,5,167413
167420,7,167413
167422,29,167393
167424,11,167413
167426,3,167423
167428,5,167423
167430,7,167423
167432,3,167429
167434,5,167429
167436,7,167429
167438,31,167407
167440,3,167437
167442,5,167437
167444,3,167441
167446,3,167443
167448,5,167443
167450,7,167443
167452,3,167449
167454,5,167449
167456,7,167449
167458,17,167441
167460,11,167449
167462,13,167449
167464,23,167441
167466,17,167449
167468,19,167449
167470,29,167441
167472,23,167449
167474,3,167471
167476,5,167471
167478,7,167471
167480,31,167449
167482,11,167471
167484,13,167471
167486,3,167483
167488,5,167483
167490,7,167483
167492,43,167449
167494,3,167491
167496,5,167491
167498,7,167491
167500,17,167483
167502,11,167491
167504,13,167491
167506,23,167483
167508,17,167491
167510,19,167491
167512,29,167483
167514,23,167491
167516,67,167449
167518,47,167471
167520,29,167491
167522,31,167491
167524,3,167521
167526,5,167521
167528,7,167521
167530,47,167483
167532,11,167521
167534,13,167521
167536,53,167483
167538,17,167521
167540,3,167537
167542,5,167537
167544,7,167537
167546,3,167543
167548,5,167543
167550,7,167543
167552,31,167521
167554,11,167543
167556,13,167543
167558,37,167521
167560,17,167543
167562,19,167543
167564,43,167521
167566,23,167543
167568,31,167537
167570,79,167491
167572,29,167543
167574,31,167543
167576,127,167449
167578,41,167537
167580,37,167543
167582,61,167521
167584,41,167543
167586,43,167543
167588,67,167521
167590,47,167543
167592,71,167521
167594,73,167521
167596,3,167593
167598,5,167593
167600,3,167597
167602,5,167597
167604,7,167597
167606,13,167593
167608,11,167597
167610,13,167597
167612,19,167593
167614,3,167611
167616,5,167611
167618,7,167611
167620,23,167597
167622,11,167611
167624,3,167621
167626,3,167623
167628,5,167623
167630,3,167627
167632,5,167627
167634,7,167627
167636,3,167633
167638,5,167633
167640,7,167633
167642,19,167623
167644,3,167641
167646,5,167641
167648,7,167641
167650,17,167633
167652,11,167641
167654,13,167641
167656,23,167633
167658,17,167641
167660,19,167641
167662,29,167633
167664,23,167641
167666,3,167663
167668,5,167663
167670,7,167663
167672,31,167641
167674,11,167663
167676,13,167663
167678,37,167641
167680,3,167677
167682,5,167677
167684,7,167677
167686,3,167683
167688,5,167683
167690,7,167683
167692,29,167663
167694,11,167683
167696,13,167683
167698,71,167627
167700,17,167683
167702,19,167683
167704,41,167663
167706,23,167683
167708,31,167677
167710,47,167663
167712,29,167683
167714,3,167711
167716,5,167711
167718,7,167711
167720,37,167683
167722,11,167711
167724,13,167711
167726,43,167683
167728,17,167711
167730,19,167711
167732,3,167729
167734,5,167729
167736,7,167729
167738,61,167677
167740,11,167729
167742,13,167729
167744,61,167683
167746,17,167729
167748,19,167729
167750,3,167747
167752,5,167747
167754,7,167747
167756,73,167683
167758,11,167747
167760,13,167747
167762,3,167759
167764,5,167759
167766,7,167759
167768,127,167641
167770,11,167759
167772,13,167759
167774,3,167771
167776,5,167771
167778,7,167771
167780,3,167777
167782,3,167779
167784,5,167779
167786,7,167779
167788,11,167777
167790,11,167779
167792,13,167779
167794,17,167777
167796,17,167779
167798,19,167779
167800,23,167777
167802,23,167779
167804,3,167801
167806,5,167801
167808,7,167801
167810,31,167779
167812,3,167809
167814,5,167809
167816,7,167809
167818,17,167801
167820,11,167809
167822,13,167809
167824,23,167801
167826,17,167809
167828,19,167809
167830,29,167801
167832,23,167809
167834,151,167683
167836,59,167777
167838,29,167809
167840,31,167809
167842,41,167801
167844,43,167801
167846,37,167809
167848,47,167801
167850,41,167809
167852,43,167809
167854,53,167801
167856,47,167809
167858,79,167779
167860,59,167801
167862,53,167809
167864,3,167861
167866,3,167863
167868,5,167863
167870,7,167863
167872,11,167861
167874,11,167863
167876,3,167873
167878,5,167873
167880,7,167873
167882,3,167879
167884,5,167879
167886,7,167879
167888,79,167809
167890,3,167887
167892,5,167887
167894,3,167891
167896,5,167891
167898,7,167891
167900,13,167887
167902,3,167899
167904,5,167899
167906,7,167899
167908,17,167891
167910,11,167899
167912,13,167899
167914,3,167911
167916,5,167911
167918,7,167911
167920,3,167917
167922,5,167917
167924,7,167917
167926,47,167879
167928,11,167917
167930,13,167917
167932,41,167891
167934,17,167917
167936,19,167917
167938,47,167891
167940,23,167917
167942,31,167911
167944,53,167891
167946,29,167917
167948,31,167917
167950,59,167891
167952,41,167911
167954,37,167917
167956,3,167953
167958,5,167953
167960,7,167953
167962,71,167891
167964,11,167953
167966,13,167953
167968,89,167879
167970,17,167953
167972,19,167953
167974,3,167971
167976,5,167971
167978,7,167971
167980,89,167891
167982,11,167971
167984,13,167971
167986,107,167879
167988,17,167971
167990,3,167987
167992,5,167987
167994,7,167987
167996,43,167953
167998,11,167987
168000,13,167987
168002,31,167971
168004,17,167987
168006,19,167987
168008,37,167971
168010,23,167987
168012,41,167971
168014,43,167971
168016,3,168013
168018,5,168013
168020,7,168013
168022,131,167891
168024,11,168013
168026,3,168023
168028,5,168023
168030,7,168023
168032,3,168029
168034,5,168029
168036,7,168029
168038,67,167971
168040,3,168037
168042,5,168037
168044,7,168037
168046,3,168043
168048,5,168043
168050,7,168043
168052,23,168029
168054,11,168043
168056,13,168043
168058,29,168029
168060,17,168043
168062,19,168043
168064,41,168023
168066,23,168043
168068,31,168037
168070,3,168067
168072,5,168067
168074,3,168071
168076,5,168071
168078,7,168071
168080,13,168067
168082,11,168071
168084,13,168071
168086,3,168083
168088,5,168083
168090,7,168083
168092,3,168089
168094,5,168089
168096,7,168089
168098,31,168067
168100,11,168089
168102,13,168089
168104,37,168067
168106,17,168089
168108,19,168089
168110,43,168067
168112,3,168109
168114,5,168109
168116,7,168109
168118,29,168089
168120,11,168109
168122,13,168109
168124,41,168083
168126,17,168109
168128,19,168109
168130,3,168127
168132,5,168127
168134,7,168127
168136,47,168089
168138,11,168127
168140,13,168127
168142,53,168089
168144,17,168127
168146,3,168143
168148,5,168143
168150,7,168143
168152,43,168109
168154,3,168151
168156,5,168151
168158,7,168151
168160,17,168143
168162,11,168151
168164,13,168151
168166,23,168143
168168,17,168151
168170,19,168151
168172,29,168143
168174,23,168151
168176,67,168109
168178,89,168089
168180,29,168151
168182,31,168151
168184,41,168143
168186,43,168143
168188,37,168151
168190,47,168143
168192,41,168151
168194,43,168151
168196,3,168193
168198,5,168193
168200,3,168197
168202,5,168197
168204,7,168197
168206,13,168193
168208,11,168197
168210,13,168197
168212,19,168193
168214,3,168211
168216,5,168211
168218,7,168211
168220,23,168197
168222,11,168211
168224,13,168211
168226,29,168197
168228,17,168211
168230,3,168227
168232,5,168227
168234,7,168227
168236,43,168193
168238,11,168227
168240,13,168227
168242,31,168211
168244,17,168227
168246,19,168227
168248,37,168211
168250,3,168247
168252,5,168247
168254,7,168247
168256,3,168253
168258,5,168253
168260,7,168253
168262,173,168089
168264,11,168253
168266,3,168263
168268,5,168263
168270,7,168263
168272,3,168269
168274,5,168269
168276,7,168269
168278,31,168247
168280,3,168277
168282,5,168277
168284,3,168281
168286,5,168281
168288,7,168281
168290,13,168277
168292,11,168281
168294,13,168281
168296,3,168293
168298,5,168293
168300,7,168293
168302,109,168193
168304,11,168293
168306,13,168293
168308,31,168277
168310,17,168293
168312,19,168293
168314,37,168277
168316,23,168293
168318,37,168281
168320,43,168277
168322,29,168293
168324,31,168293
168326,3,168323
168328,5,168323
168330,7,168323
168332,79,168253
168334,3,168331
168336,5,168331
168338,7,168331
168340,17,168323
168342,11,168331
168344,13,168331
168346,23,168323
168348,17,168331
168350,3,168347
168352,5,168347
168354,7,168347
168356,3,168353
168358,5,168353
168360,7,168353
168362,31,168331
168364,11,168353
168366,13,168353
168368,37,168331
168370,17,168353
168372,19,168353
168374,43,168331
168376,23,168353
168378,31,168347
168380,103,168277
168382,29,168353
168384,31,168353
168386,109,168277
168388,41,168347
168390,37,168353
168392,61,168331
168394,3,168391
168396,5,168391
168398,7,168391
168400,47,168353
168402,11,168391
168404,13,168391
168406,53,168353
168408,17,168391
168410,19,168391
168412,3,168409
168414,5,168409
168416,7,168409
168418,71,168347
168420,11,168409
168422,13,168409
168424,71,168353
168426,17,168409
168428,19,168409
168430,83,168347
168432,23,168409
168434,43,168391
168436,3,168433
168438,5,168433
168440,7,168433
168442,89,168353
168444,11,168433
168446,13,168433
168448,101,168347
168450,17,168433
168452,3,168449
168454,3,168451
168456,5,168451
168458,7,168451
168460,3,168457
168462,5,168457
168464,7,168457
168466,3,168463
168468,5,168463
168470,7,168463
168472,23,168449
168474,11,168463
168476,13,168463
168478,29,168449
168480,17,168463
168482,19,168463
168484,3,168481
168486,5,168481
168488,7,168481
168490,41,168449
168492,11,168481
168494,3,168491
168496,5,168491
168498,7,168491
168500,19,168481
168502,3,168499
168504,5,168499
168506,7,168499
168508,17,168491
168510,11,168499
168512,13,168499
168514,23,168491
168516,17,168499
168518,19,168499
168520,29,168491
168522,23,168499
168524,43,168481
168526,3,168523
168528,5,168523
168530,3,168527
168532,5,168527
168534,7,168527
168536,3,168533
168538,5,168533
168540,7,168533
168542,19,168523
168544,3,168541
168546,5,168541
168548,7,168541
168550,17,168533
168552,11,168541
168554,13,168541
168556,23,168533
168558,17,168541
168560,19,168541
168562,3,168559
168564,5,168559
168566,7,168559
168568,41,168527
168570,11,168559
168572,13,168559
168574,41,168533
168576,17,168559
168578,19,168559
168580,47,168533
168582,23,168559
168584,43,168541
168586,53,168533
168588,29,168559
168590,31,168559
168592,59,168533
168594,53,168541
168596,37,168559
168598,71,168527
168600,41,168559
168602,3,168599
168604,3,168601
168606,5,168601
168608,7,168601
168610,11,168599
168612,11,168601
168614,13,168601
168616,17,168599
168618,17,168601
168620,3,168617
168622,5,168617
168624,7,168617
168626,67,168559
168628,11,168617
168630,13,168617
168632,3,168629
168634,3,168631
168636,5,168631
168638,7,168631
168640,11,168629
168642,11,168631
168644,13,168631
168646,3,168643
168648,5,168643
168650,7,168643
168652,23,168629
168654,11,168643
168656,13,168643
168658,29,168629
168660,17,168643
168662,19,168643
168664,47,168617
168666,23,168643
168668,37,168631
168670,41,168629
168672,29,168643
168674,31,168643
168676,3,168673
168678,5,168673
168680,3,168677
168682,5,168677
168684,7,168677
168686,13,168673
168688,11,168677
168690,13,168677
168692,19,168673
168694,17,168677
168696,19,168677
168698,67,168631
168700,3,168697
168702,5,168697
168704,7,168697
168706,29,168677
168708,11,168697
168710,13,168697
168712,83,168629
168714,17,168697
168716,3,168713
168718,5,168713
168720,7,168713
168722,3,168719
168724,5,168719
168726,7,168719
168728,31,168697
168730,11,168719
168732,13,168719
168734,3,168731
168736,5,168731
168738,7,168731
168740,3,168737
168742,5,168737
168744,7,168737
168746,3,168743
168748,5,168743
168750,7,168743
168752,79,168673
168754,11,168743
168756,13,168743
168758,61,168697
168760,17,168743
168762,19,168743
168764,3,168761
168766,5,168761
168768,7,168761
168770,73,168697
168772,3,168769
168774,5,168769
168776,7,168769
168778,17,168761
168780,11,168769
168782,13,168769
168784,3,168781
168786,5,168781
168788,7,168781
168790,29,168761
168792,11,168781
168794,13,168781
168796,53,168743
168798,17,168781
168800,19,168781
168802,41,168761
168804,23,168781
168806,3,168803
168808,5,168803
168810,7,168803
168812,31,168781
168814,11,168803
168816,13,168803
168818,37,168781
168820,17,168803
168822,19,168803
168824,43,168781
168826,23,168803
168828,47,168781
168830,61,168769
168832,29,168803
168834,31,168803
168836,67,168769
168838,101,168737
168840,37,168803
168842,61,168781
168844,41,168803
168846,43,168803
168848,67,168781
168850,47,168803
168852,71,168781
168854,3,168851
168856,5,168851
168858,7,168851
168860,79,168781
168862,11,168851
168864,13,168851
168866,3,168863
168868,5,168863
168870,7,168863
168872,3,168869
168874,5,168869
168876,7,168869
168878,97,168781
168880,11,168869
168882,13,168869
168884,103,168781
168886,17,168869
168888,19,168869
168890,3,168887
168892,5,168887
168894,7,168887
168896,3,168893
168898,5,168893
168900,7,168893
168902,3,168899
168904,3,168901
168906,5,168901
168908,7,168901
168910,11,168899
168912,11,168901
168914,13,168901
168916,3,168913
168918,5,168913
168920,7,168913
168922,23,168899
168924,11,168913
168926,13,168913
168928,29,168899
168930,17,168913
168932,19,168913
168934,41,168893
168936,23,168913
168938,37,168901
168940,3,168937
168942,5,168937
168944,7,168937
168946,3,168943
168948,5,168943
168950,7,168943
168952,53,168899
168954,11,168943
168956,13,168943
168958,59,168899
168960,17,168943
168962,19,168943
168964,71,168893
168966,23,168943
168968,31,168937
168970,71,168899
168972,29,168943
168974,31,168943
168976,83,168893
168978,41,168937
168980,3,168977
168982,5,168977
168984,7,168977
168986,43,168943
168988,11,168977
168990,13,168977
168992,79,168913
168994,3,168991
168996,5,168991
168998,7,168991
169000,23,168977
169002,11,168991
169004,13,168991
169006,3,169003
169008,5,169003
169010,3,169007
169012,3,169009
169014,5,169009
169016,7,169009
169018,11,169007
169020,11,169009
169022,3,169019
169024,5,169019
169026,7,169019
169028,19,169009
169030,11,169019
169032,13,169019
169034,31,169003
169036,17,169019
169038,19,169019
169040,31,169009
169042,23,169019
169044,37,169007
169046,37,169009
169048,29,169019
169050,31,169019
169052,3,169049
169054,5,169049
169056,7,169049
169058,67,168991
169060,11,169049
169062,13,169049
169064,61,169003
169066,3,169063
169068,5,169063
169070,3,169067
169072,3,169069
169074,5,169069
169076,7,169069
169078,11,169067
169080,11,169069
169082,3,169079
169084,5,169079
169086,7,169079
169088,19,169069
169090,11,169079
169092,13,169079
169094,31,169063
169096,3,169093
169098,5,169093
169100,3,169097
169102,5,169097
169104,7,169097
169106,13,169093
169108,11,169097
169110,13,169097
169112,19,169093
169114,3,169111
169116,5,169111
169118,7,169111
169120,23,169097
169122,11,169111
169124,13,169111
169126,29,169097
169128,17,169111
169130,19,169111
169132,3,169129
169134,5,169129
169136,7,169129
169138,41,169097
169140,11,169129
169142,13,169129
169144,47,169097
169146,17,169129
169148,19,169129
169150,53,169097
169152,23,169129
169154,3,169151
169156,5,169151
169158,7,169151
169160,31,169129
169162,3,169159
169164,5,169159
169166,7,169159
169168,17,169151
169170,11,169159
169172,13,169159
169174,23,169151
169176,17,169159
169178,19,169159
169180,3,169177
169182,5,169177
169184,3,169181
169186,5,169181
169188,7,169181
169190,13,169177
169192,11,169181
169194,13,169181
169196,19,169177
169198,17,169181
169200,19,169181
169202,3,169199
169204,5,169199
169206,7,169199
169208,31,169177
169210,11,169199
169212,13,169199
169214,37,169177
169216,17,169199
169218,19,169199
169220,3,169217
169222,3,169219
169224,5,169219
169226,7,169219
169228,11,169217
169230,11,169219
169232,13,169219
169234,17,169217
169236,17,169219
169238,19,169219
169240,23,169217
169242,23,169219
169244,3,169241
169246,3,169243
169248,5,169243
169250,7,169243
169252,3,169249
169254,5,169249
169256,7,169249
169258,17,169241
169260,11,169249
169262,3,169259
169264,5,169259
169266,7,169259
169268,19,169249
169270,11,169259
169272,13,169259
169274,31,169243
169276,17,169259
169278,19,169259
169280,31,169249
169282,23,169259
169284,41,169243
169286,3,169283
169288,5,169283
169290,7,169283
169292,43,169249
169294,11,169283
169296,13,169283
169298,79,169219
169300,17,169283
169302,19,169283
169304,61,169243
169306,23,169283
169308,59,169249
169310,3,169307
169312,5,169307
169314,7,169307
169316,3,169313
169318,5,169313
169320,7,169313
169322,3,169319
169324,3,169321
169326,5,169321
169328,7,169321
169330,3,169327
169332,5,169327
169334,7,169327
169336,17,169319
169338,11,169327
169340,13,169327
169342,3,169339
169344,5,169339
169346,3,169343
169348,5,169343
169350,7,169343
169352,13,169339
169354,11,169343
169356,13,169343
169358,19,169339
169360,17,169343
169362,19,169343
169364,3,169361
169366,5,169361
169368,7,169361
169370,31,169339
169372,3,169369
169374,5,169369
169376,3,169373
169378,5,169373
169380,7,169373
169382,13,169369
169384,11,169373
169386,13,169373
169388,19,169369
169390,17,169373
169392,19,169373
169394,67,169327
169396,23,169373
169398,29,169369
169400,31,169369
169402,3,169399
169404,5,169399
169406,7,169399
169408,47,169361
169410,11,169399
169412,3,169409
169414,5,169409
169416,7,169409
169418,19,169399
169420,11,169409
169422,13,169409
169424,97,169327
169426,17,169409
169428,19,169409
169430,3,169427
169432,5,169427
169434,7,169427
169436,37,169399
169438,11,169427
169440,13,169427
169442,43,169399
169444,17,169427
169446,19,169427
169448,79,169369
169450,23,169427
169452,43,169409
169454,127,169327
169456,29,169427
169458,31,169427
169460,3,169457
169462,5,169457
169464,7,169457
169466,67,169399
169468,11,169457
169470,13,169457
169472,73,169399
169474,3,169471
169476,5,169471
169478,7,169471
169480,23,169457
169482,11,169471
169484,13,169471
169486,3,169483
169488,5,169483
169490,7,169483
169492,3,169489
169494,5,169489
169496,3,169493
169498,5,169493
169500,7,169493
169502,13,169489
169504,3,169501
169506,5,169501
169508,7,169501
169510,17,169493
169512,11,169501
169514,13,169501
169516,23,169493
169518,17,169501
169520,19,169501
169522,29,169493
169524,23,169501
169526,3,169523
169528,5,169523
169530,7,169523
169532,31,169501
169534,3,169531
169536,5,169531
169538,7,169531
169540,17,169523
169542,11,169531
169544,13,169531
169546,23,169523
169548,17,169531
169550,19,169531
169552,29,169523
169554,23,169531
169556,3,169553
169558,5,169553
169560,7,169553
169562,31,169531
169564,11,169553
169566,13,169553
169568,37,169531
169570,3,169567
169572,5,169567
169574,7,169567
169576,23,169553
169578,11,169567
169580,13,169567
169582,29,169553
169584,17,169567
169586,3,169583
169588,5,169583
169590,7,169583
169592,61,169531
169594,3,169591
169596,5,169591
169598,7,169591
169600,17,169583
169602,11,169591
169604,13,169591
169606,23,169583
169608,17,169591
169610,3,169607
169612,5,169607
169614,7,169607
169616,127,169489
169618,11,169607
169620,13,169607
169622,31,169591
169624,17,169607
169626,19,169607
169628,37,169591
169630,3,169627
169632,5,169627
169634,7,169627
169636,3,169633
169638,5,169633
169640,7,169633
169642,3,169639
169644,5,169639
169646,7,169639
169648,41,169607
169650,11,169639
169652,3,169649
169654,5,169649
169656,7,169649
169658,19,169639
169660,3,169657
169662,5,169657
169664,3,169661
169666,5,169661
169668,7,169661
169670,3,169667
169672,5,169667
169674,7,169667
169676,19,169657
169678,11,169667
169680,13,169667
169682,43,169639
169684,3,169681
169686,5,169681
169688,7,169681
169690,23,169667
169692,11,169681
169694,3,169691
169696,3,169693
169698,5,169693
169700,7,169693
169702,11,169691
169704,11,169693
169706,13,169693
169708,17,169691
169710,17,169693
169712,3,169709
169714,5,169709
169716,7,169709
169718,37,169681
169720,11,169709
169722,13,169709
169724,31,169693
169726,17,169709
169728,19,169709
169730,37,169693
169732,23,169709
169734,41,169693
169736,3,169733
169738,5,169733
169740,7,169733
169742,61,169681
169744,11,169733
169746,13,169733
169748,67,169681
169750,17,169733
169752,19,169733
169754,3,169751
169756,3,169753
169758,5,169753
169760,7,169753
169762,11,169751
169764,11,169753
169766,13,169753
169768,17,169751
169770,17,169753
169772,3,169769
169774,5,169769
169776,7,169769
169778,97,169681
169780,3,169777
169782,5,169777
169784,7,169777
169786,3,169783
169788,5,169783
169790,7,169783
169792,3,169789
169794,5,169789
169796,7,169789
169798,29,169769
169800,11,169789
169802,13,169789
169804,53,169751
169806,17,169789
169808,19,169789
169810,41,169769
169812,23,169789
169814,31,169783
169816,47,169769
169818,29,169789
169820,3,169817
169822,5,169817
169824,7,169817
169826,3,169823
169828,5,169823
169830,7,169823
169832,43,169789
169834,3,169831
169836,5,169831
169838,7,169831
169840,3,169837
169842,5,169837
169844,7,169837
169846,3,169843
169848,5,169843
169850,7,169843
169852,29,169823
169854,11,169843
169856,13,169843
169858,41,169817
169860,17,169843
169862,3,169859
169864,5,169859
169866,7,169859
169868,31,169837
169870,11,169859
169872,13,169859
169874,31,169843
169876,17,169859
169878,19,169859
169880,37,169843
169882,23,169859
169884,41,169843
169886,43,169843
169888,29,169859
169890,31,169859
169892,3,169889
169894,3,169891
169896,5,169891
169898,7,169891
169900,11,169889
169902,11,169891
169904,13,169891
169906,17,169889
169908,17,169891
169910,19,169891
169912,3,169909
169914,5,169909
169916,3,169913
169918,5,169913
169920,7,169913
169922,3,169919
169924,5,169919
169926,7,169919
169928,19,169909
169930,11,169919
169932,13,169919
169934,43,169891
169936,3,169933
169938,5,169933
169940,3,169937
169942,5,169937
169944,7,169937
169946,3,169943
169948,5,169943
169950,7,169943
169952,19,169933
169954,3,169951
169956,5,169951
169958,7,169951
169960,3,169957
169962,5,169957
169964,7,169957
169966,23,169943
169968,11,169957
169970,13,169957
169972,29,169943
169974,17,169957
169976,19,169957
169978,41,169937
169980,23,169957
169982,31,169951
169984,41,169943
169986,29,169957
169988,31,169957
169990,3,169987
169992,5,169987
169994,3,169991
169996,5,169991
169998,7,169991
170000,13,169987
170002,11,169991
170004,13,169991
170006,3,170003
170008,5,170003
170010,7,170003
170012,61,169951
170014,11,170003
170016,13,170003
170018,31,169987
170020,17,170003
170022,19,170003
170024,3,170021
170026,5,170021
170028,7,170021
170030,43,169987
170032,3,170029
170034,5,170029
170036,7,170029
170038,17,170021
170040,11,170029
170042,13,170029
170044,23,170021
170046,17,170029
170048,19,170029
170050,3,170047
170052,5,170047
170054,7,170047
170056,53,170003
170058,11,170047
170060,3,170057
170062,5,170057
170064,7,170057
170066,3,170063
170068,5,170063
170070,7,170063
170072,43,170029
170074,11,170063
170076,13,170063
170078,31,170047
170080,17,170063
170082,19,170063
170084,3,170081
170086,5,170081
170088,7,170081
170090,43,170047
170092,11,170081
170094,13,170081
170096,67,170029
170098,17,170081
170100,19,170081
170102,3,170099
170104,3,170101
170106,5,170101
170108,7,170101
170110,11,170099
170112,11,170101
170114,3,170111
170116,5,170111
170118,7,170111
170120,19,170101
170122,11,170111
170124,13,170111
170126,3,170123
170128,5,170123
170130,7,170123
170132,31,170101
170134,11,170123
170136,13,170123
170138,37,170101
170140,17,170123
170142,19,170123
170144,3,170141
170146,5,170141
170148,7,170141
170150,103,170047
170152,11,170141
170154,13,170141
170156,109,170047
170158,17,170141
170160,19,170141
170162,61,170101
170164,23,170141
170166,43,170123
170168,67,170101
170170,3,170167
170172,5,170167
170174,7,170167
170176,53,170123
170178,11,170167
170180,13,170167
170182,3,170179
170184,5,170179
170186,7,170179
170188,47,170141
170190,11,170179
170192,3,170189
170194,5,170189
170196,7,170189
170198,19,170179
170200,3,170197
170202,5,170197
170204,7,170197
170206,17,170189
170208,11,170197
170210,3,170207
170212,5,170207
170214,7,170207
170216,3,170213
170218,5,170213
170220,7,170213
170222,43,170179
170224,11,170213
170226,13,170213
170228,31,170197
170230,3,170227
170232,5,170227
170234,3,170231
170236,5,170231
170238,7,170231
170240,13,170227
170242,3,170239
170244,5,170239
170246,3,170243
170248,5,170243
170250,7,170243
170252,3,170249
170254,5,170249
170256,7,170249
170258,19,170239
170260,11,170249
170262,13,170249
170264,37,170227
170266,3,170263
170268,5,170263
170270,3,170267
170272,5,170267
170274,7,170267
170276,13,170263
170278,11,170267
170280,13,170267
170282,3,170279
170284,5,170279
170286,7,170279
170288,61,170227
170290,11,170279
170292,13,170279
170294,31,170263
170296,3,170293
170298,5,170293
170300,7,170293
170302,3,170299
170304,5,170299
170306,7,170299
170308,29,170279
170310,11,170299
170312,13,170299
170314,47,170267
170316,17,170299
170318,19,170299
170320,41,170279
170322,23,170299
170324,31,170293
170326,47,170279
170328,29,170299
170330,3,170327
170332,5,170327
170334,7,170327
170336,37,170299
170338,11,170327
170340,13,170327
170342,43,170299
170344,3,170341
170346,5,170341
170348,7,170341
170350,3,170347
170352,5,170347
170354,3,170351
170356,3,170353
170358,5,170353
170360,7,170353
170362,11,170351
170364,11,170353
170366,3,170363
170368,5,170363
170370,7,170363
170372,3,170369
170374,3,170371
170376,5,170371
170378,7,170371
170380,11,170369
170382,11,170371
170384,13,170371
170386,3,170383
170388,5,170383
170390,7,170383
170392,3,170389
170394,5,170389
170396,3,170393
170398,5,170393
170400,7,170393
170402,13,170389
170404,11,170393
170406,13,170393
170408,19,170389
170410,17,170393
170412,19,170393
170414,31,170383
170416,3,170413
170418,5,170413
170420,7,170413
170422,29,170393
170424,11,170413
170426,13,170413
170428,59,170369
170430,17,170413
170432,19,170413
170434,41,170393
170436,23,170413
170438,67,170371
170440,47,170393
170442,29,170413
170444,3,170441
170446,5,170441
170448,7,170441
170450,3,170447
170452,5,170447
170454,7,170447
170456,43,170413
170458,11,170447
170460,13,170447
170462,73,170389
170464,17,170447
170466,19,170447
170468,79,170389
170470,23,170447
170472,31,170441
170474,61,170413
170476,3,170473
170478,5,170473
170480,7,170473
170482,41,170441
170484,11,170473
170486,3,170483
170488,5,170483
170490,7,170483
170492,19,170473
170494,11,170483
170496,13,170483
170498,109,170389
170500,3,170497
170502,5,170497
170504,7,170497
170506,3,170503
170508,5,170503
170510,7,170503
170512,3,170509
170514,5,170509
170516,7,170509
170518,71,170447
170520,11,170509
170522,13,170509
170524,41,170483
170526,17,170509
170528,19,170509
170530,47,170483
170532,23,170509
170534,31,170503
170536,53,170483
170538,29,170509
170540,3,170537
170542,3,170539
170544,5,170539
170546,7,170539
170548,11,170537
170550,11,170539
170552,13,170539
170554,3,170551
170556,5,170551
170558,7,170551
170560,3,170557
170562,5,170557
170564,7,170557
170566,29,170537
170568,11,170557
170570,13,170557
170572,89,170483
170574,17,170557
170576,19,170557
170578,41,170537
170580,23,170557
170582,3,170579
170584,5,170579
170586,7,170579
170588,31,170557
170590,11,170579
170592,13,170579
170594,37,170557
170596,17,170579
170598,19,170579
170600,43,170557
170602,23,170579
170604,47,170557
170606,3,170603
170608,5,170603
170610,7,170603
170612,3,170609
170614,5,170609
170616,7,170609
170618,61,170557
170620,11,170609
170622,13,170609
170624,67,170557
170626,17,170609
170628,19,170609
170630,3,170627
170632,5,170627
170634,7,170627
170636,3,170633
170638,5,170633
170640,7,170633
170642,103,170539
170644,3,170641
170646,5,170641
170648,7,170641
170650,3,170647
170652,5,170647
170654,7,170647
170656,23,170633
170658,11,170647
170660,13,170647
170662,29,170633
170664,17,170647
170666,19,170647
170668,41,170627
170670,23,170647
170672,3,170669
170674,5,170669
170676,7,170669
170678,31,170647
170680,11,170669
170682,13,170669
170684,37,170647
170686,17,170669
170688,19,170669
170690,43,170647
170692,3,170689
170694,5,170689
170696,7,170689
170698,29,170669
170700,11,170689
170702,13,170689
170704,3,170701
170706,5,170701
170708,7,170701
170710,3,170707
170712,5,170707
170714,3,170711
170716,5,170711
170718,7,170711
170720,13,170707
170722,11,170711
170724,13,170711
170726,19,170707
170728,17,170711
170730,19,170711
170732,31,170701
170734,23,170711
170736,29,170707
170738,31,170707
170740,29,170711
170742,31,170711
170744,3,170741
170746,5,170741
170748,7,170741
170750,43,170707
170752,3,170749
170754,5,170749
170756,7,170749
170758,17,170741
170760,11,170749
170762,3,170759
170764,3,170761
170766,5,170761
170768,7,170761
170770,3,170767
170772,5,170767
170774,7,170767
170776,3,170773
170778,5,170773
170780,3,170777
170782,5,170777
170784,7,170777
170786,13,170773
170788,11,170777
170790,13,170777
170792,19,170773
170794,17,170777
170796,19,170777
170798,31,170767
170800,23,170777
170802,29,170773
170804,3,170801
170806,5,170801
170808,7,170801
170810,37,170773
170812,3,170809
170814,5,170809
170816,3,170813
170818,5,170813
170820,7,170813
170822,13,170809
170824,11,170813
170826,13,170813
170828,19,170809
170830,3,170827
170832,5,170827
170834,7,170827
170836,23,170813
170838,11,170827
170840,3,170837
170842,5,170837
170844,7,170837
170846,3,170843
170848,5,170843
170850,7,170843
170852,43,170809
170854,3,170851
170856,5,170851
170858,7,170851
170860,3,170857
170862,5,170857
170864,7,170857
170866,23,170843
170868,11,170857
170870,13,170857
170872,29,170843
170874,17,170857
170876,3,170873
170878,5,170873
170880,7,170873
170882,31,170851
170884,3,170881
170886,5,170881
170888,7,170881
170890,3,170887
170892,5,170887
170894,7,170887
170896,23,170873
170898,11,170887
170900,13,170887
170902,3,170899
170904,5,170899
170906,7,170899
170908,71,170837
170910,11,170899
170912,13,170899
170914,41,170873
170916,17,170899
170918,19,170899
170920,47,170873
170922,23,170899
170924,3,170921
170926,5,170921
170928,7,170921
170930,3,170927
170932,5,170927
170934,7,170927
170936,37,170899
170938,11,170927
170940,13,170927
170942,43,170899
170944,17,170927
170946,19,170927
170948,61,170887
170950,23,170927
170952,31,170921
170954,67,170887
170956,3,170953
170958,5,170953
170960,3,170957
170962,5,170957
170964,7,170957
170966,13,170953
170968,11,170957
170970,13,170957
170972,19,170953
170974,3,170971
170976,5,170971
170978,7,170971
170980,23,170957
170982,11,170971
170984,13,170971
170986,29,170957
170988,17,170971
170990,19,170971
170992,71,170921
170994,23,170971
170996,43,170953
170998,41,170957
171000,29,170971
171002,31,170971
171004,47,170957
171006,53,170953
171008,37,170971
171010,3,171007
171012,5,171007
171014,7,171007
171016,59,170957
171018,11,171007
171020,13,171007
171022,101,170921
171024,17,171007
171026,3,171023
171028,5,171023
171030,7,171023
171032,3,171029
171034,5,171029
171036,7,171029
171038,31,171007
171040,11,171029
171042,13,171029
171044,37,171007
171046,3,171043
171048,5,171043
171050,3,171047
171052,3,171049
171054,5,171049
171056,3,171053
171058,5,171053
171060,7,171053
171062,13,171049
171064,11,171053
171066,13,171053
171068,19,171049
171070,17,171053
171072,19,171053
171074,31,171043
171076,23,171053
171078,29,171049
171080,3,171077
171082,3,171079
171084,5,171079
171086,7,171079
171088,11,171077
171090,11,171079
171092,13,171079
171094,3,171091
171096,5,171091
171098,7,171091
171100,23,171077
171102,11,171091
171104,13,171091
171106,3,171103
171108,5,171103
171110,7,171103
171112,59,171053
171114,11,171103
171116,13,171103
171118,41,171077
171120,17,171103
171122,19,171103
171124,47,171077
171126,23,171103
171128,37,171091
171130,53,171077
171132,29,171103
171134,3,171131
171136,5,171131
171138,7,171131
171140,37,171103
171142,11,171131
171144,13,171131
171146,43,171103
171148,17,171131
171150,19,171131
171152,61,171091
171154,23,171131
171156,53,171103
171158,67,171091
171160,29,171131
171162,31,171131
171164,3,171161
171166,3,171163
171168,5,171163
171170,3,171167
171172,3,171169
171174,5,171169
171176,7,171169
171178,11,171167
171180,11,171169
171182,3,171179
171184,5,171179
171186,7,171179
171188,19,171169
171190,11,171179
171192,13,171179
171194,31,171163
171196,17,171179
171198,19,171179
171200,31,171169
171202,23,171179
171204,37,171167
171206,3,171203
171208,5,171203
171210,7,171203
171212,43,171169
171214,11,171203
171216,13,171203
171218,127,171091
171220,17,171203
171222,19,171203
171224,61,171163
171226,23,171203
171228,59,171169
171230,61,171169
171232,29,171203
171234,31,171203
171236,3,171233
171238,5,171233
171240,7,171233
171242,73,171169
171244,11,171233
171246,13,171233
171248,79,171169
171250,17,171233
171252,19,171233
171254,3,171251
171256,3,171253
171258,5,171253
171260,7,171253
171262,11,171251
171264,11,171253
171266,3,171263
171268,5,171263
171270,7,171263
171272,19,171253
171274,3,171271
171276,5,171271
171278,7,171271
171280,17,171263
171282,11,171271
171284,13,171271
171286,23,171263
171288,17,171271
171290,19,171271
171292,29,171263
171294,23,171271
171296,3,171293
171298,5,171293
171300,7,171293
171302,3,171299
171304,5,171299
171306,7,171299
171308,37,171271
171310,11,171299
171312,13,171299
171314,43,171271
171316,17,171299
171318,19,171299
171320,3,171317
171322,5,171317
171324,7,171317
171326,73,171253
171328,11,171317
171330,13,171317
171332,3,171329
171334,5,171329
171336,7,171329
171338,67,171271
171340,11,171329
171342,13,171329
171344,3,171341
171346,5,171341
171348,7,171341
171350,79,171271
171352,11,171341
171354,13,171341
171356,103,171253
171358,17,171341
171360,19,171341
171362,109,171253
171364,23,171341
171366,37,171329
171368,97,171271
171370,29,171341
171372,31,171341
171374,103,171271
171376,47,171329
171378,37,171341
171380,109,171271
171382,41,171341
171384,43,171341
171386,3,171383
171388,5,171383
171390,7,171383
171392,139,171253
171394,11,171383
171396,13,171383
171398,127,171271
171400,17,171383
171402,19,171383
171404,3,171401
171406,3,171403
171408,5,171403
171410,7,171403
171412,11,171401
171414,11,171403
171416,13,171403
171418,17,171401
171420,17,171403
171422,19,171403
171424,23,171401
171426,23,171403
171428,157,171271
171430,3,171427
171432,5,171427
171434,7,171427
171436,53,171383
171438,11,171427
171440,13,171427
171442,3,171439
171444,5,171439
171446,7,171439
171448,47,171401
171450,11,171439
171452,3,171449
171454,5,171449
171456,7,171449
171458,19,171439
171460,11,171449
171462,13,171449
171464,37,171427
171466,17,171449
171468,19,171449
171470,3,171467
171472,3,171469
171474,5,171469
171476,3,171473
171478,5,171473
171480,7,171473
171482,13,171469
171484,3,171481
171486,5,171481
171488,7,171481
171490,17,171473
171492,11,171481
171494,3,171491
171496,5,171491
171498,7,171491
171500,19,171481
171502,11,171491
171504,13,171491
171506,37,171469
171508,17,171491
171510,19,171491
171512,31,171481
171514,23,171491
171516,43,171473
171518,37,171481
171520,3,171517
171522,5,171517
171524,7,171517
171526,53,171473
171528,11,171517
171530,13,171517
171532,3,171529
171534,5,171529
171536,7,171529
171538,47,171491
171540,11,171529
171542,3,171539
171544,3,171541
171546,5,171541
171548,7,171541
171550,11,171539
171552,11,171541
171554,13,171541
171556,3,171553
171558,5,171553
171560,7,171553
171562,3,171559
171564,5,171559
171566,7,171559
171568,29,171539
171570,11,171559
171572,13,171559
171574,3,171571
171576,5,171571
171578,7,171571
171580,41,171539
171582,11,171571
171584,13,171571
171586,3,171583
171588,5,171583
171590,7,171583
171592,53,171539
171594,11,171583
171596,13,171583
171598,59,171539
171600,17,171583
171602,19,171583
171604,113,171491
171606,23,171583
171608,37,171571
171610,71,171539
171612,29,171583
171614,31,171583
171616,149,171467
171618,47,171571
171620,3,171617
171622,5,171617
171624,7,171617
171626,43,171583
171628,11,171617
171630,13,171617
171632,3,171629
171634,5,171629
171636,7,171629
171638,67,171571
171640,3,171637
171642,5,171637
171644,3,171641
171646,5,171641
171648,7,171641
171650,13,171637
171652,11,171641
171654,13,171641
171656,3,171653
171658,5,171653
171660,7,171653
171662,3,171659
171664,5,171659
171666,7,171659
171668,31,171637
171670,11,171659
171672,13,171659
171674,3,171671
171676,3,171673
171678,5,171673
171680,7,171673
171682,3,171679
171684,5,171679
171686,7,171679
171688,17,171671
171690,11,171679
171692,13,171679
171694,23,171671
171696,17,171679
171698,19,171679
171700,3,171697
171702,5,171697
171704,7,171697
171706,47,171659
171708,11,171697
171710,3,171707
171712,5,171707
171714,7,171707
171716,3,171713
171718,5,171713
171720,7,171713
171722,3,171719
171724,5,171719
171726,7,171719
171728,31,171697
171730,11,171719
171732,13,171719
171734,37,171697
171736,3,171733
171738,5,171733
171740,7,171733
171742,23,171719
171744,11,171733
171746,13,171733
171748,29,171719
171750,17,171733
171752,19,171733
171754,41,171713
171756,23,171733
171758,61,171697
171760,3,171757
171762,5,171757
171764,3,171761
171766,3,171763
171768,5,171763
171770,7,171763
171772,11,171761
171774,11,171763
171776,13,171763
171778,17,171761
171780,17,171763
171782,19,171763
171784,23,171761
171786,23,171763
171788,31,171757
171790,29,171761
171792,29,171763
171794,31,171763
171796,3,171793
171798,5,171793
171800,7,171793
171802,3,171799
171804,5,171799
171806,3,171803
171808,5,171803
171810,7,171803
171812,13,171799
171814,3,171811
171816,5,171811
171818,7,171811
171820,17,171803
171822,11,171811
171824,13,171811
171826,3,171823
171828,5,171823
171830,3,171827
171832,5,171827
171834,7,171827
171836,13,171823
171838,11,171827
171840,13,171827
171842,19,171823
171844,17,171827
171846,19,171827
171848,37,171811
171850,23,171827
171852,29,171823
171854,3,171851
171856,5,171851
171858,7,171851
171860,37,171823
171862,11,171851
171864,13,171851
171866,3,171863
171868,5,171863
171870,7,171863
171872,3,171869
171874,5,171869
171876,7,171869
171878,67,171811
171880,3,171877
171882,5,171877
171884,3,171881
171886,5,171881
171888,7,171881
171890,13,171877
171892,3,171889
171894,5,171889
171896,7,171889
171898,17,171881
171900,11,171889
171902,13,171889
171904,23,171881
171906,17,171889
171908,19,171889
171910,29,171881
171912,23,171889
171914,37,171877
171916,47,171869
171918,29,171889
171920,3,171917
171922,5,171917
171924,7,171917
171926,3,171923
171928,5,171923
171930,7,171923
171932,3,171929
171934,5,171929
171936,7,171929
171938,61,171877
171940,3,171937
171942,5,171937
171944,7,171937
171946,17,171929
171948,11,171937
171950,3,171947
171952,5,171947
171954,7,171947
171956,19,171937
171958,11,171947
171960,13,171947
171962,73,171889
171964,17,171947
171966,19,171947
171968,31,171937
171970,23,171947
171972,43,171929
171974,37,171937
171976,29,171947
171978,31,171947
171980,43,171937
171982,53,171929
171984,37,171947
171986,97,171889
171988,41,171947
171990,43,171947
171992,103,171889
171994,47,171947
171996,59,171937
171998,61,171937
172000,53,171947
172002,73,171929
172004,3,172001
172006,5,172001
172008,7,172001
172010,73,171937
172012,3,172009
172014,5,172009
172016,7,172009
172018,17,172001
172020,11,172009
172022,13,172009
172024,3,172021
172026,5,172021
172028,7,172021
172030,3,172027
172032,5,172027
172034,3,172031
172036,5,172031
172038,7,172031
172040,13,172027
172042,11,172031
172044,13,172031
172046,19,172027
172048,17,172031
172050,19,172031
172052,3,172049
172054,5,172049
172056,7,172049
172058,31,172027
172060,11,172049
172062,13,172049
172064,37,172027
172066,17,172049
172068,19,172049
172070,43,172027
172072,3,172069
172074,5,172069
172076,7,172069
172078,29,172049
172080,11,172069
172082,3,172079
172084,5,172079
172086,7,172079
172088,19,172069
172090,11,172079
172092,13,172079
172094,67,172027
172096,3,172093
172098,5,172093
172100,3,172097
172102,5,172097
172104,7,172097
172106,13,172093
172108,11,172097
172110,13,172097
172112,19,172093
172114,17,172097
172116,19,172097
172118,97,172021
172120,23,172097
172122,29,172093
172124,31,172093
172126,29,172097
172128,31,172097
172130,3,172127
172132,5,172127
172134,7,172127
172136,43,172093
172138,11,172127
172140,13,172127
172142,73,172069
172144,17,172127
172146,19,172127
172148,79,172069
172150,3,172147
172152,5,172147
172154,7,172147
172156,3,172153
172158,5,172153
172160,3,172157
172162,5,172157
172164,7,172157
172166,13,172153
172168,11,172157
172170,13,172157
172172,3,172169
172174,3,172171
172176,5,172171
172178,7,172171
172180,11,172169
172182,11,172171
172184,3,172181
172186,5,172181
172188,7,172181
172190,19,172171
172192,11,172181
172194,13,172181
172196,43,172153
172198,17,172181
172200,19,172181
172202,3,172199
172204,5,172199
172206,7,172199
172208,37,172171
172210,11,172199
172212,13,172199
172214,43,172171
172216,3,172213
172218,5,172213
172220,3,172217
172222,3,172219
172224,5,172219
172226,3,172223
172228,5,172223
172230,7,172223
172232,13,172219
172234,11,172223
172236,13,172223
172238,19,172219
172240,17,172223
172242,19,172223
172244,31,172213
172246,3,172243
172248,5,172243
172250,7,172243
172252,29,172223
172254,11,172243
172256,13,172243
172258,41,172217
172260,17,172243
172262,3,172259
172264,5,172259
172266,7,172259
172268,97,172171
172270,11,172259
172272,13,172259
172274,31,172243
172276,17,172259
172278,19,172259
172280,37,172243
172282,3,172279
172284,5,172279
172286,3,172283
172288,5,172283
172290,7,172283
172292,13,172279
172294,11,172283
172296,13,172283
172298,19,172279
172300,3,172297
172302,5,172297
172304,7,172297
172306,23,172283
172308,11,172297
172310,3,172307
172312,5,172307
172314,7,172307
172316,3,172313
172318,5,172313
172320,7,172313
172322,43,172279
172324,3,172321
172326,5,172321
172328,7,172321
172330,17,172313
172332,11,172321
172334,3,172331
172336,5,172331
172338,7,172331
172340,19,172321
172342,11,172331
172344,13,172331
172346,3,172343
172348,5,172343
172350,7,172343
172352,31,172321
172354,3,172351
172356,5,172351
172358,7,172351
172360,3,172357
172362,5,172357
172364,7,172357
172366,23,172343
172368,11,172357
172370,13,172357
172372,29,172343
172374,17,172357
172376,3,172373
172378,5,172373
172380,7,172373
172382,31,172351
172384,11,172373
172386,13,172373
172388,31,172357
172390,17,172373
172392,19,172373
172394,37,172357
172396,23,172373
172398,41,172357
172400,43,172357
172402,3,172399
172404,5,172399
172406,7,172399
172408,101,172307
172410,11,172399
172412,13,172399
172414,3,172411
172416,5,172411
172418,7,172411
172420,47,172373
172422,11,172411
172424,3,172421
172426,3,172423
172428,5,172423
172430,3,172427
172432,5,172427
172434,7,172427
172436,3,172433
172438,5,172433
172440,7,172433
172442,3,172439
172444,3,172441
172446,5,172441
172448,7,172441
172450,11,172439
172452,11,172441
172454,13,172441
172456,17,172439
172458,17,172441
172460,19,172441
172462,23,172439
172464,23,172441
172466,43,172423
172468,29,172439
172470,29,172441
172472,31,172441
172474,41,172433
172476,37,172439
172478,37,172441
172480,41,172439
172482,41,172441
172484,43,172441
172486,47,172439
172488,47,172441
172490,67,172423
172492,3,172489
172494,5,172489
172496,7,172489
172498,59,172439
172500,11,172489
172502,13,172489
172504,71,172433
172506,17,172489
172508,19,172489
172510,3,172507
172512,5,172507
172514,7,172507
172516,83,172433
172518,11,172507
172520,3,172517
172522,3,172519
172524,5,172519
172526,7,172519
172528,11,172517
172530,11,172519
172532,13,172519
172534,17,172517
172536,17,172519
172538,19,172519
172540,23,172517
172542,23,172519
172544,3,172541
172546,5,172541
172548,7,172541
172550,31,172519
172552,11,172541
172554,13,172541
172556,3,172553
172558,5,172553
172560,7,172553
172562,43,172519
172564,3,172561
172566,5,172561
172568,7,172561
172570,17,172553
172572,11,172561
172574,13,172561
172576,3,172573
172578,5,172573
172580,7,172573
172582,29,172553
172584,11,172573
172586,3,172583
172588,5,172583
172590,7,172583
172592,3,172589
172594,5,172589
172596,7,172589
172598,37,172561
172600,3,172597
172602,5,172597
172604,7,172597
172606,3,172603
172608,5,172603
172610,3,172607
172612,5,172607
172614,7,172607
172616,13,172603
172618,11,172607
172620,13,172607
172622,3,172619
172624,5,172619
172626,7,172619
172628,31,172597
172630,11,172619
172632,13,172619
172634,31,172603
172636,3,172633
172638,5,172633
172640,7,172633
172642,23,172619
172644,11,172633
172646,3,172643
172648,5,172643
172650,7,172643
172652,3,172649
172654,5,172649
172656,7,172649
172658,61,172597
172660,3,172657
172662,5,172657
172664,7,172657
172666,3,172663
172668,5,172663
172670,7,172663
172672,23,172649
172674,11,172663
172676,3,172673
172678,5,172673
172680,7,172673
172682,19,172663
172684,3,172681
172686,5,172681
172688,7,172681
172690,3,172687
172692,5,172687
172694,7,172687
172696,23,172673
172698,11,172687
172700,13,172687
172702,29,172673
172704,17,172687
172706,19,172687
172708,59,172649
172710,23,172687
172712,3,172709
172714,5,172709
172716,7,172709
172718,31,172687
172720,3,172717
172722,5,172717
172724,3,172721
172726,5,172721
172728,7,172721
172730,13,172717
172732,11,172721
172734,13,172721
172736,19,172717
172738,17,172721
172740,19,172721
172742,61,172681
172744,3,172741
172746,5,172741
172748,7,172741
172750,29,172721
172752,11,172741
172754,3,172751
172756,5,172751
172758,7,172751
172760,19,172741
172762,3,172759
172764,5,172759
172766,7,172759
172768,17,172751
172770,11,172759
172772,13,172759
172774,23,172751
172776,17,172759
172778,19,172759
172780,29,172751
172782,23,172759
172784,43,172741
172786,113,172673
172788,29,172759
172790,3,172787
172792,5,172787
172794,7,172787
172796,37,172759
172798,11,172787
172800,13,172787
172802,43,172759
172804,3,172801
172806,5,172801
172808,7,172801
172810,3,172807
172812,5,172807
172814,7,172807
172816,29,172787
172818,11,172807
172820,13,172807
172822,71,172751
172824,17,172807
172826,19,172807
172828,41,172787
172830,23,172807
172832,3,172829
172834,5,172829
172836,7,172829
172838,31,172807
172840,11,172829
172842,13,172829
172844,37,172807
172846,17,172829
172848,19,172829
172850,43,172807
172852,3,172849
172854,5,172849
172856,3,172853
172858,5,172853
172860,7,172853
172862,3,172859
172864,5,172859
172866,7,172859
172868,19,172849
172870,3,172867
172872,5,172867
172874,3,172871
172876,5,172871
172878,7,172871
172880,3,172877
172882,5,172877
172884,7,172877
172886,3,172883
172888,5,172883
172890,7,172883
172892,43,172849
172894,11,172883
172896,13,172883
172898,31,172867
172900,17,172883
172902,19,172883
172904,37,172867
172906,23,172883
172908,31,172877
172910,43,172867
172912,29,172883
172914,31,172883
172916,67,172849
172918,41,172877
172920,37,172883
172922,73,172849
172924,41,172883
172926,43,172883
172928,61,172867
172930,47,172883
172932,61,172871
172934,67,172867
172936,3,172933
172938,5,172933
172940,7,172933
172942,59,172883
172944,11,172933
172946,13,172933
172948,71,172877
172950,17,172933
172952,19,172933
172954,71,172883
172956,23,172933
172958,109,172849
172960,83,172877
172962,29,172933
172964,31,172933
172966,83,172883
172968,97,172871
172970,37,172933
172972,3,172969
172974,5,172969
172976,3,172973
172978,5,172973
172980,7,172973
172982,13,172969
172984,3,172981
172986,5,172981
172988,7,172981
172990,3,172987
172992,5,172987
172994,7,172987
172996,3,172993
172998,5,172993
173000,7,172993
173002,3,172999
173004,5,172999
173006,7,172999
173008,131,172877
173010,11,172999
173012,13,172999
173014,41,172973
173016,17,172999
173018,19,172999
173020,47,172973
173022,23,172999
173024,3,173021
173026,3,173023
173028,5,173023
173030,7,173023
173032,11,173021
173034,11,173023
173036,13,173023
173038,17,173021
173040,17,173023
173042,3,173039
173044,5,173039
173046,7,173039
173048,61,172987
173050,11,173039
173052,13,173039
173054,31,173023
173056,3,173053
173058,5,173053
173060,7,173053
173062,3,173059
173064,5,173059
173066,7,173059
173068,29,173039
173070,11,173059
173072,13,173059
173074,53,173021
173076,17,173059
173078,19,173059
173080,41,173039
173082,23,173059
173084,3,173081
173086,5,173081
173088,7,173081
173090,3,173087
173092,5,173087
173094,7,173087
173096,37,173059
173098,11,173087
173100,13,173087
173102,3,173099
173104,5,173099
173106,7,173099
173108,109,172999
173110,11,173099
173112,13,173099
173114,61,173053
173116,17,173099
173118,19,173099
173120,61,173059
173122,23,173099
173124,37,173087
173126,67,173059
173128,29,173099
173130,31,173099
173132,73,173059
173134,47,173087
173136,37,173099
173138,79,173059
173140,3,173137
173142,5,173137
173144,3,173141
173146,5,173141
173148,7,173141
173150,13,173137
173152,3,173149
173154,5,173149
173156,7,173149
173158,17,173141
173160,11,173149
173162,13,173149
173164,23,173141
173166,17,173149
173168,19,173149
173170,29,173141
173172,23,173149
173174,37,173137
173176,89,173087
173178,29,173149
173180,3,173177
173182,5,173177
173184,7,173177
173186,3,173183
173188,5,173183
173190,7,173183
173192,3,173189
173194,3,173191
173196,5,173191
173198,7,173191
173200,11,173189
173202,11,173191
173204,13,173191
173206,17,173189
173208,17,173191
173210,3,173207
173212,3,173209
173214,5,173209
173216,7,173209
173218,11,173207
173220,11,173209
173222,3,173219
173224,5,173219
173226,7,173219
173228,19,173209
173230,11,173219
173232,13,173219
173234,43,173191
173236,17,173219
173238,19,173219
173240,31,173209
173242,23,173219
173244,37,173207
173246,37,173209
173248,29,173219
173250,31,173219
173252,3,173249
173254,5,173249
173256,7,173249
173258,67,173191
173260,11,173249
173262,13,173249
173264,73,173191
173266,3,173263
173268,5,173263
173270,3,173267
173272,5,173267
173274,7,173267
173276,3,173273
173278,5,173273
173280,7,173273
173282,19,173263
173284,11,173273
173286,13,173273
173288,79,173209
173290,17,173273
173292,19,173273
173294,3,173291
173296,3,173293
173298,5,173293
173300,3,173297
173302,5,173297
173304,7,173297
173306,13,173293
173308,11,173297
173310,13,173297
173312,3,173309
173314,5,173309
173316,7,173309
173318,109,173209
173320,11,173309
173322,13,173309
173324,31,173293
173326,17,173309
173328,19,173309
173330,37,173293
173332,23,173309
173334,37,173297
173336,43,173293
173338,29,173309
173340,31,173309
173342,79,173263
173344,47,173297
173346,37,173309
173348,139,173209
173350,3,173347
173352,5,173347
173354,7,173347
173356,47,173309
173358,11,173347
173360,3,173357
173362,3,173359
173364,5,173359
173366,7,173359
173368,11,173357
173370,11,173359
173372,13,173359
173374,17,173357
173376,17,173359
173378,19,173359
173380,23,173357
173382,23,173359
173384,37,173347
173386,29,173357
173388,29,173359
173390,31,173359
173392,83,173309
173394,37,173357
173396,37,173359
173398,41,173357
173400,41,173359
173402,43,173359
173404,47,173357
173406,47,173359
173408,61,173347
173410,53,173357
173412,53,173359
173414,67,173347
173416,59,173357
173418,59,173359
173420,61,173359
173422,113,173309
173424,67,173357
173426,67,173359
173428,71,173357
173430,71,173359
173432,3,173429
173434,3,173431
173436,5,173431
173438,7,173431
173440,11,173429
173442,11,173431
173444,13,173431
173446,17,173429
173448,17,173431
173450,19,173431
173452,23,173429
173454,23,173431
173456,97,173359
173458,29,173429
173460,29,173431
173462,31,173431
173464,107,173357
173466,37,173429
173468,37,173431
173470,41,173429
173472,41,173431
173474,43,173431
173476,3,173473
173478,5,173473
173480,7,173473
173482,53,173429
173484,11,173473
173486,3,173483
173488,5,173483
173490,7,173483
173492,19,173473
173494,3,173491
173496,5,173491
173498,7,173491
173500,3,173497
173502,5,173497
173504,3,173501
173506,5,173501
173508,7,173501
173510,13,173497
173512,11,173501
173514,13,173501
173516,19,173497
173518,17,173501
173520,19,173501
173522,31,173491
173524,23,173501
173526,29,173497
173528,31,173497
173530,29,173501
173532,31,173501
173534,3,173531
173536,5,173531
173538,7,173531
173540,43,173497
173542,3,173539
173544,5,173539
173546,3,173543
173548,5,173543
173550,7,173543
173552,3,173549
173554,5,173549
173556,7,173549
173558,19,173539
173560,11,173549
173562,13,173549
173564,3,173561
173566,5,173561
173568,7,173561
173570,31,173539
173572,11,173561
173574,13,173561
173576,3,173573
173578,5,173573
173580,7,173573
173582,43,173539
173584,11,173573
173586,13,173573
173588,97,173491
173590,17,173573
173592,19,173573
173594,97,173497
173596,23,173573
173598,37,173561
173600,61,173539
173602,3,173599
173604,5,173599
173606,7,173599
173608,47,173561
173610,11,173599
173612,13,173599
173614,41,173573
173616,17,173599
173618,19,173599
173620,3,173617
173622,5,173617
173624,7,173617
173626,53,173573
173628,11,173617
173630,13,173617
173632,3,173629
173634,5,173629
173636,7,173629
173638,89,173549
173640,11,173629
173642,13,173629
173644,71,173573
173646,17,173629
173648,19,173629
173650,3,173647
173652,5,173647
173654,3,173651
173656,5,173651
173658,7,173651
173660,13,173647
173662,3,173659
173664,5,173659
173666,7,173659
173668,17,173651
173670,11,173659
173672,3,173669
173674,3,173671
173676,5,173671
173678,7,173671
173680,11,173669
173682,11,173671
173684,13,173671
173686,3,173683
173688,5,173683
173690,3,173687
173692,5,173687
173694,7,173687
173696,13,173683
173698,11,173687
173700,13,173687
173702,3,173699
173704,5,173699
173706,7,173699
173708,37,173671
173710,3,173707
173712,5,173707
173714,7,173707
173716,3,173713
173718,5,173713
173720,7,173713
173722,23,173699
173724,11,173713
173726,13,173713
173728,29,173699
173730,17,173713
173732,3,173729
173734,5,173729
173736,7,173729
173738,31,173707
173740,11,173729
173742,13,173729
173744,3,173741
173746,3,173743
173748,5,173743
173750,7,173743
173752,11,173741
173754,11,173743
173756,13,173743
173758,17,173741
173760,17,173743
173762,19,173743
173764,23,173741
173766,23,173743
173768,61,173707
173770,29,173741
173772,29,173743
173774,31,173743
173776,3,173773
173778,5,173773
173780,3,173777
173782,3,173779
173784,5,173779
173786,3,173783
173788,5,173783
173790,7,173783
173792,13,173779
173794,11,173783
173796,13,173783
173798,19,173779
173800,17,173783
173802,19,173783
173804,31,173773
173806,23,173783
173808,29,173779
173810,3,173807
173812,5,173807
173814,7,173807
173816,37,173779
173818,11,173807
173820,13,173807
173822,3,173819
173824,5,173819
173826,7,173819
173828,157,173671
173830,3,173827
173832,5,173827
173834,7,173827
173836,17,173819
173838,11,173827
173840,13,173827
173842,3,173839
173844,5,173839
173846,7,173839
173848,29,173819
173850,11,173839
173852,13,173839
173854,3,173851
173856,5,173851
173858,7,173851
173860,41,173819
173862,11,173851
173864,3,173861
173866,5,173861
173868,7,173861
173870,3,173867
173872,5,173867
173874,7,173867
173876,37,173839
173878,11,173867
173880,13,173867
173882,31,173851
173884,17,173867
173886,19,173867
173888,37,173851
173890,23,173867
173892,31,173861
173894,3,173891
173896,5,173891
173898,7,173891
173900,3,173897
173902,5,173897
173904,7,173897
173906,67,173839
173908,11,173897
173910,13,173897
173912,3,173909
173914,5,173909
173916,7,173909
173918,67,173851
173920,3,173917
173922,5,173917
173924,7,173917
173926,3,173923
173928,5,173923
173930,7,173923
173932,23,173909
173934,11,173923
173936,3,173933
173938,5,173933
173940,7,173933
173942,19,173923
173944,11,173933
173946,13,173933
173948,31,173917
173950,17,173933
173952,19,173933
173954,31,173923
173956,23,173933
173958,41,173917
173960,37,173923
173962,29,173933
173964,31,173933
173966,43,173923
173968,59,173909
173970,37,173933
173972,3,173969
173974,5,173969
173976,7,173969
173978,61,173917
173980,3,173977
173982,5,173977
173984,3,173981
173986,5,173981
173988,7,173981
173990,13,173977
173992,11,173981
173994,13,173981
173996,3,173993
173998,5,173993
174000,7,173993
174002,79,173923
174004,11,173993
174006,13,173993
174008,31,173977
174010,3,174007
174012,5,174007
174014,7,174007
174016,23,173993
174018,11,174007
174020,3,174017
174022,3,174019
174024,5,174019
174026,7,174019
174028,11,174017
174030,11,174019
174032,13,174019
174034,17,174017
174036,17,174019
174038,19,174019
174040,23,174017
174042,23,174019
174044,37,174007
174046,29,174017
174048,29,174019
174050,3,174047
174052,3,174049
174054,5,174049
174056,7,174049
174058,11,174047
174060,11,174049
174062,13,174049
174064,3,174061
174066,5,174061
174068,7,174061
174070,3,174067
174072,5,174067
174074,3,174071
174076,5,174071
174078,7,174071
174080,3,174077
174082,3,174079
174084,5,174079
174086,7,174079
174088,11,174077
174090,11,174079
174092,13,174079
174094,3,174091
174096,5,174091
174098,7,174091
174100,23,174077
174102,11,174091
174104,3,174101
174106,5,174101
174108,7,174101
174110,19,174091
174112,11,174101
174114,13,174101
174116,37,174079
174118,17,174101
174120,19,174101
174122,31,174091
174124,3,174121
174126,5,174121
174128,7,174121
174130,29,174101
174132,11,174121
174134,13,174121
174136,59,174077
174138,17,174121
174140,3,174137
174142,5,174137
174144,7,174137
174146,3,174143
174148,5,174143
174150,7,174143
174152,3,174149
174154,5,174149
174156,7,174149
174158,37,174121
174160,3,174157
174162,5,174157
174164,7,174157
174166,17,174149
174168,11,174157
174170,13,174157
174172,3,174169
174174,5,174169
174176,7,174169
174178,29,174149
174180,11,174169
174182,13,174169
174184,41,174143
174186,17,174169
174188,19,174169
174190,41,174149
174192,23,174169
174194,37,174157
174196,47,174149
174198,29,174169
174200,3,174197
174202,5,174197
174204,7,174197
174206,37,174169
174208,11,174197
174210,13,174197
174212,43,174169
174214,17,174197
174216,19,174197
174218,61,174157
174220,23,174197
174222,53,174169
174224,3,174221
174226,5,174221
174228,7,174221
174230,61,174169
174232,11,174221
174234,13,174221
174236,67,174169
174238,17,174221
174240,19,174221
174242,73,174169
174244,3,174241
174246,5,174241
174248,7,174241
174250,29,174221
174252,11,174241
174254,13,174241
174256,59,174197
174258,17,174241
174260,3,174257
174262,3,174259
174264,5,174259
174266,3,174263
174268,5,174263
174270,7,174263
174272,13,174259
174274,11,174263
174276,13,174263
174278,19,174259
174280,17,174263
174282,19,174263
174284,3,174281
174286,5,174281
174288,7,174281
174290,31,174259
174292,3,174289
174294,5,174289
174296,7,174289
174298,17,174281
174300,11,174289
174302,3,174299
174304,5,174299
174306,7,174299
174308,19,174289
174310,11,174299
174312,13,174299
174314,3,174311
174316,5,174311
174318,7,174311
174320,31,174289
174322,11,174311
174324,13,174311
174326,37,174289
174328,17,174311
174330,19,174311
174332,3,174329
174334,3,174331
174336,5,174331
174338,7,174331
174340,3,174337
174342,5,174337
174344,7,174337
174346,17,174329
174348,11,174337
174350,3,174347
174352,5,174347
174354,7,174347
174356,19,174337
174358,11,174347
174360,13,174347
174362,31,174331
174364,17,174347
174366,19,174347
174368,31,174337
174370,3,174367
174372,5,174367
174374,7,174367
174376,29,174347
174378,11,174367
174380,13,174367
174382,53,174329
174384,17,174367
174386,19,174367
174388,41,174347
174390,23,174367
174392,3,174389
174394,5,174389
174396,7,174389
174398,31,174367
174400,11,174389
174402,13,174389
174404,37,174367
174406,17,174389
174408,19,174389
174410,3,174407
174412,5,174407
174414,7,174407
174416,3,174413
174418,5,174413
174420,7,174413
174422,163,174259
174424,11,174413
174426,13,174413
174428,61,174367
174430,17,174413
174432,19,174413
174434,3,174431
174436,5,174431
174438,7,174431
174440,73,174367
174442,11,174431
174444,13,174431
174446,3,174443
174448,5,174443
174450,7,174443
174452,163,174289
174454,11,174443
174456,13,174443
174458,127,174331
174460,3,174457
174462,5,174457
174464,7,174457
174466,23,174443
174468,11,174457
174470,3,174467
174472,3,174469
174474,5,174469
174476,7,174469
174478,11,174467
174480,11,174469
174482,13,174469
174484,3,174481
174486,5,174481
174488,7,174481
174490,3,174487
174492,5,174487
174494,3,174491
174496,5,174491
174498,7,174491
174500,13,174487
174502,11,174491
174504,13,174491
174506,19,174487
174508,17,174491
174510,19,174491
174512,31,174481
174514,23,174491
174516,29,174487
174518,31,174487
174520,29,174491
174522,31,174491
174524,37,174487
174526,59,174467
174528,37,174491
174530,3,174527
174532,5,174527
174534,7,174527
174536,3,174533
174538,5,174533
174540,7,174533
174542,61,174481
174544,11,174533
174546,13,174533
174548,61,174487
174550,17,174533
174552,19,174533
174554,67,174487
174556,23,174533
174558,31,174527
174560,73,174487
174562,29,174533
174564,31,174533
174566,79,174487
174568,41,174527
174570,37,174533
174572,3,174569
174574,3,174571
174576,5,174571
174578,7,174571
174580,11,174569
174582,11,174571
174584,13,174571
174586,3,174583
174588,5,174583
174590,7,174583
174592,23,174569
174594,11,174583
174596,13,174583
174598,29,174569
174600,17,174583
174602,3,174599
174604,5,174599
174606,7,174599
174608,37,174571
174610,11,174599
174612,13,174599
174614,31,174583
174616,3,174613
174618,5,174613
174620,3,174617
174622,5,174617
174624,7,174617
174626,13,174613
174628,11,174617
174630,13,174617
174632,19,174613
174634,3,174631
174636,5,174631
174638,7,174631
174640,3,174637
174642,5,174637
174644,7,174637
174646,29,174617
174648,11,174637
174650,13,174637
174652,3,174649
174654,5,174649
174656,3,174653
174658,5,174653
174660,7,174653
174662,3,174659
174664,5,174659
174666,7,174659
174668,19,174649
174670,11,174659
174672,13,174659
174674,37,174637
174676,3,174673
174678,5,174673
174680,7,174673
174682,3,174679
174684,5,174679
174686,7,174679
174688,29,174659
174690,11,174679
174692,13,174679
174694,41,174653
174696,17,174679
174698,19,174679
174700,41,174659
174702,23,174679
174704,31,174673
174706,3,174703
174708,5,174703
174710,7,174703
174712,53,174659
174714,11,174703
174716,13,174703
174718,59,174659
174720,17,174703
174722,19,174703
174724,3,174721
174726,5,174721
174728,7,174721
174730,71,174659
174732,11,174721
174734,13,174721
174736,83,174653
174738,17,174721
174740,3,174737
174742,5,174737
174744,7,174737
174746,43,174703
174748,11,174737
174750,13,174737
174752,3,174749
174754,5,174749
174756,7,174749
174758,37,174721
174760,11,174749
174762,13,174749
174764,3,174761
174766,3,174763
174768,5,174763
174770,3,174767
174772,5,174767
174774,7,174767
174776,3,174773
174778,5,174773
174780,7,174773
174782,19,174763
174784,11,174773
174786,13,174773
174788,67,174721
174790,17,174773
174792,19,174773
174794,31,174763
174796,23,174773
174798,31,174767
174800,37,174763
174802,3,174799
174804,5,174799
174806,7,174799
174808,41,174767
174810,11,174799
174812,13,174799
174814,41,174773
174816,17,174799
174818,19,174799
174820,47,174773
174822,23,174799
174824,3,174821
174826,5,174821
174828,7,174821
174830,31,174799
174832,3,174829
174834,5,174829
174836,7,174829
174838,17,174821
174840,11,174829
174842,13,174829
174844,23,174821
174846,17,174829
174848,19,174829
174850,29,174821
174852,23,174829
174854,3,174851
174856,5,174851
174858,7,174851
174860,31,174829
174862,3,174859
174864,5,174859
174866,7,174859
174868,17,174851
174870,11,174859
174872,13,174859
174874,23,174851
174876,17,174859
174878,19,174859
174880,3,174877
174882,5,174877
174884,7,174877
174886,113,174773
174888,11,174877
174890,13,174877
174892,41,174851
174894,17,174877
174896,3,174893
174898,5,174893
174900,7,174893
174902,43,174859
174904,3,174901
174906,5,174901
174908,7,174901
174910,3,174907
174912,5,174907
174914,7,174907
174916,23,174893
174918,11,174907
174920,3,174917
174922,5,174917
174924,7,174917
174926,19,174907
174928,11,174917
174930,13,174917
174932,3,174929
174934,3,174931
174936,5,174931
174938,7,174931
174940,11,174929
174942,11,174931
174944,13,174931
174946,3,174943
174948,5,174943
174950,7,174943
174952,23,174929
174954,11,174943
174956,13,174943
174958,29,174929
174960,17,174943
174962,3,174959
174964,5,174959
174966,7,174959
174968,37,174931
174970,11,174959
174972,13,174959
174974,31,174943
174976,17,174959
174978,19,174959
174980,37,174943
174982,23,174959
174984,41,174943
174986,43,174943
174988,29,174959
174990,31,174959
174992,3,174989
174994,3,174991
174996,5,174991
174998,7,174991
175000,11,174989
175002,11,174991
175004,13,174991
175006,3,175003
175008,5,175003
175010,7,175003
175012,23,174989
175014,11,175003
175016,3,175013
175018,5,175013
175020,7,175013
175022,19,175003
175024,11,175013
175026,13,175013
175028,37,174991
175030,17,175013
175032,19,175013
175034,31,175003
175036,23,175013
175038,47,174991
175040,37,175003
175042,3,175039
175044,5,175039
175046,7,175039
175048,59,174989
175050,11,175039
175052,13,175039
175054,41,175013
175056,17,175039
175058,19,175039
175060,47,175013
175062,23,175039
175064,3,175061
175066,5,175061
175068,7,175061
175070,3,175067
175072,3,175069
175074,5,175069
175076,7,175069
175078,11,175067
175080,11,175069
175082,3,175079
175084,3,175081
175086,5,175081
175088,7,175081
175090,11,175079
175092,11,175081
175094,13,175081
175096,17,175079
175098,17,175081
175100,19,175081
175102,23,175079
175104,23,175081
175106,3,175103
175108,5,175103
175110,7,175103
175112,31,175081
175114,11,175103
175116,13,175103
175118,37,175081
175120,17,175103
175122,19,175103
175124,43,175081
175126,23,175103
175128,47,175081
175130,61,175069
175132,3,175129
175134,5,175129
175136,7,175129
175138,59,175079
175140,11,175129
175142,13,175129
175144,3,175141
175146,5,175141
175148,7,175141
175150,47,175103
175152,11,175141
175154,13,175141
175156,53,175103
175158,17,175141
175160,19,175141
175162,59,175103
175164,23,175141
175166,37,175129
175168,89,175079
175170,29,175141
175172,31,175141
175174,71,175103
175176,47,175129
175178,37,175141
175180,101,175079
175182,41,175141
175184,43,175141
175186,83,175103
175188,47,175141
175190,61,175129
175192,89,175103
175194,53,175141
175196,67,175129
175198,131,175067
175200,59,175141
175202,61,175141
175204,101,175103
175206,103,175103
175208,67,175141
175210,107,175103
175212,71,175141
175214,3,175211
175216,5,175211
175218,7,175211
175220,79,175141
175222,11,175211
175224,13,175211
175226,97,175129
175228,17,175211
175230,19,175211
175232,3,175229
175234,5,175229
175236,7,175229
175238,97,175141
175240,11,175229
175242,13,175229
175244,103,175141
175246,17,175229
175248,19,175229
175250,109,175141
175252,23,175229
175254,43,175211
175256,127,175129
175258,29,175229
175260,31,175229
175262,181,175081
175264,3,175261
175266,5,175261
175268,7,175261
175270,3,175267
175272,5,175267
175274,7,175267
175276,47,175229
175278,11,175267
175280,3,175277
175282,5,175277
175284,7,175277
175286,19,175267
175288,11,175277
175290,13,175277
175292,31,175261
175294,3,175291
175296,5,175291
175298,7,175291
175300,23,175277
175302,11,175291
175304,13,175291
175306,3,175303
175308,5,175303
175310,7,175303
175312,3,175309
175314,5,175309
175316,7,175309
175318,41,175277
175320,11,175309
175322,13,175309
175324,47,175277
175326,17,175309
175328,19,175309
175330,3,175327
175332,5,175327
175334,7,175327
175336,3,175333
175338,5,175333
175340,7,175333
175342,113,175229
175344,11,175333
175346,13,175333
175348,71,175277
175350,17,175333
175352,3,175349
175354,5,175349
175356,7,175349
175358,31,175327
175360,11,175349
175362,13,175349
175364,3,175361
175366,5,175361
175368,7,175361
175370,37,175333
175372,11,175361
175374,13,175361
175376,43,175333
175378,17,175361
175380,19,175361
175382,73,175309
175384,23,175361
175386,37,175349
175388,61,175327
175390,29,175361
175392,31,175361
175394,3,175391
175396,3,175393
175398,5,175393
175400,7,175393
175402,11,175391
175404,11,175393
175406,3,175403
175408,5,175403
175410,7,175403
175412,19,175393
175414,3,175411
175416,5,175411
175418,7,175411
175420,17,175403
175422,11,175411
175424,13,175411
175426,23,175403
175428,17,175411
175430,19,175411
175432,29,175403
175434,23,175411
175436,3,175433
175438,5,175433
175440,7,175433
175442,31,175411
175444,11,175433
175446,13,175433
175448,37,175411
175450,3,175447
175452,5,175447
175454,7,175447
175456,3,175453
175458,5,175453
175460,7,175453
175462,29,175433
175464,11,175453
175466,3,175463
175468,5,175463
175470,7,175463
175472,19,175453
175474,11,175463
175476,13,175463
175478,31,175447
175480,17,175463
175482,19,175463
175484,3,175481
175486,5,175481
175488,7,175481
175490,37,175453
175492,11,175481
175494,13,175481
175496,3,175493
175498,5,175493
175500,7,175493
175502,3,175499
175504,5,175499
175506,7,175499
175508,61,175447
175510,11,175499
175512,13,175499
175514,61,175453
175516,17,175499
175518,19,175499
175520,67,175453
175522,3,175519
175524,5,175519
175526,3,175523
175528,5,175523
175530,7,175523
175532,13,175519
175534,11,175523
175536,13,175523
175538,19,175519
175540,17,175523
175542,19,175523
175544,97,175447
175546,3,175543
175548,5,175543
175550,7,175543
175552,29,175523
175554,11,175543
175556,13,175543
175558,59,175499
175560,17,175543
175562,19,175543
175564,41,175523
175566,23,175543
175568,157,175411
175570,47,175523
175572,29,175543
175574,31,175543
175576,3,175573
175578,5,175573
175580,7,175573
175582,59,175523
175584,11,175573
175586,13,175573
175588,89,175499
175590,17,175573
175592,19,175573
175594,71,175523
175596,23,175573
175598,79,175519
175600,101,175499
175602,29,175573
175604,3,175601
175606,5,175601
175608,7,175601
175610,37,175573
175612,11,175601
175614,13,175601
175616,43,175573
175618,17,175601
175620,19,175601
175622,79,175543
175624,3,175621
175626,5,175621
175628,7,175621
175630,29,175601
175632,11,175621
175634,3,175631
175636,3,175633
175638,5,175633
175640,7,175633
175642,11,175631
175644,11,175633
175646,13,175633
175648,17,175631
175650,17,175633
175652,3,175649
175654,5,175649
175656,7,175649
175658,37,175621
175660,11,175649
175662,13,175649
175664,31,175633
175666,3,175663
175668,5,175663
175670,7,175663
175672,23,175649
175674,11,175663
175676,3,175673
175678,5,175673
175680,7,175673
175682,19,175663
175684,11,175673
175686,13,175673
175688,67,175621
175690,3,175687
175692,5,175687
175694,3,175691
175696,5,175691
175698,7,175691
175700,13,175687
175702,3,175699
175704,5,175699
175706,7,175699
175708,17,175691
175710,11,175699
175712,3,175709
175714,5,175709
175716,7,175709
175718,19,175699
175720,11,175709
175722,13,175709
175724,37,175687
175726,3,175723
175728,5,175723
175730,3,175727
175732,5,175727
175734,7,175727
175736,13,175723
175738,11,175727
175740,13,175727
175742,19,175723
175744,17,175727
175746,19,175727
175748,61,175687
175750,23,175727
175752,29,175723
175754,31,175723
175756,3,175753
175758,5,175753
175760,3,175757
175762,3,175759
175764,5,175759
175766,7,175759
175768,11,175757
175770,11,175759
175772,13,175759
175774,17,175757
175776,17,175759
175778,19,175759
175780,23,175757
175782,23,175759
175784,3,175781
175786,3,175783
175788,5,175783
175790,7,175783
175792,11,175781
175794,11,175783
175796,13,175783
175798,17,175781
175800,17,175783
175802,19,175783
175804,23,175781
175806,23,175783
175808,109,175699
175810,29,175781
175812,29,175783
175814,3,175811
175816,5,175811
175818,7,175811
175820,37,175783
175822,11,175811
175824,13,175811
175826,43,175783
175828,17,175811
175830,19,175811
175832,3,175829
175834,5,175829
175836,7,175829
175838,79,175759
175840,3,175837
175842,5,175837
175844,7,175837
175846,3,175843
175848,5,175843
175850,7,175843
175852,23,175829
175854,11,175843
175856,3,175853
175858,5,175853
175860,7,175853
175862,3,175859
175864,5,175859
175866,7,175859
175868,31,175837
175870,11,175859
175872,13,175859
175874,31,175843
175876,3,175873
175878,5,175873
175880,7,175873
175882,23,175859
175884,11,175873
175886,13,175873
175888,29,175859
175890,17,175873
175892,19,175873
175894,3,175891
175896,5,175891
175898,7,175891
175900,3,175897
175902,5,175897
175904,7,175897
175906,47,175859
175908,11,175897
175910,13,175897
175912,3,175909
175914,5,175909
175916,7,175909
175918,59,175859
175920,11,175909
175922,3,175919
175924,5,175919
175926,7,175919
175928,19,175909
175930,11,175919
175932,13,175919
175934,37,175897
175936,17,175919
175938,19,175919
175940,3,175937
175942,3,175939
175944,5,175939
175946,7,175939
175948,11,175937
175950,11,175939
175952,3,175949
175954,5,175949
175956,7,175949
175958,19,175939
175960,11,175949
175962,13,175949
175964,3,175961
175966,3,175963
175968,5,175963
175970,7,175963
175972,11,175961
175974,11,175963
175976,13,175963
175978,17,175961
175980,17,175963
175982,3,175979
175984,5,175979
175986,7,175979
175988,79,175909
175990,11,175979
175992,13,175979
175994,3,175991
175996,3,175993
175998,5,175993
176000,7,175993
176002,11,175991
176004,11,175993
176006,13,175993
176008,17,175991
176010,17,175993
176012,19,175993
176014,23,175991
176016,23,175993
176018,79,175939
176020,3,176017
176022,5,176017
176024,3,176021
176026,3,176023
176028,5,176023
176030,7,176023
176032,11,176021
176034,11,176023
176036,13,176023
176038,17,176021
176040,17,176023
176042,19,176023
176044,3,176041
176046,5,176041
176048,7,176041
176050,3,176047
176052,5,176047
176054,3,176051
176056,3,176053
176058,5,176053
176060,7,176053
176062,11,176051
176064,11,176053
176066,3,176063
176068,5,176063
176070,7,176063
176072,19,176053
176074,11,176063
176076,13,176063
176078,31,176047
176080,17,176063
176082,19,176063
176084,3,176081
176086,5,176081
176088,7,176081
176090,3,176087
176092,3,176089
176094,5,176089
176096,7,176089
176098,11,176087
176100,11,176089
176102,13,176089
176104,17,176087
176106,17,176089
176108,19,176089
176110,23,176087
176112,23,176089
176114,61,176053
176116,29,176087
176118,29,176089
176120,31,176089
176122,41,176081
176124,37,176087
176126,3,176123
176128,5,176123
176130,7,176123
176132,3,176129
176134,5,176129
176136,7,176129
176138,97,176041
176140,11,176129
176142,13,176129
176144,97,176047
176146,17,176129
176148,19,176129
176150,61,176089
176152,23,176129
176154,31,176123
176156,3,176153
176158,5,176153
176160,7,176153
176162,3,176159
176164,3,176161
176166,5,176161
176168,7,176161
176170,11,176159
176172,11,176161
176174,13,176161
176176,17,176159
176178,17,176161
176180,19,176161
176182,3,176179
176184,5,176179
176186,7,176179
176188,29,176159
176190,11,176179
176192,13,176179
176194,3,176191
176196,5,176191
176198,7,176191
176200,41,176159
176202,11,176191
176204,3,176201
176206,5,176201
176208,7,176201
176210,3,176207
176212,5,176207
176214,7,176207
176216,3,176213
176218,5,176213
176220,7,176213
176222,31,176191
176224,3,176221
176226,5,176221
176228,7,176221
176230,3,176227
176232,5,176227
176234,7,176227
176236,23,176213
176238,11,176227
176240,3,176237
176242,5,176237
176244,7,176237
176246,3,176243
176248,5,176243
176250,7,176243
176252,31,176221
176254,11,176243
176256,13,176243
176258,31,176227
176260,17,176243
176262,19,176243
176264,3,176261
176266,5,176261
176268,7,176261
176270,43,176227
176272,11,176261
176274,13,176261
176276,97,176179
176278,17,176261
176280,19,176261
176282,61,176221
176284,23,176261
176286,43,176243
176288,61,176227
176290,29,176261
176292,31,176261
176294,67,176227
176296,53,176243
176298,37,176261
176300,73,176227
176302,3,176299
176304,5,176299
176306,3,176303
176308,5,176303
176310,7,176303
176312,13,176299
176314,11,176303
176316,13,176303
176318,19,176299
176320,3,176317
176322,5,176317
176324,3,176321
176326,5,176321
176328,7,176321
176330,3,176327
176332,3,176329
176334,5,176329
176336,3,176333
176338,5,176333
176340,7,176333
176342,13,176329
176344,11,176333
176346,13,176333
176348,19,176329
176350,3,176347
176352,5,176347
176354,7,176347
176356,3,176353
176358,5,176353
176360,3,176357
176362,5,176357
176364,7,176357
176366,13,176353
176368,11,176357
176370,13,176357
176372,3,176369
176374,5,176369
176376,7,176369
176378,31,176347
176380,11,176369
176382,13,176369
176384,31,176353
176386,3,176383
176388,5,176383
176390,7,176383
176392,3,176389
176394,5,176389
176396,7,176389
176398,29,176369
176400,11,176389
176402,13,176389
176404,3,176401
176406,5,176401
176408,7,176401
176410,41,176369
176412,11,176401
176414,13,176401
176416,3,176413
176418,5,176413
176420,3,176417
176422,3,176419
176424,5,176419
176426,7,176419
176428,11,176417
176430,11,176419
176432,13,176419
176434,3,176431
176436,5,176431
176438,7,176431
176440,23,176417
176442,11,176431
176444,13,176431
176446,29,176417
176448,17,176431
176450,19,176431
176452,83,176369
176454,23,176431
176456,37,176419
176458,41,176417
176460,29,176431
176462,3,176459
176464,3,176461
176466,5,176461
176468,7,176461
176470,3,176467
176472,5,176467
176474,7,176467
176476,17,176459
176478,11,176467
176480,13,176467
176482,23,176459
176484,17,176467
176486,19,176467
176488,29,176459
176490,23,176467
176492,3,176489
176494,5,176489
176496,7,176489
176498,31,176467
176500,3,176497
176502,5,176497
176504,7,176497
176506,3,176503
176508,5,176503
176510,3,176507
176512,3,176509
176514,5,176509
176516,7,176509
176518,11,176507
176520,11,176509
176522,13,176509
176524,3,176521
176526,5,176521
176528,7,176521
176530,23,176507
176532,11,176521
176534,3,176531
176536,5,176531
176538,7,176531
176540,3,176537
176542,5,176537
176544,7,176537
176546,37,176509
176548,11,176537
176550,13,176537
176552,3,176549
176554,3,176551
176556,5,176551
176558,7,176551
176560,3,176557
176562,5,176557
176564,7,176557
176566,17,176549
176568,11,176557
176570,13,176557
176572,23,176549
176574,17,176557
176576,3,176573
176578,5,176573
176580,7,176573
176582,31,176551
176584,11,176573
176586,13,176573
176588,31,176557
176590,17,176573
176592,19,176573
176594,3,176591
176596,5,176591
176598,7,176591
176600,3,176597
176602,3,176599
176604,5,176599
176606,7,176599
176608,11,176597
176610,11,176599
176612,3,176609
176614,3,176611
176616,5,176611
176618,7,176611
176620,11,176609
176622,11,176611
176624,13,176611
176626,17,176609
176628,17,176611
176630,19,176611
176632,3,176629
176634,5,176629
176636,7,176629
176638,29,176609
176640,11,176629
176642,13,176629
176644,3,176641
176646,5,176641
176648,7,176641
176650,41,176609
176652,11,176641
176654,3,176651
176656,5,176651
176658,7,176651
176660,19,176641
176662,11,176651
176664,13,176651
176666,37,176629
176668,17,176651
176670,19,176651
176672,31,176641
176674,23,176651
176676,47,176629
176678,37,176641
176680,3,176677
176682,5,176677
176684,7,176677
176686,89,176597
176688,11,176677
176690,13,176677
176692,41,176651
176694,17,176677
176696,19,176677
176698,47,176651
176700,23,176677
176702,3,176699
176704,5,176699
176706,7,176699
176708,31,176677
176710,11,176699
176712,13,176699
176714,3,176711
176716,3,176713
176718,5,176713
176720,7,176713
176722,11,176711
176724,11,176713
176726,13,176713
176728,17,176711
176730,17,176713
176732,19,176713
176734,23,176711
176736,23,176713
176738,61,176677
176740,29,176711
176742,29,176713
176744,3,176741
176746,5,176741
176748,7,176741
176750,3,176747
176752,5,176747
176754,7,176747
176756,3,176753
176758,5,176753
176760,7,176753
176762,151,176611
176764,11,176753
176766,13,176753
176768,127,176641
176770,17,176753
176772,19,176753
176774,61,176713
176776,23,176753
176778,31,176747
176780,3,176777
176782,3,176779
176784,5,176779
176786,7,176779
176788,11,176777
176790,11,176779
176792,3,176789
176794,3,176791
176796,5,176791
176798,7,176791
176800,3,176797
176802,5,176797
176804,7,176797
176806,17,176789
176808,11,176797
176810,3,176807
176812,3,176809
176814,5,176809
176816,7,176809
176818,11,176807
176820,11,176809
176822,3,176819
176824,5,176819
176826,7,176819
176828,19,176809
176830,11,176819
176832,13,176819
176834,37,176797
176836,17,176819
176838,19,176819
176840,31,176809
176842,23,176819
176844,37,176807
176846,37,176809
176848,29,176819
176850,31,176819
176852,3,176849
176854,5,176849
176856,7,176849
176858,61,176797
176860,3,176857
176862,5,176857
176864,7,176857
176866,17,176849
176868,11,176857
176870,13,176857
176872,23,176849
176874,17,176857
176876,19,176857
176878,29,176849
176880,23,176857
176882,73,176809
176884,107,176777
176886,29,176857
176888,31,176857
176890,3,176887
176892,5,176887
176894,7,176887
176896,47,176849
176898,11,176887
176900,13,176887
176902,3,176899
176904,5,176899
176906,3,176903
176908,5,176903
176910,7,176903
176912,13,176899
176914,11,176903
176916,13,176903
176918,19,176899
176920,17,176903
176922,19,176903
176924,3,176921
176926,3,176923
176928,5,176923
176930,3,176927
176932,5,176927
176934,7,176927
176936,3,176933
176938,5,176933
176940,7,176933
176942,19,176923
176944,11,176933
176946,13,176933
176948,61,176887
176950,17,176933
176952,19,176933
176954,3,176951
176956,5,176951
176958,7,176951
176960,37,176923
176962,11,176951
176964,13,176951
176966,43,176923
176968,17,176951
176970,19,176951
176972,73,176899
176974,23,176951
176976,43,176933
176978,79,176899
176980,3,176977
176982,5,176977
176984,7,176977
176986,3,176983
176988,5,176983
176990,7,176983
176992,3,176989
176994,5,176989
176996,7,176989
176998,47,176951
177000,11,176989
177002,13,176989
177004,53,176951
177006,17,176989
177008,19,176989
177010,3,177007
177012,5,177007
177014,3,177011
177016,3,177013
177018,5,177013
177020,7,177013
177022,3,177019
177024,5,177019
177026,7,177019
177028,17,177011
177030,11,177019
177032,13,177019
177034,23,177011
177036,17,177019
177038,19,177019
177040,29,177011
177042,23,177019
177044,31,177013
177046,3,177043
177048,5,177043
177050,7,177043
177052,41,177011
177054,11,177043
177056,13,177043
177058,47,177011
177060,17,177043
177062,19,177043
177064,53,177011
177066,23,177043
177068,61,177007
177070,59,177011
177072,29,177043
177074,31,177043
177076,149,176927
177078,59,177019
177080,37,177043
177082,71,177011
177084,41,177043
177086,43,177043
177088,137,176951
177090,47,177043
177092,73,177019
177094,3,177091
177096,5,177091
177098,7,177091
177100,89,177011
177102,11,177091
177104,3,177101
177106,5,177101
177108,7,177101
177110,19,177091
177112,3,177109
177114,5,177109
177116,3,177113
177118,5,177113
177120,7,177113
177122,13,177109
177124,11,177113
177126,13,177113
177128,19,177109
177130,3,177127
177132,5,177127
177134,3,177131
177136,5,177131
177138,7,177131
177140,13,177127
177142,11,177131
177144,13,177131
177146,19,177127
177148,17,177131
177150,19,177131
177152,43,177109
177154,23,177131
177156,29,177127
177158,31,177127
177160,29,177131
177162,31,177131
177164,37,177127
177166,53,177113
177168,37,177131
177170,3,177167
177172,5,177167
177174,7,177167
177176,3,177173
177178,5,177173
177180,7,177173
177182,73,177109
177184,11,177173
177186,13,177173
177188,61,177127
177190,17,177173
177192,19,177173
177194,67,177127
177196,23,177173
177198,31,177167
177200,73,177127
177202,29,177173
177204,31,177173
177206,79,177127
177208,41,177167
177210,37,177173
177212,3,177209
177214,3,177211
177216,5,177211
177218,7,177211
177220,3,177217
177222,5,177217
177224,7,177217
177226,3,177223
177228,5,177223
177230,7,177223
177232,23,177209
177234,11,177223
177236,13,177223
177238,29,177209
177240,17,177223
177242,3,177239
177244,5,177239
177246,7,177239
177248,31,177217
177250,11,177239
177252,13,177239
177254,31,177223
177256,17,177239
177258,19,177239
177260,3,177257
177262,5,177257
177264,7,177257
177266,43,177223
177268,11,177257
177270,13,177257
177272,3,177269
177274,5,177269
177276,7,177269
177278,61,177217
177280,11,177269
177282,13,177269
177284,61,177223
177286,3,177283
177288,5,177283
177290,7,177283
177292,23,177269
177294,11,177283
177296,13,177283
177298,29,177269
177300,17,177283
177302,19,177283
177304,3,177301
177306,5,177301
177308,7,177301
177310,41,177269
177312,11,177301
177314,13,177301
177316,47,177269
177318,17,177301
177320,19,177301
177322,3,177319
177324,5,177319
177326,3,177323
177328,5,177323
177330,7,177323
177332,13,177319
177334,11,177323
177336,13,177323
177338,19,177319
177340,3,177337
177342,5,177337
177344,7,177337
177346,23,177323
177348,11,177337
177350,3,177347
177352,5,177347
177354,7,177347
177356,19,177337
177358,11,177347
177360,13,177347
177362,43,177319
177364,17,177347
177366,19,177347
177368,31,177337
177370,23,177347
177372,53,177319
177374,37,177337
177376,29,177347
177378,31,177347
177380,43,177337
177382,3,177379
177384,5,177379
177386,3,177383
177388,5,177383
177390,7,177383
177392,13,177379
177394,11,177383
177396,13,177383
177398,19,177379
177400,17,177383
177402,19,177383
177404,67,177337
177406,23,177383
177408,29,177379
177410,31,177379
177412,3,177409
177414,5,177409
177416,7,177409
177418,71,177347
177420,11,177409
177422,13,177409
177424,3,177421
177426,5,177421
177428,7,177421
177430,3,177427
177432,5,177427
177434,3,177431
177436,3,177433
177438,5,177433
177440,7,177433
177442,11,177431
177444,11,177433
177446,13,177433
177448,17,177431
177450,17,177433
177452,19,177433
177454,23,177431
177456,23,177433
177458,31,177427
177460,29,177431
177462,29,177433
177464,31,177433
177466,83,177383
177468,37,177431
177470,3,177467
177472,5,177467
177474,7,177467
177476,3,177473
177478,5,177473
177480,7,177473
177482,61,177421
177484,3,177481
177486,5,177481
177488,7,177481
177490,3,177487
177492,5,177487
177494,7,177487
177496,3,177493
177498,5,177493
177500,7,177493
177502,29,177473
177504,11,177493
177506,13,177493
177508,41,177467
177510,17,177493
177512,19,177493
177514,3,177511
177516,5,177511
177518,7,177511
177520,47,177473
177522,11,177511
177524,13,177511
177526,53,177473
177528,17,177511
177530,19,177511
177532,59,177473
177534,23,177511
177536,3,177533
177538,5,177533
177540,7,177533
177542,3,177539
177544,5,177539
177546,7,177539
177548,37,177511
177550,11,177539
177552,13,177539
177554,43,177511
177556,3,177553
177558,5,177553
177560,7,177553
177562,23,177539
177564,11,177553
177566,13,177553
177568,29,177539
177570,17,177553
177572,19,177553
177574,41,177533
177576,23,177553
177578,67,177511
177580,41,177539
177582,29,177553
177584,31,177553
177586,47,177539
177588,101,177487
177590,37,177553
177592,3,177589
177594,5,177589
177596,7,177589
177598,59,177539
177600,11,177589
177602,13,177589
177604,3,177601
177606,5,177601
177608,7,177601
177610,71,177539
177612,11,177601
177614,13,177601
177616,83,177533
177618,17,177601
177620,19,177601
177622,83,177539
177624,23,177601
177626,3,177623
177628,5,177623
177630,7,177623
177632,31,177601
177634,11,177623
177636,13,177623
177638,37,177601
177640,17,177623
177642,19,177623
177644,43,177601
177646,23,177623
177648,47,177601
177650,3,177647
177652,5,177647
177654,7,177647
177656,67,177589
177658,11,177647
177660,13,177647
177662,61,177601
177664,17,177647
177666,19,177647
177668,67,177601
177670,23,177647
177672,71,177601
177674,73,177601
177676,29,177647
177678,31,177647
177680,3,177677
177682,3,177679
177684,5,177679
177686,7,177679
177688,11,177677
177690,11,177679
177692,13,177679
177694,3,177691
177696,5,177691
177698,7,177691
177700,23,177677
177702,11,177691
177704,13,177691
177706,29,177677
177708,17,177691
177710,19,177691
177712,89,177623
177714,23,177691
177716,37,177679
177718,41,177677
177720,29,177691
177722,31,177691
177724,47,177677
177726,47,177679
177728,37,177691
177730,53,177677
177732,41,177691
177734,43,177691
177736,59,177677
177738,47,177691
177740,61,177679
177742,3,177739
177744,5,177739
177746,3,177743
177748,5,177743
177750,7,177743
177752,13,177739
177754,11,177743
177756,13,177743
177758,19,177739
177760,17,177743
177762,19,177743
177764,3,177761
177766,3,177763
177768,5,177763
177770,7,177763
177772,11,177761
177774,11,177763
177776,13,177763
177778,17,177761
177780,17,177763
177782,19,177763
177784,23,177761
177786,23,177763
177788,97,177691
177790,3,177787
177792,5,177787
177794,3,177791
177796,5,177791
177798,7,177791
177800,3,177797
177802,5,177797
177804,7,177797
177806,19,177787
177808,11,177797
177810,13,177797
177812,73,177739
177814,3,177811
177816,5,177811
177818,7,177811
177820,23,177797
177822,11,177811
177824,13,177811
177826,3,177823
177828,5,177823
177830,7,177823
177832,41,177791
177834,11,177823
177836,13,177823
177838,41,177797
177840,17,177823
177842,3,177839
177844,3,177841
177846,5,177841
177848,7,177841
177850,11,177839
177852,11,177841
177854,13,177841
177856,17,177839
177858,17,177841
177860,19,177841
177862,23,177839
177864,23,177841
177866,43,177823
177868,29,177839
177870,29,177841
177872,31,177841
177874,83,177791
177876,37,177839
177878,37,177841
177880,41,177839
177882,41,177841
177884,43,177841
177886,3,177883
177888,5,177883
177890,3,177887
177892,3,177889
177894,5,177889
177896,3,177893
177898,5,177893
177900,7,177893
177902,13,177889
177904,11,177893
177906,13,177893
177908,19,177889
177910,3,177907
177912,5,177907
177914,7,177907
177916,3,177913
177918,5,177913
177920,3,177917
177922,5,177917
177924,7,177917
177926,13,177913
177928,11,177917
177930,13,177917
177932,3,177929
177934,5,177929
177936,7,177929
177938,31,177907
177940,11,177929
177942,13,177929
177944,31,177913
177946,3,177943
177948,5,177943
177950,7,177943
177952,3,177949
177954,5,177949
177956,3,177953
177958,5,177953
177960,7,177953
177962,13,177949
177964,11,177953
177966,13,177953
177968,19,177949
177970,3,177967
177972,5,177967
177974,7,177967
177976,23,177953
177978,11,177967
177980,13,177967
177982,3,177979
177984,5,177979
177986,7,177979
177988,59,177929
177990,11,177979
177992,13,177979
177994,41,177953
177996,17,177979
177998,19,177979
178000,47,177953
178002,23,177979
178004,3,178001
178006,5,178001
178008,7,178001
178010,31,177979
178012,11,178001
178014,13,178001
178016,37,177979
178018,17,178001
178020,19,178001
178022,43,177979
178024,3,178021
178026,5,178021
178028,7,178021
178030,29,178001
178032,11,178021
178034,13,178021
178036,83,177953
178038,17,178021
178040,3,178037
178042,3,178039
178044,5,178039
178046,7,178039
178048,11,178037
178050,11,178039
178052,13,178039
178054,17,178037
178056,17,178039
178058,19,178039
178060,23,178037
178062,23,178039
178064,43,178021
178066,29,178037
178068,29,178039
178070,3,178067
178072,3,178069
178074,5,178069
178076,7,178069
178078,11,178067
178080,11,178069
178082,13,178069
178084,17,178067
178086,17,178069
178088,19,178069
178090,23,178067
178092,23,178069
178094,3,178091
178096,3,178093
178098,5,178093
178100,7,178093
178102,11,178091
178104,11,178093
178106,3,178103
178108,5,178103
178110,7,178103
178112,19,178093
178114,11,178103
178116,13,178103
178118,79,178039
178120,3,178117
178122,5,178117
178124,7,178117
178126,23,178103
178128,11,178117
178130,3,178127
178132,5,178127
178134,7,178127
178136,19,178117
178138,11,178127
178140,13,178127
178142,73,178069
178144,3,178141
178146,5,178141
178148,7,178141
178150,23,178127
178152,11,178141
178154,3,178151
178156,5,178151
178158,7,178151
178160,19,178141
178162,11,178151
178164,13,178151
178166,73,178093
178168,17,178151
178170,19,178151
178172,3,178169
178174,5,178169
178176,7,178169
178178,37,178141
178180,11,178169
178182,13,178169
178184,43,178141
178186,3,178183
178188,5,178183
178190,3,178187
178192,5,178187
178194,7,178187
178196,13,178183
178198,11,178187
178200,13,178187
178202,19,178183
178204,17,178187
178206,19,178187
178208,67,178141
178210,3,178207
178212,5,178207
178214,7,178207
178216,29,178187
178218,11,178207
178220,13,178207
178222,53,178169
178224,17,178207
178226,3,178223
178228,5,178223
178230,7,178223
178232,139,178093
178234,3,178231
178236,5,178231
178238,7,178231
178240,17,178223
178242,11,178231
178244,13,178231
178246,23,178223
178248,17,178231
178250,3,178247
178252,3,178249
178254,5,178249
178256,7,178249
178258,11,178247
178260,11,178249
178262,3,178259
178264,3,178261
178266,5,178261
178268,7,178261
178270,11,178259
178272,11,178261
178274,13,178261
178276,17,178259
178278,17,178261
178280,19,178261
178282,23,178259
178284,23,178261
178286,37,178249
178288,29,178259
178290,29,178261
178292,3,178289
178294,5,178289
178296,7,178289
178298,37,178261
178300,11,178289
178302,13,178289
178304,3,178301
178306,5,178301
178308,7,178301
178310,3,178307
178312,5,178307
178314,7,178307
178316,67,178249
178318,11,178307
178320,13,178307
178322,61,178261
178324,17,178307
178326,19,178307
178328,67,178261
178330,3,178327
178332,5,178327
178334,7,178327
178336,3,178333
178338,5,178333
178340,7,178333
178342,41,178301
178344,11,178333
178346,13,178333
178348,41,178307
178350,17,178333
178352,3,178349
178354,3,178351
178356,5,178351
178358,7,178351
178360,11,178349
178362,11,178351
178364,3,178361
178366,5,178361
178368,7,178361
178370,19,178351
178372,11,178361
178374,13,178361
178376,43,178333
178378,17,178361
178380,19,178361
178382,31,178351
178384,23,178361
178386,37,178349
178388,37,178351
178390,29,178361
178392,31,178361
178394,43,178351
178396,3,178393
178398,5,178393
178400,3,178397
178402,5,178397
178404,7,178397
178406,3,178403
178408,5,178403
178410,7,178403
178412,19,178393
178414,11,178403
178416,13,178403
178418,67,178351
178420,3,178417
178422,5,178417
178424,7,178417
178426,23,178403
178428,11,178417
178430,13,178417
178432,29,178403
178434,17,178417
178436,19,178417
178438,41,178397
178440,23,178417
178442,3,178439
178444,3,178441
178446,5,178441
178448,7,178441
178450,3,178447
178452,5,178447
178454,7,178447
178456,17,178439
178458,11,178447
178460,13,178447
178462,23,178439
178464,17,178447
178466,19,178447
178468,29,178439
178470,23,178447
178472,3,178469
178474,5,178469
178476,7,178469
178478,31,178447
178480,11,178469
178482,13,178469
178484,3,178481
178486,5,178481
178488,7,178481
178490,3,178487
178492,3,178489
178494,5,178489
178496,7,178489
178498,11,178487
178500,11,178489
178502,13,178489
178504,3,178501
178506,5,178501
178508,7,178501
178510,23,178487
178512,11,178501
178514,13,178501
178516,3,178513
178518,5,178513
178520,7,178513
178522,41,178481
178524,11,178513
178526,13,178513
178528,41,178487
178530,17,178513
178532,19,178513
178534,3,178531
178536,5,178531
178538,7,178531
178540,3,178537
178542,5,178537
178544,7,178537
178546,59,178487
178548,11,178537
178550,13,178537
178552,71,178481
178554,17,178537
178556,19,178537
178558,71,178487
178560,23,178537
178562,3,178559
178564,3,178561
178566,5,178561
178568,7,178561
178570,3,178567
178572,5,178567
178574,3,178571
178576,5,178571
178578,7,178571
178580,13,178567
178582,11,178571
178584,13,178571
178586,19,178567
178588,17,178571
178590,19,178571
178592,31,178561
178594,23,178571
178596,29,178567
178598,31,178567
178600,3,178597
178602,5,178597
178604,3,178601
178606,3,178603
178608,5,178603
178610,7,178603
178612,3,178609
178614,5,178609
178616,3,178613
178618,5,178613
178620,7,178613
178622,13,178609
178624,3,178621
178626,5,178621
178628,7,178621
178630,3,178627
178632,5,178627
178634,7,178627
178636,23,178613
178638,11,178627
178640,13,178627
178642,3,178639
178644,5,178639
178646,3,178643
178648,5,178643
178650,7,178643
178652,13,178639
178654,11,178643
178656,13,178643
178658,19,178639
178660,17,178643
178662,19,178643
178664,37,178627
178666,23,178643
178668,29,178639
178670,31,178639
178672,29,178643
178674,31,178643
178676,37,178639
178678,107,178571
178680,37,178643
178682,43,178639
178684,3,178681
178686,5,178681
178688,7,178681
178690,47,178643
178692,11,178681
178694,3,178691
178696,3,178693
178698,5,178693
178700,3,178697
178702,5,178697
178704,7,178697
178706,13,178693
178708,11,178697
178710,13,178697
178712,19,178693
178714,17,178697
178716,19,178697
178718,37,178681
178720,23,178697
178722,29,178693
178724,31,178693
178726,29,178697
178728,31,178697
178730,37,178693
178732,41,178691
178734,37,178697
178736,43,178693
178738,41,178697
178740,43,178697
178742,61,178681
178744,47,178697
178746,53,178693
178748,67,178681
178750,53,178697
178752,59,178693
178754,61,178693
178756,3,178753
178758,5,178753
178760,3,178757
178762,5,178757
178764,7,178757
178766,13,178753
178768,11,178757
178770,13,178757
178772,19,178753
178774,17,178757
178776,19,178757
178778,97,178681
178780,23,178757
178782,29,178753
178784,3,178781
178786,5,178781
178788,7,178781
178790,37,178753
178792,11,178781
178794,13,178781
178796,3,178793
178798,5,178793
178800,7,178793
178802,3,178799
178804,5,178799
178806,7,178799
178808,127,178681
178810,3,178807
178812,5,178807
178814,7,178807
178816,3,178813
178818,5,178813
178820,3,178817
178822,3,178819
178824,5,178819
178826,7,178819
178828,11,178817
178830,11,178819
178832,13,178819
178834,3,178831
178836,5,178831
178838,7,178831
178840,23,178817
178842,11,178831
178844,13,178831
178846,29,178817
178848,17,178831
178850,19,178831
178852,53,178799
178854,23,178831
178856,3,178853
178858,5,178853
178860,7,178853
178862,3,178859
178864,5,178859
178866,7,178859
178868,37,178831
178870,11,178859
178872,13,178859
178874,43,178831
178876,3,178873
178878,5,178873
178880,3,178877
178882,5,178877
178884,7,178877
178886,13,178873
178888,11,178877
178890,13,178877
178892,3,178889
178894,5,178889
178896,7,178889
178898,67,178831
178900,3,178897
178902,5,178897
178904,7,178897
178906,3,178903
178908,5,178903
178910,3,178907
178912,3,178909
178914,5,178909
178916,7,178909
178918,11,178907
178920,11,178909
178922,13,178909
178924,3,178921
178926,5,178921
178928,7,178921
178930,23,178907
178932,11,178921
178934,3,178931
178936,3,178933
178938,5,178933
178940,7,178933
178942,3,178939
178944,5,178939
178946,7,178939
178948,17,178931
178950,11,178939
178952,13,178939
178954,3,178951
178956,5,178951
178958,7,178951
178960,29,178931
178962,11,178951
178964,13,178951
178966,59,178907
178968,17,178951
178970,19,178951
178972,41,178931
178974,23,178951
178976,3,178973
178978,5,178973
178980,7,178973
178982,31,178951
178984,11,178973
178986,13,178973
178988,37,178951
178990,3,178987
178992,5,178987
178994,7,178987
178996,23,178973
178998,11,178987
179000,13,178987
179002,29,178973
179004,17,178987
179006,19,178987
179008,101,178907
179010,23,178987
179012,61,178951
179014,41,178973
179016,29,178987
179018,31,178987
179020,47,178973
179022,71,178951
179024,3,179021
179026,5,179021
179028,7,179021
179030,43,178987
179032,3,179029
179034,5,179029
179036,3,179033
179038,5,179033
179040,7,179033
179042,13,179029
179044,3,179041
179046,5,179041
179048,7,179041
179050,17,179033
179052,11,179041
179054,3,179051
179056,5,179051
179058,7,179051
179060,3,179057
179062,5,179057
179064,7,179057
179066,37,179029
179068,11,179057
179070,13,179057
179072,31,179041
179074,17,179057
179076,19,179057
179078,37,179041
179080,23,179057
179082,31,179051
179084,43,179041
179086,3,179083
179088,5,179083
179090,7,179083
179092,3,179089
179094,5,179089
179096,7,179089
179098,41,179057
179100,11,179089
179102,3,179099
179104,5,179099
179106,7,179099
179108,19,179089
179110,3,179107
179112,5,179107
179114,3,179111
179116,5,179111
179118,7,179111
179120,13,179107
179122,3,179119
179124,5,179119
179126,7,179119
179128,17,179111
179130,11,179119
179132,13,179119
179134,23,179111
179136,17,179119
179138,19,179119
179140,29,179111
179142,23,179119
179144,37,179107
179146,3,179143
179148,5,179143
179150,7,179143
179152,41,179111
179154,11,179143
179156,13,179143
179158,47,179111
179160,17,179143
179162,19,179143
179164,3,179161
179166,5,179161
179168,7,179161
179170,3,179167
179172,5,179167
179174,7,179167
179176,3,179173
179178,5,179173
179180,7,179173
179182,71,179111
179184,11,179173
179186,13,179173
179188,89,179099
179190,17,179173
179192,19,179173
179194,83,179111
179196,23,179173
179198,31,179167
179200,89,179111
179202,29,179173
179204,31,179173
179206,3,179203
179208,5,179203
179210,7,179203
179212,3,179209
179214,5,179209
179216,3,179213
179218,5,179213
179220,7,179213
179222,13,179209
179224,11,179213
179226,13,179213
179228,19,179209
179230,17,179213
179232,19,179213
179234,31,179203
179236,3,179233
179238,5,179233
179240,7,179233
179242,29,179213
179244,11,179233
179246,3,179243
179248,5,179243
179250,7,179243
179252,19,179233
179254,11,179243
179256,13,179243
179258,97,179161
179260,17,179243
179262,19,179243
179264,3,179261
179266,5,179261
179268,7,179261
179270,37,179233
179272,3,179269
179274,5,179269
179276,7,179269
179278,17,179261
179280,11,179269
179282,13,179269
179284,3,179281
179286,5,179281
179288,7,179281
179290,3,179287
179292,5,179287
179294,7,179287
179296,53,179243
179298,11,179287
179300,13,179287
179302,41,179261
179304,17,179287
179306,19,179287
179308,47,179261
179310,23,179287
179312,31,179281
179314,53,179261
179316,29,179287
179318,31,179287
179320,3,179317
179322,5,179317
179324,3,179321
179326,5,179321
179328,7,179321
179330,3,179327
179332,5,179327
179334,7,179327
179336,19,179317
179338,11,179327
179340,13,179327
179342,61,179281
179344,17,179327
179346,19,179327
179348,31,179317
179350,23,179327
179352,31,179321
179354,3,179351
179356,5,179351
179358,7,179351
179360,3,179357
179362,5,179357
179364,7,179357
179366,79,179287
179368,11,179357
179370,13,179357
179372,3,179369
179374,5,179369
179376,7,179369
179378,61,179317
179380,11,179369
179382,13,179369
179384,3,179381
179386,3,179383
179388,5,179383
179390,7,179383
179392,11,179381
179394,11,179383
179396,3,179393
179398,5,179393
179400,7,179393
179402,19,179383
179404,11,179393
179406,13,179393
179408,127,179281
179410,3,179407
179412,5,179407
179414,3,179411
179416,5,179411
179418,7,179411
179420,13,179407
179422,11,179411
179424,13,179411
179426,19,179407
179428,17,179411
179430,19,179411
179432,3,179429
179434,5,179429
179436,7,179429
179438,31,179407
179440,3,179437
179442,5,179437
179444,3,179441
179446,5,179441
179448,7,179441
179450,13,179437
179452,11,179441
179454,13,179441
179456,3,179453
179458,5,179453
179460,7,179453
179462,79,179383
179464,3,179461
179466,5,179461
179468,7,179461
179470,17,179453
179472,11,179461
179474,3,179471
179476,5,179471
179478,7,179471
179480,19,179461
179482,3,179479
179484,5,179479
179486,3,179483
179488,5,179483
179490,7,179483
179492,13,179479
179494,11,179483
179496,13,179483
179498,19,179479
179500,3,179497
179502,5,179497
179504,7,179497
179506,23,179483
179508,11,179497
179510,13,179497
179512,29,179483
179514,17,179497
179516,19,179497
179518,47,179471
179520,23,179497
179522,3,179519
179524,5,179519
179526,7,179519
179528,31,179497
179530,3,179527
179532,5,179527
179534,7,179527
179536,3,179533
179538,5,179533
179540,7,179533
179542,23,179519
179544,11,179533
179546,13,179533
179548,29,179519
179550,17,179533
179552,3,179549
179554,5,179549
179556,7,179549
179558,31,179527
179560,11,179549
179562,13,179549
179564,31,179533
179566,3,179563
179568,5,179563
179570,7,179563
179572,23,179549
179574,11,179563
179576,3,179573
179578,5,179573
179580,7,179573
179582,3,179579
179584,3,179581
179586,5,179581
179588,7,179581
179590,11,179579
179592,11,179581
179594,3,179591
179596,3,179593
179598,5,179593
179600,7,179593
179602,11,179591
179604,11,179593
179606,3,179603
179608,5,179603
179610,7,179603
179612,19,179593
179614,11,179603
179616,13,179603
179618,37,179581
179620,17,179603
179622,19,179603
179624,31,179593
179626,3,179623
179628,5,179623
179630,7,179623
179632,29,179603
179634,11,179623
179636,3,179633
179638,5,179633
179640,7,179633
179642,19,179623
179644,11,179633
179646,13,179633
179648,67,179581
179650,17,179633
179652,19,179633
179654,3,179651
179656,5,179651
179658,7,179651
179660,3,179657
179662,3,179659
179664,5,179659
179666,7,179659
179668,11,179657
179670,11,179659
179672,13,179659
179674,3,179671
179676,5,179671
179678,7,179671
179680,23,179657
179682,11,179671
179684,13,179671
179686,29,179657
179688,17,179671
179690,3,179687
179692,3,179689
179694,5,179689
179696,3,179693
179698,5,179693
179700,7,179693
179702,13,179689
179704,11,179693
179706,13,179693
179708,19,179689
179710,17,179693
179712,19,179693
179714,43,179671
179716,23,179693
179718,29,179689
179720,3,179717
179722,3,179719
179724,5,179719
179726,7,179719
179728,11,179717
179730,11,179719
179732,13,179719
179734,17,179717
179736,17,179719
179738,19,179719
179740,3,179737
179742,5,179737
179744,7,179737
179746,3,179743
179748,5,179743
179750,7,179743
179752,3,179749
179754,5,179749
179756,7,179749
179758,41,179717
179760,11,179749
179762,13,179749
179764,47,179717
179766,17,179749
179768,19,179749
179770,53,179717
179772,23,179749
179774,31,179743
179776,59,179717
179778,29,179749
179780,31,179749
179782,3,179779
179784,5,179779
179786,7,179779
179788,71,179717
179790,11,179779
179792,13,179779
179794,101,179693
179796,17,179779
179798,19,179779
179800,83,179717
179802,23,179779
179804,3,179801
179806,5,179801
179808,7,179801
179810,3,179807
179812,5,179807
179814,7,179807
179816,3,179813
179818,5,179813
179820,7,179813
179822,3,179819
179824,3,179821
179826,5,179821
179828,7,179821
179830,3,179827
179832,5,179827
179834,7,179827
179836,3,179833
179838,5,179833
179840,7,179833
179842,23,179819
179844,11,179833
179846,13,179833
179848,29,179819
179850,17,179833
179852,3,179849
179854,5,179849
179856,7,179849
179858,31,179827
179860,11,179849
179862,13,179849
179864,31,179833
179866,17,179849
179868,19,179849
179870,37,179833
179872,23,179849
179874,41,179833
179876,43,179833
179878,29,179849
179880,31,179849
179882,61,179821
179884,71,179813
179886,37,179849
179888,61,179827
179890,41,179849
179892,43,179849
179894,61,179833
179896,47,179849
179898,71,179827
179900,3,179897
179902,3,179899
179904,5,179899
179906,3,179903
179908,5,179903
179910,7,179903
179912,3,179909
179914,5,179909
179916,7,179909
179918,19,179899
179920,3,179917
179922,5,179917
179924,7,179917
179926,3,179923
179928,5,179923
179930,7,179923
179932,23,179909
179934,11,179923
179936,13,179923
179938,29,179909
179940,17,179923
179942,3,179939
179944,5,179939
179946,7,179939
179948,31,179917
179950,3,179947
179952,5,179947
179954,3,179951
179956,3,179953
179958,5,179953
179960,3,179957
179962,5,179957
179964,7,179957
179966,13,179953
179968,11,179957
179970,13,179957
179972,3,179969
179974,5,179969
179976,7,179969
179978,31,179947
179980,11,179969
179982,13,179969
179984,3,179981
179986,5,179981
179988,7,179981
179990,37,179953
179992,3,179989
179994,5,179989
179996,7,179989
179998,17,179981
180000,11,179989
180002,3,179999
180004,3,180001
180006,5,180001
180008,7,180001
180010,3,180007
180012,5,180007
180014,7,180007
180016,17,179999
180018,11,180007
180020,13,180007
180022,23,179999
180024,17,180007
180026,3,180023
180028,5,180023
180030,7,180023
180032,31,180001
180034,11,180023
180036,13,180023
180038,31,180007
180040,17,180023
180042,19,180023
180044,37,180007
180046,3,180043
180048,5,180043
180050,7,180043
180052,29,180023
180054,11,180043
180056,3,180053
180058,5,180053
180060,7,180053
180062,19,180043
180064,11,180053
180066,13,180053
180068,61,180007
180070,17,180053
180072,19,180053
180074,3,180071
180076,3,180073
180078,5,180073
180080,3,180077
180082,5,180077
180084,7,180077
180086,13,180073
180088,11,180077
180090,13,180077
180092,19,180073
180094,17,180077
180096,19,180077
180098,97,180001
180100,3,180097
180102,5,180097
180104,7,180097
180106,29,180077
180108,11,180097
180110,13,180097
180112,41,180071
180114,17,180097
180116,19,180097
180118,41,180077
180120,23,180097
180122,79,180043
180124,47,180077
180126,29,180097
180128,31,180097
180130,53,180077
180132,59,180073
180134,37,180097
180136,59,180077
180138,41,180097
180140,3,180137
180142,5,180137
180144,7,180137
180146,73,180073
180148,11,180137
180150,13,180137
180152,79,180073
180154,17,180137
180156,19,180137
180158,61,180097
180160,23,180137
180162,89,180073
180164,3,180161
180166,5,180161
180168,7,180161
180170,73,180097
180172,11,180161
180174,13,180161
180176,79,180097
180178,17,180161
180180,19,180161
180182,3,180179
180184,3,180181
180186,5,180181
180188,7,180181
180190,11,180179
180192,11,180181
180194,13,180181
180196,17,180179
180198,17,180181
180200,19,180181
180202,23,180179
180204,23,180181
180206,109,180097
180208,29,180179
180210,29,180181
180212,31,180181
180214,3,180211
180216,5,180211
180218,7,180211
180220,41,180179
180222,11,180211
180224,3,180221
180226,5,180221
180228,7,180221
180230,19,180211
180232,11,180221
180234,13,180221
180236,3,180233
180238,5,180233
180240,7,180233
180242,3,180239
180244,3,180241
180246,5,180241
180248,7,180241
180250,3,180247
180252,5,180247
180254,7,180247
180256,17,180239
180258,11,180247
180260,13,180247
180262,3,180259
180264,5,180259
180266,3,180263
180268,5,180263
180270,7,180263
180272,13,180259
180274,11,180263
180276,13,180263
180278,19,180259
180280,17,180263
180282,19,180263
180284,3,180281
180286,5,180281
180288,7,180281
180290,3,180287
180292,3,180289
180294,5,180289
180296,7,180289
180298,11,180287
180300,11,180289
180302,13,180289
180304,17,180287
180306,17,180289
180308,19,180289
180310,3,180307
180312,5,180307
180314,3,180311
180316,5,180311
180318,7,180311
180320,3,180317
180322,5,180317
180324,7,180317
180326,19,180307
180328,11,180317
180330,13,180317
180332,43,180289
180334,3,180331
180336,5,180331
180338,7,180331
180340,3,180337
180342,5,180337
180344,7,180337
180346,29,180317
180348,11,180337
180350,3,180347
180352,5,180347
180354,7,180347
180356,19,180337
180358,11,180347
180360,13,180347
180362,31,180331
180364,3,180361
180366,5,180361
180368,7,180361
180370,23,180347
180372,11,180361
180374,3,180371
180376,5,180371
180378,7,180371
180380,19,180361
180382,3,180379
180384,5,180379
180386,7,180379
180388,17,180371
180390,11,180379
180392,13,180379
180394,3,180391
180396,5,180391
180398,7,180391
180400,29,180371
180402,11,180391
180404,13,180391
180406,59,180347
180408,17,180391
180410,19,180391
180412,41,180371
180414,23,180391
180416,3,180413
180418,5,180413
180420,7,180413
180422,3,180419
180424,5,180419
180426,7,180419
180428,37,180391
180430,11,180419
180432,13,180419
180434,43,180391
180436,17,180419
180438,19,180419
180440,3,180437
180442,5,180437
180444,7,180437
180446,67,180379
180448,11,180437
180450,13,180437
180452,61,180391
180454,17,180437
180456,19,180437
180458,67,180391
180460,23,180437
180462,43,180419
180464,73,180391
180466,3,180463
180468,5,180463
180470,7,180463
180472,53,180419
180474,11,180463
180476,3,180473
180478,5,180473
180480,7,180473
180482,19,180463
180484,11,180473
180486,13,180473
180488,97,180391
180490,17,180473
180492,19,180473
180494,3,180491
180496,5,180491
180498,7,180491
180500,3,180497
180502,5,180497
180504,7,180497
180506,3,180503
180508,5,180503
180510,7,180503
180512,151,180361
180514,3,180511
180516,5,180511
180518,7,180511
180520,17,180503
180522,11,180511
180524,13,180511
180526,23,180503
180528,17,180511
180530,19,180511
180532,29,180503
180534,23,180511
180536,3,180533
180538,5,180533
180540,7,180533
180542,3,180539
180544,3,180541
180546,5,180541
180548,7,180541
180550,3,180547
180552,5,180547
180554,7,180547
180556,17,180539
180558,11,180547
180560,13,180547
180562,23,180539
180564,17,180547
180566,3,180563
180568,5,180563
180570,7,180563
180572,3,180569
180574,5,180569
180576,7,180569
180578,31,180547
180580,11,180569
180582,13,180569
180584,37,180547
180586,17,180569
180588,19,180569
180590,43,180547
180592,23,180569
180594,31,180563
180596,307,180289
180598,29,180569
180600,31,180569
180602,61,180541
180604,41,180563
180606,37,180569
180608,61,180547
180610,41,180569
180612,43,180569
180614,67,180547
180616,47,180569
180618,71,180547
180620,3,180617
180622,5,180617
180624,7,180617
180626,3,180623
180628,5,180623
180630,7,180623
180632,3,180629
180634,5,180629
180636,7,180629
180638,97,180541
180640,11,180629
180642,13,180629
180644,97,180547
180646,17,180629
180648,19,180629
180650,3,180647
180652,5,180647
180654,7,180647
180656,109,180547
180658,11,180647
180660,13,180647
180662,151,180511
180664,17,180647
180666,19,180647
180668,127,180541
180670,3,180667
180672,5,180667
180674,7,180667
180676,29,180647
180678,11,180667
180680,13,180667
180682,3,180679
180684,5,180679
180686,7,180679
180688,41,180647
180690,11,180679
180692,13,180679
180694,47,180647
180696,17,180679
180698,19,180679
180700,53,180647
180702,23,180679
180704,3,180701
180706,5,180701
180708,7,180701
180710,31,180679
180712,11,180701
180714,13,180701
180716,37,180679
180718,17,180701
180720,19,180701
180722,43,180679
180724,23,180701
180726,47,180679
180728,61,180667
180730,29,180701
180732,31,180701
180734,3,180731
180736,5,180731
180738,7,180731
180740,61,180679
180742,11,180731
180744,13,180731
180746,67,180679
180748,17,180731
180750,19,180731
180752,3,180749
180754,3,180751
180756,5,180751
180758,7,180751
180760,11,180749
180762,11,180751
180764,13,180751
180766,17,180749
180768,17,180751
180770,19,180751
180772,23,180749
180774,23,180751
180776,3,180773
180778,5,180773
180780,7,180773
180782,3,180779
180784,5,180779
180786,7,180779
180788,37,180751
180790,11,180779
180792,13,180779
180794,43,180751
180796,3,180793
180798,5,180793
180800,3,180797
180802,3,180799
180804,5,180799
180806,7,180799
180808,11,180797
180810,11,180799
180812,13,180799
180814,3,180811
180816,5,180811
180818,7,180811
180820,23,180797
180822,11,180811
180824,13,180811
180826,29,180797
180828,17,180811
180830,19,180811
180832,53,180779
180834,23,180811
180836,37,180799
180838,41,180797
180840,29,180811
180842,31,180811
180844,47,180797
180846,47,180799
180848,37,180811
180850,3,180847
180852,5,180847
180854,7,180847
180856,59,180797
180858,11,180847
180860,13,180847
180862,83,180779
180864,17,180847
180866,19,180847
180868,71,180797
180870,23,180847
180872,61,180811
180874,3,180871
180876,5,180871
180878,7,180871
180880,83,180797
180882,11,180871
180884,13,180871
180886,3,180883
180888,5,180883
180890,7,180883
180892,113,180779
180894,11,180883
180896,13,180883
180898,101,180797
180900,17,180883
180902,19,180883
180904,107,180797
180906,23,180883
180908,37,180871
180910,3,180907
180912,5,180907
180914,7,180907
180916,137,180779
180918,11,180907
180920,13,180907
180922,149,180773
180924,17,180907
180926,19,180907
180928,131,180797
180930,23,180907
180932,61,180871
180934,137,180797
180936,29,180907
180938,31,180907
180940,167,180773
180942,59,180883
180944,37,180907
180946,149,180797
180948,41,180907
180950,43,180907
180952,3,180949
180954,5,180949
180956,7,180949
180958,179,180779
180960,11,180949
180962,3,180959
180964,5,180959
180966,7,180959
180968,19,180949
180970,11,180959
180972,13,180959
180974,67,180907
180976,17,180959
180978,19,180959
180980,31,180949
180982,23,180959
180984,101,180883
180986,37,180949
180988,29,180959
180990,31,180959
180992,43,180949
180994,197,180797
180996,37,180959
180998,127,180871
181000,41,180959
181002,43,180959
181004,3,181001
181006,3,181003
181008,5,181003
181010,7,181003
181012,11,181001
181014,11,181003
181016,13,181003
181018,17,181001
181020,17,181003
181022,3,181019
181024,5,181019
181026,7,181019
181028,79,180949
181030,11,181019
181032,13,181019
181034,3,181031
181036,5,181031
181038,7,181031
181040,37,181003
181042,3,181039
181044,5,181039
181046,7,181039
181048,17,181031
181050,11,181039
181052,13,181039
181054,23,181031
181056,17,181039
181058,19,181039
181060,29,181031
181062,23,181039
181064,3,181061
181066,3,181063
181068,5,181063
181070,7,181063
181072,11,181061
181074,11,181063
181076,13,181063
181078,17,181061
181080,17,181063
181082,19,181063
181084,3,181081
181086,5,181081
181088,7,181081
181090,3,181087
181092,5,181087
181094,7,181087
181096,137,180959
181098,11,181087
181100,13,181087
181102,41,181061
181104,17,181087
181106,19,181087
181108,47,181061
181110,23,181087
181112,31,181081
181114,53,181061
181116,29,181087
181118,31,181087
181120,59,181061
181122,41,181081
181124,37,181087
181126,3,181123
181128,5,181123
181130,7,181123
181132,71,181061
181134,11,181123
181136,13,181123
181138,107,181031
181140,17,181123
181142,19,181123
181144,3,181141
181146,5,181141
181148,7,181141
181150,89,181061
181152,11,181141
181154,13,181141
181156,137,181019
181158,17,181141
181160,3,181157
181162,5,181157
181164,7,181157
181166,43,181123
181168,11,181157
181170,13,181157
181172,31,181141
181174,17,181157
181176,19,181157
181178,37,181141
181180,23,181157
181182,41,181141
181184,43,181141
181186,3,181183
181188,5,181183
181190,7,181183
181192,131,181061
181194,11,181183
181196,3,181193
181198,5,181193
181200,7,181193
181202,3,181199
181204,3,181201
181206,5,181201
181208,7,181201
181210,11,181199
181212,11,181201
181214,3,181211
181216,3,181213
181218,5,181213
181220,7,181213
181222,3,181219
181224,5,181219
181226,7,181219
181228,17,181211
181230,11,181219
181232,13,181219
181234,23,181211
181236,17,181219
181238,19,181219
181240,29,181211
181242,23,181219
181244,31,181213
181246,3,181243
181248,5,181243
181250,7,181243
181252,41,181211
181254,11,181243
181256,3,181253
181258,5,181253
181260,7,181253
181262,19,181243
181264,11,181253
181266,13,181253
181268,67,181201
181270,17,181253
181272,19,181253
181274,31,181243
181276,3,181273
181278,5,181273
181280,3,181277
181282,5,181277
181284,7,181277
181286,3,181283
181288,5,181283
181290,7,181283
181292,19,181273
181294,11,181283
181296,13,181283
181298,79,181219
181300,3,181297
181302,5,181297
181304,3,181301
181306,3,181303
181308,5,181303
181310,7,181303
181312,11,181301
181314,11,181303
181316,13,181303
181318,17,181301
181320,17,181303
181322,19,181303
181324,23,181301
181326,23,181303
181328,31,181297
181330,29,181301
181332,29,181303
181334,31,181303
181336,53,181283
181338,37,181301
181340,37,181303
181342,41,181301
181344,41,181303
181346,43,181303
181348,47,181301
181350,47,181303
181352,79,181273
181354,53,181301
181356,53,181303
181358,61,181297
181360,59,181301
181362,59,181303
181364,3,181361
181366,5,181361
181368,7,181361
181370,67,181303
181372,11,181361
181374,13,181361
181376,73,181303
181378,17,181361
181380,19,181361
181382,79,181303
181384,23,181361
181386,83,181303
181388,307,181081
181390,3,181387
181392,5,181387
181394,7,181387
181396,113,181283
181398,11,181387
181400,3,181397
181402,3,181399
181404,5,181399
181406,7,181399
181408,11,181397
181410,11,181399
181412,3,181409
181414,5,181409
181416,7,181409
181418,19,181399
181420,11,181409
181422,13,181409
181424,3,181421
181426,5,181421
181428,7,181421
181430,31,181399
181432,11,181421
181434,13,181421
181436,37,181399
181438,17,181421
181440,19,181421
181442,3,181439
181444,5,181439
181446,7,181439
181448,61,181387
181450,11,181439
181452,13,181439
181454,67,181387
181456,17,181439
181458,19,181439
181460,3,181457
181462,3,181459
181464,5,181459
181466,7,181459
181468,11,181457
181470,11,181459
181472,13,181459
181474,17,181457
181476,17,181459
181478,19,181459
181480,23,181457
181482,23,181459
181484,97,181387
181486,29,181457
181488,29,181459
181490,31,181459
181492,53,181439
181494,37,181457
181496,37,181459
181498,41,181457
181500,41,181459
181502,3,181499
181504,3,181501
181506,5,181501
181508,7,181501
181510,11,181499
181512,11,181501
181514,13,181501
181516,3,181513
181518,5,181513
181520,7,181513
181522,23,181499
181524,11,181513
181526,3,181523
181528,5,181523
181530,7,181523
181532,19,181513
181534,11,181523
181536,13,181523
181538,37,181501
181540,3,181537
181542,5,181537
181544,7,181537
181546,23,181523
181548,11,181537
181550,13,181537
181552,3,181549
181554,5,181549
181556,3,181553
181558,5,181553
181560,7,181553
181562,13,181549
181564,11,181553
181566,13,181553
181568,19,181549
181570,17,181553
181572,19,181553
181574,37,181537
181576,23,181553
181578,29,181549
181580,31,181549
181582,29,181553
181584,31,181553
181586,37,181549
181588,89,181499
181590,37,181553
181592,43,181549
181594,41,181553
181596,43,181553
181598,61,181537
181600,47,181553
181602,53,181549
181604,67,181537
181606,3,181603
181608,5,181603
181610,3,181607
181612,3,181609
181614,5,181609
181616,7,181609
181618,11,181607
181620,11,181609
181622,3,181619
181624,5,181619
181626,7,181619
181628,19,181609
181630,11,181619
181632,13,181619
181634,31,181603
181636,17,181619
181638,19,181619
181640,31,181609
181642,3,181639
181644,5,181639
181646,7,181639
181648,29,181619
181650,11,181639
181652,13,181639
181654,47,181607
181656,17,181639
181658,19,181639
181660,41,181619
181662,23,181639
181664,61,181603
181666,47,181619
181668,29,181639
181670,3,181667
181672,3,181669
181674,5,181669
181676,7,181669
181678,11,181667
181680,11,181669
181682,13,181669
181684,17,181667
181686,17,181669
181688,19,181669
181690,23,181667
181692,23,181669
181694,157,181537
181696,3,181693
181698,5,181693
181700,7,181693
181702,83,181619
181704,11,181693
181706,13,181693
181708,41,181667
181710,17,181693
181712,19,181693
181714,3,181711
181716,5,181711
181718,7,181711
181720,3,181717
181722,5,181717
181724,3,181721
181726,5,181721
181728,7,181721
181730,13,181717
181732,3,181729
181734,5,181729
181736,7,181729
181738,17,181721
181740,11,181729
181742,3,181739
181744,5,181739
181746,7,181739
181748,19,181729
181750,11,181739
181752,13,181739
181754,3,181751
181756,5,181751
181758,7,181751
181760,3,181757
181762,3,181759
181764,5,181759
181766,3,181763
181768,5,181763
181770,7,181763
181772,13,181759
181774,11,181763
181776,13,181763
181778,19,181759
181780,3,181777
181782,5,181777
181784,7,181777
181786,23,181763
181788,11,181777
181790,3,181787
181792,3,181789
181794,5,181789
181796,7,181789
181798,11,181787
181800,11,181789
181802,13,181789
181804,17,181787
181806,17,181789
181808,19,181789
181810,23,181787
181812,23,181789
181814,37,181777
181816,3,181813
181818,5,181813
181820,7,181813
181822,59,181763
181824,11,181813
181826,13,181813
181828,41,181787
181830,17,181813
181832,19,181813
181834,47,181787
181836,23,181813
181838,61,181777
181840,3,181837
181842,5,181837
181844,7,181837
181846,59,181787
181848,11,181837
181850,13,181837
181852,89,181763
181854,17,181837
181856,19,181837
181858,71,181787
181860,23,181837
181862,73,181789
181864,101,181763
181866,29,181837
181868,31,181837
181870,83,181787
181872,59,181813
181874,3,181871
181876,3,181873
181878,5,181873
181880,7,181873
181882,11,181871
181884,11,181873
181886,13,181873
181888,17,181871
181890,17,181873
181892,3,181889
181894,3,181891
181896,5,181891
181898,7,181891
181900,11,181889
181902,11,181891
181904,13,181891
181906,3,181903
181908,5,181903
181910,7,181903
181912,23,181889
181914,11,181903
181916,3,181913
181918,5,181913
181920,7,181913
181922,3,181919
181924,5,181919
181926,7,181919
181928,37,181891
181930,3,181927
181932,5,181927
181934,3,181931
181936,5,181931
181938,7,181931
181940,13,181927
181942,11,181931
181944,13,181931
181946,3,181943
181948,5,181943
181950,7,181943
181952,61,181891
181954,11,181943
181956,13,181943
181958,31,181927
181960,3,181957
181962,5,181957
181964,7,181957
181966,23,181943
181968,11,181957
181970,3,181967
181972,5,181967
181974,7,181967
181976,19,181957
181978,11,181967
181980,13,181967
181982,79,181903
181984,3,181981
181986,5,181981
181988,7,181981
181990,23,181967
181992,11,181981
181994,13,181981
181996,29,181967
181998,17,181981
182000,3,181997
182002,5,181997
182004,7,181997
182006,79,181927
182008,11,181997
182010,13,181997
182012,3,182009
182014,3,182011
182016,5,182011
182018,7,182011
182020,11,182009
182022,11,182011
182024,13,182011
182026,17,182009
182028,17,182011
182030,3,182027
182032,3,182029
182034,5,182029
182036,7,182029
182038,11,182027
182040,11,182029
182042,13,182029
182044,3,182041
182046,5,182041
182048,7,182041
182050,3,182047
182052,5,182047
182054,7,182047
182056,29,182027
182058,11,182047
182060,3,182057
182062,3,182059
182064,5,182059
182066,7,182059
182068,11,182057
182070,11,182059
182072,13,182059
182074,17,182057
182076,17,182059
182078,19,182059
182080,23,182057
182082,23,182059
182084,37,182047
182086,29,182057
182088,29,182059
182090,31,182059
182092,3,182089
182094,5,182089
182096,7,182089
182098,41,182057
182100,11,182089
182102,3,182099
182104,3,182101
182106,5,182101
182108,7,182101
182110,3,182107
182112,5,182107
182114,3,182111
182116,5,182111
182118,7,182111
182120,13,182107
182122,11,182111
182124,13,182111
182126,3,182123
182128,5,182123
182130,7,182123
182132,3,182129
182134,3,182131
182136,5,182131
182138,7,182131
182140,11,182129
182142,11,182131
182144,3,182141
182146,5,182141
182148,7,182141
182150,19,182131
182152,11,182141
182154,13,182141
182156,67,182089
182158,17,182141
182160,19,182141
182162,3,182159
182164,5,182159
182166,7,182159
182168,37,182131
182170,3,182167
182172,5,182167
182174,7,182167
182176,17,182159
182178,11,182167
182180,3,182177
182182,3,182179
182184,5,182179
182186,7,182179
182188,11,182177
182190,11,182179
182192,13,182179
182194,17,182177
182196,17,182179
182198,19,182179
182200,23,182177
182202,23,182179
182204,3,182201
182206,5,182201
182208,7,182201
182210,31,182179
182212,3,182209
182214,5,182209
182216,7,182209
182218,17,182201
182220,11,182209
182222,13,182209
182224,23,182201
182226,17,182209
182228,19,182209
182230,29,182201
182232,23,182209
182234,67,182167
182236,3,182233
182238,5,182233
182240,7,182233
182242,3,182239
182244,5,182239
182246,3,182243
182248,5,182243
182250,7,182243
182252,13,182239
182254,11,182243
182256,13,182243
182258,19,182239
182260,17,182243
182262,19,182243
182264,3,182261
182266,5,182261
182268,7,182261
182270,31,182239
182272,11,182261
182274,13,182261
182276,37,182239
182278,17,182261
182280,19,182261
182282,3,182279
182284,5,182279
182286,7,182279
182288,79,182209
182290,11,182279
182292,13,182279
182294,61,182233
182296,17,182279
182298,19,182279
182300,3,182297
182302,5,182297
182304,7,182297
182306,67,182239
182308,11,182297
182310,13,182297
182312,3,182309
182314,5,182309
182316,7,182309
182318,79,182239
182320,11,182309
182322,13,182309
182324,157,182167
182326,17,182309
182328,19,182309
182330,97,182233
182332,23,182309
182334,37,182297
182336,3,182333
182338,5,182333
182340,7,182333
182342,3,182339
182344,3,182341
182346,5,182341
182348,7,182341
182350,11,182339
182352,11,182341
182354,13,182341
182356,3,182353
182358,5,182353
182360,7,182353
182362,23,182339
182364,11,182353
182366,13,182353
182368,29,182339
182370,17,182353
182372,19,182353
182374,41,182333
182376,23,182353
182378,37,182341
182380,41,182339
182382,29,182353
182384,31,182353
182386,47,182339
182388,47,182341
182390,3,182387
182392,3,182389
182394,5,182389
182396,7,182389
182398,11,182387
182400,11,182389
182402,13,182389
182404,17,182387
182406,17,182389
182408,19,182389
182410,23,182387
182412,23,182389
182414,61,182353
182416,29,182387
182418,29,182389
182420,3,182417
182422,5,182417
182424,7,182417
182426,3,182423
182428,5,182423
182430,7,182423
182432,43,182389
182434,3,182431
182436,5,182431
182438,7,182431
182440,17,182423
182442,11,182431
182444,13,182431
182446,3,182443
182448,5,182443
182450,7,182443
182452,29,182423
182454,11,182443
182456,3,182453
182458,5,182453
182460,7,182453
182462,19,182443
182464,11,182453
182466,13,182453
182468,37,182431
182470,3,182467
182472,5,182467
182474,3,182471
182476,3,182473
182478,5,182473
182480,7,182473
182482,11,182471
182484,11,182473
182486,13,182473
182488,17,182471
182490,17,182473
182492,3,182489
182494,5,182489
182496,7,182489
182498,31,182467
182500,11,182489
182502,13,182489
182504,31,182473
182506,3,182503
182508,5,182503
182510,7,182503
182512,3,182509
182514,5,182509
182516,7,182509
182518,29,182489
182520,11,182509
182522,3,182519
182524,5,182519
182526,7,182519
182528,19,182509
182530,11,182519
182532,13,182519
182534,31,182503
182536,17,182519
182538,19,182519
182540,3,182537
182542,5,182537
182544,7,182537
182546,37,182509
182548,11,182537
182550,13,182537
182552,3,182549
182554,5,182549
182556,7,182549
182558,127,182431
182560,11,182549
182562,13,182549
182564,3,182561
182566,5,182561
182568,7,182561
182570,61,182509
182572,11,182561
182574,13,182561
182576,67,182509
182578,17,182561
182580,19,182561
182582,3,182579
182584,5,182579
182586,7,182579
182588,79,182509
182590,3,182587
182592,5,182587
182594,7,182587
182596,3,182593
182598,5,182593
182600,7,182593
182602,3,182599
182604,5,182599
182606,3,182603
182608,5,182603
182610,7,182603
182612,13,182599
182614,11,182603
182616,13,182603
182618,19,182599
182620,3,182617
182622,5,182617
182624,7,182617
182626,23,182603
182628,11,182617
182630,3,182627
182632,5,182627
182634,7,182627
182636,19,182617
182638,11,182627
182640,13,182627
182642,3,182639
182644,3,182641
182646,5,182641
182648,7,182641
182650,11,182639
182652,11,182641
182654,13,182641
182656,3,182653
182658,5,182653
182660,3,182657
182662,3,182659
182664,5,182659
182666,7,182659
182668,11,182657
182670,11,182659
182672,13,182659
182674,17,182657
182676,17,182659
182678,19,182659
182680,23,182657
182682,23,182659
182684,3,182681
182686,5,182681
182688,7,182681
182690,3,182687
182692,5,182687
182694,7,182687
182696,37,182659
182698,11,182687
182700,13,182687
182702,43,182659
182704,3,182701
182706,5,182701
182708,7,182701
182710,23,182687
182712,11,182701
182714,3,182711
182716,3,182713
182718,5,182713
182720,7,182713
182722,11,182711
182724,11,182713
182726,13,182713
182728,17,182711
182730,17,182713
182732,19,182713
182734,23,182711
182736,23,182713
182738,37,182701
182740,29,182711
182742,29,182713
182744,31,182713
182746,59,182687
182748,37,182711
182750,3,182747
182752,5,182747
182754,7,182747
182756,43,182713
182758,11,182747
182760,13,182747
182762,61,182701
182764,17,182747
182766,19,182747
182768,67,182701
182770,23,182747
182772,59,182713
182774,61,182713
182776,3,182773
182778,5,182773
182780,7,182773
182782,3,182779
182784,5,182779
182786,7,182779
182788,41,182747
182790,11,182779
182792,3,182789
182794,5,182789
182796,7,182789
182798,19,182779
182800,11,182789
182802,13,182789
182804,31,182773
182806,3,182803
182808,5,182803
182810,7,182803
182812,23,182789
182814,11,182803
182816,3,182813
182818,5,182813
182820,7,182813
182822,19,182803
182824,3,182821
182826,5,182821
182828,7,182821
182830,17,182813
182832,11,182821
182834,13,182821
182836,23,182813
182838,17,182821
182840,19,182821
182842,3,182839
182844,5,182839
182846,7,182839
182848,59,182789
182850,11,182839
182852,13,182839
182854,3,182851
182856,5,182851
182858,7,182851
182860,3,182857
182862,5,182857
182864,7,182857
182866,53,182813
182868,11,182857
182870,3,182867
182872,5,182867
182874,7,182867
182876,19,182857
182878,11,182867
182880,13,182867
182882,31,182851
182884,17,182867
182886,19,182867
182888,31,182857
182890,3,182887
182892,5,182887
182894,7,182887
182896,3,182893
182898,5,182893
182900,7,182893
182902,3,182899
182904,5,182899
182906,7,182899
182908,41,182867
182910,11,182899
182912,13,182899
182914,47,182867
182916,17,182899
182918,19,182899
182920,53,182867
182922,23,182899
182924,3,182921
182926,5,182921
182928,7,182921
182930,3,182927
182932,3,182929
182934,5,182929
182936,3,182933
182938,5,182933
182940,7,182933
182942,13,182929
182944,11,182933
182946,13,182933
182948,19,182929
182950,17,182933
182952,19,182933
182954,61,182893
182956,3,182953
182958,5,182953
182960,3,182957
182962,5,182957
182964,7,182957
182966,13,182953
182968,11,182957
182970,13,182957
182972,3,182969
182974,5,182969
182976,7,182969
182978,79,182899
182980,11,182969
182982,13,182969
182984,3,182981
182986,5,182981
182988,7,182981
182990,37,182953
182992,11,182981
182994,13,182981
182996,43,182953
182998,17,182981
183000,19,182981
183002,3,182999
183004,5,182999
183006,7,182999
183008,79,182929
183010,11,182999
183012,13,182999
183014,61,182953
183016,17,182999
183018,19,182999
183020,67,182953
183022,23,182999
183024,43,182981
183026,3,183023
183028,5,183023
183030,7,183023
183032,79,182953
183034,11,183023
183036,13,183023
183038,109,182929
183040,3,183037
183042,5,183037
183044,3,183041
183046,5,183041
183048,7,183041
183050,3,183047
183052,5,183047
183054,7,183047
183056,19,183037
183058,11,183047
183060,13,183047
183062,3,183059
183064,5,183059
183066,7,183059
183068,31,183037
183070,3,183067
183072,5,183067
183074,7,183067
183076,17,183059
183078,11,183067
183080,13,183067
183082,23,183059
183084,17,183067
183086,19,183067
183088,29,183059
183090,23,183067
183092,3,183089
183094,3,183091
183096,5,183091
183098,7,183091
183100,11,183089
183102,11,183091
183104,13,183091
183106,17,183089
183108,17,183091
183110,19,183091
183112,23,183089
183114,23,183091
183116,79,183037
183118,29,183089
183120,29,183091
183122,3,183119
183124,5,183119
183126,7,183119
183128,37,183091
183130,11,183119
183132,13,183119
183134,43,183091
183136,17,183119
183138,19,183119
183140,73,183067
183142,23,183119
183144,53,183091
183146,79,183067
183148,29,183119
183150,31,183119
183152,61,183091
183154,3,183151
183156,5,183151
183158,7,183151
183160,41,183119
183162,11,183151
183164,13,183151
183166,47,183119
183168,17,183151
183170,3,183167
183172,5,183167
183174,7,183167
183176,109,183067
183178,11,183167
183180,13,183167
183182,31,183151
183184,17,183167
183186,19,183167
183188,37,183151
183190,23,183167
183192,41,183151
183194,3,183191
183196,5,183191
183198,7,183191
183200,109,183091
183202,11,183191
183204,13,183191
183206,3,183203
183208,5,183203
183210,7,183203
183212,61,183151
183214,11,183203
183216,13,183203
183218,67,183151
183220,17,183203
183222,19,183203
183224,73,183151
183226,23,183203
183228,37,183191
183230,79,183151
183232,29,183203
183234,31,183203
183236,199,183037
183238,47,183191
183240,37,183203
183242,151,183091
183244,41,183203
183246,43,183203
183248,97,183151
183250,3,183247
183252,5,183247
183254,7,183247
183256,53,183203
183258,11,183247
183260,13,183247
183262,3,183259
183264,5,183259
183266,3,183263
183268,5,183263
183270,7,183263
183272,13,183259
183274,11,183263
183276,13,183263
183278,19,183259
183280,17,183263
183282,19,183263
183284,37,183247
183286,3,183283
183288,5,183283
183290,7,183283
183292,3,183289
183294,5,183289
183296,7,183289
183298,107,183191
183300,11,183289
183302,3,183299
183304,3,183301
183306,5,183301
183308,7,183301
183310,3,183307
183312,5,183307
183314,7,183307
183316,17,183299
183318,11,183307
183320,3,183317
183322,3,183319
183324,5,183319
183326,7,183319
183328,11,183317
183330,11,183319
183332,3,183329
183334,5,183329
183336,7,183329
183338,19,183319
183340,11,183329
183342,13,183329
183344,37,183307
183346,3,183343
183348,5,183343
183350,7,183343
183352,3,183349
183354,5,183349
183356,7,183349
183358,29,183329
183360,11,183349
183362,13,183349
183364,3,183361
183366,5,183361
183368,7,183361
183370,41,183329
183372,11,183361
183374,13,183361
183376,3,183373
183378,5,183373
183380,3,183377
183382,5,183377
183384,7,183377
183386,3,183383
183388,5,183383
183390,7,183383
183392,3,183389
183394,5,183389
183396,7,183389
183398,37,183361
183400,3,183397
183402,5,183397
183404,7,183397
183406,17,183389
183408,11,183397
183410,13,183397
183412,23,183389
183414,17,183397
183416,19,183397
183418,29,183389
183420,23,183397
183422,61,183361
183424,41,183383
183426,29,183397
183428,31,183397
183430,41,183389
183432,43,183389
183434,37,183397
183436,47,183389
183438,41,183397
183440,3,183437
183442,3,183439
183444,5,183439
183446,7,183439
183448,11,183437
183450,11,183439
183452,13,183439
183454,3,183451
183456,5,183451
183458,7,183451
183460,23,183437
183462,11,183451
183464,3,183461
183466,5,183461
183468,7,183461
183470,19,183451
183472,11,183461
183474,13,183461
183476,3,183473
183478,5,183473
183480,7,183473
183482,3,183479
183484,5,183479
183486,7,183479
183488,37,183451
183490,3,183487
183492,5,183487
183494,7,183487
183496,17,183479
183498,11,183487
183500,3,183497
183502,3,183499
183504,5,183499
183506,3,183503
183508,5,183503
183510,7,183503
183512,3,183509
183514,3,183511
183516,5,183511
183518,7,183511
183520,11,183509
183522,11,183511
183524,13,183511
183526,3,183523
183528,5,183523
183530,3,183527
183532,5,183527
183534,7,183527
183536,13,183523
183538,11,183527
183540,13,183527
183542,19,183523
183544,17,183527
183546,19,183527
183548,37,183511
183550,23,183527
183552,29,183523
183554,31,183523
183556,29,183527
183558,31,183527
183560,37,183523
183562,53,183509
183564,37,183527
183566,43,183523
183568,41,183527
183570,43,183527
183572,3,183569
183574,3,183571
183576,5,183571
183578,7,183571
183580,3,183577
183582,5,183577
183584,3,183581
183586,5,183581
183588,7,183581
183590,3,183587
183592,5,183587
183594,7,183587
183596,3,183593
183598,5,183593
183600,7,183593
183602,31,183571
183604,11,183593
183606,13,183593
183608,31,183577
183610,17,183593
183612,19,183593
183614,3,183611
183616,5,183611
183618,7,183611
183620,43,183577
183622,11,183611
183624,13,183611
183626,103,183523
183628,17,183611
183630,19,183611
183632,61,183571
183634,23,183611
183636,43,183593
183638,61,183577
183640,3,183637
183642,5,183637
183644,7,183637
183646,53,183593
183648,11,183637
183650,13,183637
183652,41,183611
183654,17,183637
183656,19,183637
183658,47,183611
183660,23,183637
183662,139,183523
183664,3,183661
183666,5,183661
183668,7,183661
183670,59,183611
183672,11,183661
183674,13,183661
183676,83,183593
183678,17,183661
183680,19,183661
183682,71,183611
183684,23,183661
183686,3,183683
183688,5,183683
183690,7,183683
183692,31,183661
183694,3,183691
183696,5,183691
183698,7,183691
183700,3,183697
183702,5,183697
183704,7,183697
183706,23,183683
183708,11,183697
183710,3,183707
183712,3,183709
183714,5,183709
183716,3,183713
183718,5,183713
183720,7,183713
183722,13,183709
183724,11,183713
183726,13,183713
183728,19,183709
183730,17,183713
183732,19,183713
183734,37,183697
183736,23,183713
183738,29,183709
183740,31,183709
183742,29,183713
183744,31,183713
183746,37,183709
183748,41,183707
183750,37,183713
183752,43,183709
183754,41,183713
183756,43,183713
183758,61,183697
183760,47,183713
183762,53,183709
183764,3,183761
183766,3,183763
183768,5,183763
183770,7,183763
183772,11,183761
183774,11,183763
183776,13,183763
183778,17,183761
183780,17,183763
183782,19,183763
183784,23,183761
183786,23,183763
183788,79,183709
183790,29,183761
183792,29,183763
183794,31,183763
183796,83,183713
183798,37,183761
183800,3,183797
183802,5,183797
183804,7,183797
183806,43,183763
183808,11,183797
183810,13,183797
183812,3,183809
183814,5,183809
183816,7,183809
183818,109,183709
183820,11,183809
183822,13,183809
183824,61,183763
183826,3,183823
183828,5,183823
183830,7,183823
183832,3,183829
183834,5,183829
183836,7,183829
183838,29,183809
183840,11,183829
183842,13,183829
183844,47,183797
183846,17,183829
183848,19,183829
183850,41,183809
183852,23,183829
183854,31,183823
183856,47,183809
183858,29,183829
183860,31,183829
183862,53,183809
183864,41,183823
183866,37,183829
183868,59,183809
183870,41,183829
183872,43,183829
183874,3,183871
183876,5,183871
183878,7,183871
183880,3,183877
183882,5,183877
183884,3,183881
183886,5,183881
183888,7,183881
183890,13,183877
183892,11,183881
183894,13,183881
183896,19,183877
183898,17,183881
183900,19,183881
183902,31,183871
183904,23,183881
183906,29,183877
183908,31,183877
183910,3,183907
183912,5,183907
183914,7,183907
183916,107,183809
183918,11,183907
183920,3,183917
183922,3,183919
183924,5,183919
183926,7,183919
183928,11,183917
183930,11,183919
183932,13,183919
183934,17,183917
183936,17,183919
183938,19,183919
183940,23,183917
183942,23,183919
183944,37,183907
183946,3,183943
183948,5,183943
183950,7,183943
183952,3,183949
183954,5,183949
183956,7,183949
183958,41,183917
183960,11,183949
183962,3,183959
183964,5,183959
183966,7,183959
183968,19,183949
183970,11,183959
183972,13,183959
183974,3,183971
183976,3,183973
183978,5,183973
183980,7,183973
183982,3,183979
183984,5,183979
183986,7,183979
183988,17,183971
183990,11,183979
183992,13,183979
183994,23,183971
183996,17,183979
183998,19,183979
184000,29,183971
184002,23,183979
184004,31,183973
184006,3,184003
184008,5,184003
184010,3,184007
184012,5,184007
184014,7,184007
184016,3,184013
184018,5,184013
184020,7,184013
184022,19,184003
184024,11,184013
184026,13,184013
184028,79,183949
184030,17,184013
184032,19,184013
184034,3,184031
184036,5,184031
184038,7,184031
184040,37,184003
184042,3,184039
184044,5,184039
184046,3,184043
184048,5,184043
184050,7,184043
184052,13,184039
184054,11,184043
184056,13,184043
184058,19,184039
184060,3,184057
184062,5,184057
184064,7,184057
184066,23,184043
184068,11,184057
184070,13,184057
184072,29,184043
184074,17,184057
184076,3,184073
184078,5,184073
184080,7,184073
184082,43,184039
184084,3,184081
184086,5,184081
184088,7,184081
184090,3,184087
184092,5,184087
184094,7,184087
184096,23,184073
184098,11,184087
184100,13,184087
184102,29,184073
184104,17,184087
184106,19,184087
184108,101,184007
184110,23,184087
184112,31,184081
184114,3,184111
184116,5,184111
184118,7,184111
184120,3,184117
184122,5,184117
184124,7,184117
184126,53,184073
184128,11,184117
184130,13,184117
184132,59,184073
184134,17,184117
184136,3,184133
184138,5,184133
184140,7,184133
184142,31,184111
184144,11,184133
184146,13,184133
184148,31,184117
184150,17,184133
184152,19,184133
184154,37,184117
184156,3,184153
184158,5,184153
184160,3,184157
184162,5,184157
184164,7,184157
184166,13,184153
184168,11,184157
184170,13,184157
184172,19,184153
184174,17,184157
184176,19,184157
184178,61,184117
184180,23,184157
184182,29,184153
184184,3,184181
184186,5,184181
184188,7,184181
184190,3,184187
184192,3,184189
184194,5,184189
184196,7,184189
184198,11,184187
184200,11,184189
184202,3,184199
184204,5,184199
184206,7,184199
184208,19,184189
184210,11,184199
184212,13,184199
184214,3,184211
184216,5,184211
184218,7,184211
184220,31,184189
184222,11,184211
184224,13,184211
184226,37,184189
184228,17,184211
184230,19,184211
184232,43,184189
184234,3,184231
184236,5,184231
184238,7,184231
184240,29,184211
184242,11,184231
184244,3,184241
184246,5,184241
184248,7,184241
184250,19,184231
184252,11,184241
184254,13,184241
184256,67,184189
184258,17,184241
184260,19,184241
184262,3,184259
184264,5,184259
184266,7,184259
184268,37,184231
184270,11,184259
184272,13,184259
184274,3,184271
184276,3,184273
184278,5,184273
184280,7,184273
184282,3,184279
184284,5,184279
184286,7,184279
184288,17,184271
184290,11,184279
184292,13,184279
184294,3,184291
184296,5,184291
184298,7,184291
184300,29,184271
184302,11,184291
184304,13,184291
184306,47,184259
184308,17,184291
184310,19,184291
184312,3,184309
184314,5,184309
184316,7,184309
184318,47,184271
184320,11,184309
184322,13,184309
184324,3,184321
184326,5,184321
184328,7,184321
184330,59,184271
184332,11,184321
184334,13,184321
184336,3,184333
184338,5,184333
184340,3,184337
184342,5,184337
184344,7,184337
184346,13,184333
184348,11,184337
184350,13,184337
184352,19,184333
184354,3,184351
184356,5,184351
184358,7,184351
184360,23,184337
184362,11,184351
184364,13,184351
184366,29,184337
184368,17,184351
184370,19,184351
184372,3,184369
184374,5,184369
184376,7,184369
184378,41,184337
184380,11,184369
184382,13,184369
184384,47,184337
184386,17,184369
184388,19,184369
184390,53,184337
184392,23,184369
184394,43,184351
184396,59,184337
184398,29,184369
184400,31,184369
184402,131,184271
184404,53,184351
184406,37,184369
184408,71,184337
184410,41,184369
184412,3,184409
184414,5,184409
184416,7,184409
184418,67,184351
184420,3,184417
184422,5,184417
184424,7,184417
184426,17,184409
184428,11,184417
184430,13,184417
184432,23,184409
184434,17,184417
184436,19,184417
184438,29,184409
184440,23,184417
184442,73,184369
184444,3,184441
184446,5,184441
184448,7,184441
184450,3,184447
184452,5,184447
184454,7,184447
184456,47,184409
184458,11,184447
184460,13,184447
184462,53,184409
184464,17,184447
184466,3,184463
184468,5,184463
184470,7,184463
184472,31,184441
184474,11,184463
184476,13,184463
184478,31,184447
184480,3,184477
184482,5,184477
184484,7,184477
184486,23,184463
184488,11,184477
184490,3,184487
184492,3,184489
184494,5,184489
184496,7,184489
184498,11,184487
184500,11,184489
184502,13,184489
184504,17,184487
184506,17,184489
184508,19,184489
184510,23,184487
184512,23,184489
184514,3,184511
184516,5,184511
184518,7,184511
184520,3,184517
184522,5,184517
184524,7,184517
184526,3,184523
184528,5,184523
184530,7,184523
184532,43,184489
184534,11,184523
184536,13,184523
184538,61,184477
184540,17,184523
184542,19,184523
184544,67,184477
184546,23,184523
184548,31,184517
184550,61,184489
184552,29,184523
184554,31,184523
184556,3,184553
184558,5,184553
184560,7,184553
184562,3,184559
184564,5,184559
184566,7,184559
184568,79,184489
184570,3,184567
184572,5,184567
184574,3,184571
184576,5,184571
184578,7,184571
184580,3,184577
184582,5,184577
184584,7,184577
184586,19,184567
184588,11,184577
184590,13,184577
184592,103,184489
184594,17,184577
184596,19,184577
184598,31,184567
184600,23,184577
184602,31,184571
184604,37,184567
184606,29,184577
184608,31,184577
184610,3,184607
184612,3,184609
184614,5,184609
184616,7,184609
184618,11,184607
184620,11,184609
184622,13,184609
184624,17,184607
184626,17,184609
184628,19,184609
184630,3,184627
184632,5,184627
184634,3,184631
184636,3,184633
184638,5,184633
184640,7,184633
184642,11,184631
184644,11,184633
184646,13,184633
184648,17,184631
184650,17,184633
184652,3,184649
184654,3,184651
184656,5,184651
184658,7,184651
184660,11,184649
184662,11,184651
184664,13,184651
184666,17,184649
184668,17,184651
184670,19,184651
184672,3,184669
184674,5,184669
184676,7,184669
184678,29,184649
184680,11,184669
184682,13,184669
184684,53,184631
184686,17,184669
184688,19,184669
184690,3,184687
184692,5,184687
184694,7,184687
184696,3,184693
184698,5,184693
184700,7,184693
184702,53,184649
184704,11,184693
184706,3,184703
184708,5,184703
184710,7,184703
184712,19,184693
184714,3,184711
184716,5,184711
184718,7,184711
184720,17,184703
184722,11,184711
184724,3,184721
184726,5,184721
184728,7,184721
184730,3,184727
184732,5,184727
184734,7,184727
184736,3,184733
184738,5,184733
184740,7,184733
184742,31,184711
184744,11,184733
184746,13,184733
184748,37,184711
184750,17,184733
184752,19,184733
184754,43,184711
184756,3,184753
184758,5,184753
184760,7,184753
184762,29,184733
184764,11,184753
184766,13,184753
184768,41,184727
184770,17,184753
184772,19,184753
184774,41,184733
184776,23,184753
184778,67,184711
184780,3,184777
184782,5,184777
184784,7,184777
184786,53,184733
184788,11,184777
184790,13,184777
184792,59,184733
184794,17,184777
184796,19,184777
184798,71,184727
184800,23,184777
184802,109,184693
184804,71,184733
184806,29,184777
184808,31,184777
184810,83,184727
184812,59,184753
184814,37,184777
184816,83,184733
184818,41,184777
184820,43,184777
184822,89,184733
184824,47,184777
184826,3,184823
184828,5,184823
184830,7,184823
184832,3,184829
184834,3,184831
184836,5,184831
184838,7,184831
184840,3,184837
184842,5,184837
184844,7,184837
184846,3,184843
184848,5,184843
184850,7,184843
184852,23,184829
184854,11,184843
184856,13,184843
184858,29,184829
184860,17,184843
184862,3,184859
184864,5,184859
184866,7,184859
184868,31,184837
184870,11,184859
184872,13,184859
184874,31,184843
184876,17,184859
184878,19,184859
184880,37,184843
184882,3,184879
184884,5,184879
184886,7,184879
184888,29,184859
184890,11,184879
184892,13,184879
184894,71,184823
184896,17,184879
184898,19,184879
184900,41,184859
184902,23,184879
184904,3,184901
184906,3,184903
184908,5,184903
184910,7,184903
184912,11,184901
184914,11,184903
184916,3,184913
184918,5,184913
184920,7,184913
184922,19,184903
184924,11,184913
184926,13,184913
184928,97,184831
184930,17,184913
184932,19,184913
184934,31,184903
184936,23,184913
184938,37,184901
184940,37,184903
184942,29,184913
184944,31,184913
184946,43,184903
184948,47,184901
184950,37,184913
184952,3,184949
184954,5,184949
184956,7,184949
184958,79,184879
184960,3,184957
184962,5,184957
184964,7,184957
184966,17,184949
184968,11,184957
184970,3,184967
184972,3,184969
184974,5,184969
184976,7,184969
184978,11,184967
184980,11,184969
184982,13,184969
184984,17,184967
184986,17,184969
184988,19,184969
184990,23,184967
184992,23,184969
184994,37,184957
184996,3,184993
184998,5,184993
185000,3,184997
185002,3,184999
185004,5,184999
185006,7,184999
185008,11,184997
185010,11,184999
185012,13,184999
185014,17,184997
185016,17,184999
185018,19,184999
185020,23,184997
185022,23,184999
185024,3,185021
185026,5,185021
185028,7,185021
185030,3,185027
185032,5,185027
185034,7,185027
185036,37,184999
185038,11,185027
185040,13,185027
185042,43,184999
185044,17,185027
185046,19,185027
185048,79,184969
185050,23,185027
185052,31,185021
185054,3,185051
185056,5,185051
185058,7,185051
185060,3,185057
185062,5,185057
185064,7,185057
185066,3,185063
185068,5,185063
185070,7,185063
185072,3,185069
185074,3,185071
185076,5,185071
185078,7,185071
185080,3,185077
185082,5,185077
185084,7,185077
185086,17,185069
185088,11,185077
185090,13,185077
185092,3,185089
185094,5,185089
185096,7,185089
185098,29,185069
185100,11,185089
185102,3,185099
185104,5,185099
185106,7,185099
185108,19,185089
185110,11,185099
185112,13,185099
185114,37,185077
185116,17,185099
185118,19,185099
185120,31,185089
185122,23,185099
185124,47,185077
185126,3,185123
185128,5,185123
185130,7,185123
185132,43,185089
185134,3,185131
185136,5,185131
185138,7,185131
185140,3,185137
185142,5,185137
185144,7,185137
185146,23,185123
185148,11,185137
185150,13,185137
185152,3,185149
185154,5,185149
185156,3,185153
185158,5,185153
185160,7,185153
185162,13,185149
185164,3,185161
185166,5,185161
185168,7,185161
185170,3,185167
185172,5,185167
185174,7,185167
185176,23,185153
185178,11,185167
185180,3,185177
185182,5,185177
185184,7,185177
185186,3,185183
185188,5,185183
185190,7,185183
185192,3,185189
185194,5,185189
185196,7,185189
185198,31,185167
185200,11,185189
185202,13,185189
185204,37,185167
185206,17,185189
185208,19,185189
185210,43,185167
185212,23,185189
185214,31,185183
185216,67,185149
185218,29,185189
185220,31,185189
185222,61,185161
185224,3,185221
185226,5,185221
185228,7,185221
185230,41,185189
185232,11,185221
185234,13,185221
185236,3,185233
185238,5,185233
185240,7,185233
185242,53,185189
185244,11,185233
185246,3,185243
185248,5,185243
185250,7,185243
185252,19,185233
185254,11,185243
185256,13,185243
185258,37,185221
185260,17,185243
185262,19,185243
185264,31,185233
185266,23,185243
185268,47,185221
185270,3,185267
185272,5,185267
185274,7,185267
185276,43,185233
185278,11,185267
185280,13,185267
185282,61,185221
185284,17,185267
185286,19,185267
185288,67,185221
185290,23,185267
185292,59,185233
185294,3,185291
185296,5,185291
185298,7,185291
185300,67,185233
185302,3,185299
185304,5,185299
185306,3,185303
185308,5,185303
185310,7,185303
185312,3,185309
185314,5,185309
185316,7,185309
185318,19,185299
185320,11,185309
185322,13,185309
185324,103,185221
185326,3,185323
185328,5,185323
185330,3,185327
185332,5,185327
185334,7,185327
185336,13,185323
185338,11,185327
185340,13,185327
185342,19,185323
185344,17,185327
185346,19,185327
185348,127,185221
185350,23,185327
185352,29,185323
185354,31,185323
185356,29,185327
185358,31,185327
185360,37,185323
185362,3,185359
185364,5,185359
185366,3,185363
185368,5,185363
185370,7,185363
185372,3,185369
185374,3,185371
185376,5,185371
185378,7,185371
185380,11,185369
185382,11,185371
185384,13,185371
185386,17,185369
185388,17,185371
185390,19,185371
185392,23,185369
185394,23,185371
185396,37,185359
185398,29,185369
185400,29,185371
185402,31,185371
185404,3,185401
185406,5,185401
185408,7,185401
185410,41,185369
185412,11,185401
185414,13,185401
185416,47,185369
185418,17,185401
185420,19,185401
185422,53,185369
185424,23,185401
185426,67,185359
185428,59,185369
185430,29,185401
185432,3,185429
185434,5,185429
185436,7,185429
185438,37,185401
185440,11,185429
185442,13,185429
185444,3,185441
185446,5,185441
185448,7,185441
185450,79,185371
185452,11,185441
185454,13,185441
185456,97,185359
185458,17,185441
185460,19,185441
185462,61,185401
185464,23,185441
185466,37,185429
185468,67,185401
185470,3,185467
185472,5,185467
185474,7,185467
185476,47,185429
185478,11,185467
185480,3,185477
185482,5,185477
185484,7,185477
185486,3,185483
185488,5,185483
185490,7,185483
185492,193,185299
185494,3,185491
185496,5,185491
185498,7,185491
185500,17,185483
185502,11,185491
185504,13,185491
185506,23,185483
185508,17,185491
185510,19,185491
185512,29,185483
185514,23,185491
185516,157,185359
185518,41,185477
185520,29,185491
185522,3,185519
185524,5,185519
185526,7,185519
185528,37,185491
185530,3,185527
185532,5,185527
185534,3,185531
185536,3,185533
185538,5,185533
185540,7,185533
185542,3,185539
185544,5,185539
185546,3,185543
185548,5,185543
185550,7,185543
185552,13,185539
185554,3,185551
185556,5,185551
185558,7,185551
185560,3,185557
185562,5,185557
185564,7,185557
185566,23,185543
185568,11,185557
185570,3,185567
185572,3,185569
185574,5,185569
185576,7,185569
185578,11,185567
185580,11,185569
185582,13,185569
185584,17,185567
185586,17,185569
185588,19,185569
185590,23,185567
185592,23,185569
185594,37,185557
185596,3,185593
185598,5,185593
185600,7,185593
185602,3,185599
185604,5,185599
185606,7,185599
185608,41,185567
185610,11,185599
185612,13,185599
185614,47,185567
185616,17,185599
185618,19,185599
185620,53,185567
185622,23,185599
185624,3,185621
185626,5,185621
185628,7,185621
185630,31,185599
185632,11,185621
185634,13,185621
185636,37,185599
185638,17,185621
185640,19,185621
185642,43,185599
185644,3,185641
185646,5,185641
185648,7,185641
185650,29,185621
185652,11,185641
185654,3,185651
185656,5,185651
185658,7,185651
185660,19,185641
185662,11,185651
185664,13,185651
185666,67,185599
185668,17,185651
185670,19,185651
185672,31,185641
185674,23,185651
185676,83,185593
185678,37,185641
185680,3,185677
185682,5,185677
185684,3,185681
185686,3,185683
185688,5,185683
185690,7,185683
185692,11,185681
185694,11,185683
185696,3,185693
185698,5,185693
185700,7,185693
185702,3,185699
185704,5,185699
185706,7,185699
185708,31,185677
185710,3,185707
185712,5,185707
185714,3,185711
185716,5,185711
185718,7,185711
185720,13,185707
185722,11,185711
185724,13,185711
185726,3,185723
185728,5,185723
185730,7,185723
185732,139,185593
185734,11,185723
185736,13,185723
185738,31,185707
185740,3,185737
185742,5,185737
185744,7,185737
185746,23,185723
185748,11,185737
185750,3,185747
185752,3,185749
185754,5,185749
185756,3,185753
185758,5,185753
185760,7,185753
185762,13,185749
185764,11,185753
185766,13,185753
185768,19,185749
185770,3,185767
185772,5,185767
185774,7,185767
185776,23,185753
185778,11,185767
185780,13,185767
185782,29,185753
185784,17,185767
185786,19,185767
185788,41,185747
185790,23,185767
185792,3,185789
185794,5,185789
185796,7,185789
185798,31,185767
185800,3,185797
185802,5,185797
185804,7,185797
185806,17,185789
185808,11,185797
185810,13,185797
185812,23,185789
185814,17,185797
185816,3,185813
185818,5,185813
185820,7,185813
185822,3,185819
185824,3,185821
185826,5,185821
185828,7,185821
185830,11,185819
185832,11,185821
185834,3,185831
185836,3,185833
185838,5,185833
185840,7,185833
185842,11,185831
185844,11,185833
185846,13,185833
185848,17,185831
185850,17,185833
185852,3,185849
185854,5,185849
185856,7,185849
185858,37,185821
185860,11,185849
185862,13,185849
185864,31,185833
185866,17,185849
185868,19,185849
185870,37,185833
185872,3,185869
185874,5,185869
185876,3,185873
185878,5,185873
185880,7,185873
185882,13,185869
185884,11,185873
185886,13,185873
185888,19,185869
185890,17,185873
185892,19,185873
185894,61,185833
185896,3,185893
185898,5,185893
185900,3,185897
185902,5,185897
185904,7,185897
185906,3,185903
185908,5,185903
185910,7,185903
185912,19,185893
185914,11,185903
185916,13,185903
185918,97,185821
185920,3,185917
185922,5,185917
185924,7,185917
185926,3,185923
185928,5,185923
185930,7,185923
185932,29,185903
185934,11,185923
185936,13,185923
185938,41,185897
185940,17,185923
185942,19,185923
185944,41,185903
185946,23,185923
185948,31,185917
185950,3,185947
185952,5,185947
185954,3,185951
185956,5,185951
185958,7,185951
185960,3,185957
185962,3,185959
185964,5,185959
185966,7,185959
185968,11,185957
185970,11,185959
185972,13,185959
185974,3,185971
185976,5,185971
185978,7,185971
185980,23,185957
185982,11,185971
185984,13,185971
185986,29,185957
185988,17,185971
185990,3,185987
185992,5,185987
185994,7,185987
185996,3,185993
185998,5,185993
186000,7,185993
186002,31,185971
186004,11,185993
186006,13,185993
186008,37,185971
186010,3,186007
186012,5,186007
186014,7,186007
186016,3,186013
186018,5,186013
186020,7,186013
186022,3,186019
186024,5,186019
186026,3,186023
186028,5,186023
186030,7,186023
186032,13,186019
186034,11,186023
186036,13,186023
186038,19,186019
186040,3,186037
186042,5,186037
186044,3,186041
186046,5,186041
186048,7,186041
186050,13,186037
186052,3,186049
186054,5,186049
186056,7,186049
186058,17,186041
186060,11,186049
186062,13,186049
186064,23,186041
186066,17,186049
186068,19,186049
186070,29,186041
186072,23,186049
186074,3,186071
186076,5,186071
186078,7,186071
186080,31,186049
186082,11,186071
186084,13,186071
186086,37,186049
186088,17,186071
186090,19,186071
186092,43,186049
186094,23,186071
186096,47,186049
186098,61,186037
186100,3,186097
186102,5,186097
186104,7,186097
186106,3,186103
186108,5,186103
186110,3,186107
186112,5,186107
186114,7,186107
186116,3,186113
186118,5,186113
186120,7,186113
186122,3,186119
186124,5,186119
186126,7,186119
186128,31,186097
186130,11,186119
186132,13,186119
186134,31,186103
186136,17,186119
186138,19,186119
186140,37,186103
186142,23,186119
186144,31,186113
186146,43,186103
186148,29,186119
186150,31,186119
186152,3,186149
186154,5,186149
186156,7,186149
186158,61,186097
186160,3,186157
186162,5,186157
186164,3,186161
186166,3,186163
186168,5,186163
186170,7,186163
186172,11,186161
186174,11,186163
186176,13,186163
186178,17,186161
186180,17,186163
186182,19,186163
186184,23,186161
186186,23,186163
186188,31,186157
186190,3,186187
186192,5,186187
186194,3,186191
186196,5,186191
186198,7,186191
186200,13,186187
186202,11,186191
186204,13,186191
186206,19,186187
186208,17,186191
186210,19,186191
186212,109,186103
186214,3,186211
186216,5,186211
186218,7,186211
186220,29,186191
186222,11,186211
186224,13,186211
186226,107,186119
186228,17,186211
186230,3,186227
186232,3,186229
186234,5,186229
186236,7,186229
186238,11,186227
186240,11,186229
186242,3,186239
186244,5,186239
186246,7,186239
186248,19,186229
186250,3,186247
186252,5,186247
186254,7,186247
186256,3,186253
186258,5,186253
186260,7,186253
186262,3,186259
186264,5,186259
186266,7,186259
186268,29,186239
186270,11,186259
186272,13,186259
186274,3,186271
186276,5,186271
186278,7,186271
186280,41,186239
186282,11,186271
186284,13,186271
186286,3,186283
186288,5,186283
186290,7,186283
186292,53,186239
186294,11,186283
186296,13,186283
186298,59,186239
186300,17,186283
186302,3,186299
186304,3,186301
186306,5,186301
186308,7,186301
186310,11,186299
186312,11,186301
186314,3,186311
186316,5,186311
186318,7,186311
186320,3,186317
186322,5,186317
186324,7,186317
186326,43,186283
186328,11,186317
186330,13,186317
186332,31,186301
186334,17,186317
186336,19,186317
186338,37,186301
186340,23,186317
186342,31,186311
186344,43,186301
186346,3,186343
186348,5,186343
186350,7,186343
186352,41,186311
186354,11,186343
186356,13,186343
186358,41,186317
186360,17,186343
186362,19,186343
186364,47,186317
186366,23,186343
186368,67,186301
186370,53,186317
186372,29,186343
186374,31,186343
186376,59,186317
186378,61,186317
186380,3,186377
186382,3,186379
186384,5,186379
186386,7,186379
186388,11,186377
186390,11,186379
186392,13,186379
186394,3,186391
186396,5,186391
186398,7,186391
186400,3,186397
186402,5,186397
186404,7,186397
186406,29,186377
186408,11,186397
186410,13,186397
186412,101,186311
186414,17,186397
186416,19,186397
186418,41,186377
186420,23,186397
186422,3,186419
186424,5,186419
186426,7,186419
186428,31,186397
186430,11,186419
186432,13,186419
186434,37,186397
186436,17,186419
186438,19,186419
186440,3,186437
186442,5,186437
186444,7,186437
186446,67,186379
186448,11,186437
186450,13,186437
186452,61,186391
186454,3,186451
186456,5,186451
186458,7,186451
186460,23,186437
186462,11,186451
186464,13,186451
186466,29,186437
186468,17,186451
186470,19,186451
186472,3,186469
186474,5,186469
186476,7,186469
186478,41,186437
186480,11,186469
186482,3,186479
186484,3,186481
186486,5,186481
186488,7,186481
186490,11,186479
186492,11,186481
186494,13,186481
186496,17,186479
186498,17,186481
186500,19,186481
186502,23,186479
186504,23,186481
186506,37,186469
186508,29,186479
186510,29,186481
186512,31,186481
186514,137,186377
186516,37,186479
186518,37,186481
186520,41,186479
186522,41,186481
186524,43,186481
186526,47,186479
186528,47,186481
186530,61,186469
186532,53,186479
186534,53,186481
186536,67,186469
186538,59,186479
186540,59,186481
186542,61,186481
186544,107,186437
186546,67,186479
186548,67,186481
186550,71,186479
186552,71,186481
186554,3,186551
186556,5,186551
186558,7,186551
186560,79,186481
186562,11,186551
186564,13,186551
186566,97,186469
186568,17,186551
186570,19,186551
186572,3,186569
186574,5,186569
186576,7,186569
186578,97,186481
186580,11,186569
186582,13,186569
186584,3,186581
186586,3,186583
186588,5,186583
186590,3,186587
186592,5,186587
186594,7,186587
186596,13,186583
186598,11,186587
186600,13,186587
186602,19,186583
186604,3,186601
186606,5,186601
186608,7,186601
186610,23,186587
186612,11,186601
186614,13,186601
186616,29,186587
186618,17,186601
186620,19,186601
186622,3,186619
186624,5,186619
186626,7,186619
186628,41,186587
186630,11,186619
186632,3,186629
186634,5,186629
186636,7,186629
186638,19,186619
186640,11,186629
186642,13,186629
186644,43,186601
186646,17,186629
186648,19,186629
186650,3,186647
186652,3,186649
186654,5,186649
186656,3,186653
186658,5,186653
186660,7,186653
186662,13,186649
186664,11,186653
186666,13,186653
186668,19,186649
186670,17,186653
186672,19,186653
186674,3,186671
186676,5,186671
186678,7,186671
186680,31,186649
186682,3,186679
186684,5,186679
186686,7,186679
186688,17,186671
186690,11,186679
186692,3,186689
186694,5,186689
186696,7,186689
186698,19,186679
186700,11,186689
186702,13,186689
186704,3,186701
186706,5,186701
186708,7,186701
186710,3,186707
186712,3,186709
186714,5,186709
186716,7,186709
186718,11,186707
186720,11,186709
186722,13,186709
186724,17,186707
186726,17,186709
186728,19,186709
186730,3,186727
186732,5,186727
186734,7,186727
186736,3,186733
186738,5,186733
186740,7,186733
186742,41,186701
186744,11,186733
186746,3,186743
186748,5,186743
186750,7,186743
186752,19,186733
186754,11,186743
186756,13,186743
186758,31,186727
186760,3,186757
186762,5,186757
186764,3,186761
186766,3,186763
186768,5,186763
186770,7,186763
186772,11,186761
186774,11,186763
186776,3,186773
186778,5,186773
186780,7,186773
186782,19,186763
186784,11,186773
186786,13,186773
186788,31,186757
186790,17,186773
186792,19,186773
186794,31,186763
186796,3,186793
186798,5,186793
186800,7,186793
186802,3,186799
186804,5,186799
186806,7,186799
186808,47,186761
186810,11,186799
186812,13,186799
186814,41,186773
186816,17,186799
186818,19,186799
186820,47,186773
186822,23,186799
186824,31,186793
186826,53,186773
186828,29,186799
186830,31,186799
186832,59,186773
186834,41,186793
186836,37,186799
186838,131,186707
186840,41,186799
186842,43,186799
186844,3,186841
186846,5,186841
186848,7,186841
186850,89,186761
186852,11,186841
186854,13,186841
186856,83,186773
186858,17,186841
186860,19,186841
186862,3,186859
186864,5,186859
186866,7,186859
186868,107,186761
186870,11,186859
186872,3,186869
186874,3,186871
186876,5,186871
186878,7,186871
186880,3,186877
186882,5,186877
186884,7,186877
186886,3,186883
186888,5,186883
186890,7,186883
186892,3,186889
186894,5,186889
186896,7,186889
186898,29,186869
186900,11,186889
186902,13,186889
186904,131,186773
186906,17,186889
186908,19,186889
186910,41,186869
186912,23,186889
186914,31,186883
186916,47,186869
186918,29,186889
186920,3,186917
186922,5,186917
186924,7,186917
186926,37,186889
186928,11,186917
186930,13,186917
186932,43,186889
186934,17,186917
186936,19,186917
186938,61,186877
186940,23,186917
186942,53,186889
186944,61,186883
186946,29,186917
186948,31,186917
186950,3,186947
186952,5,186947
186954,7,186947
186956,67,186889
186958,11,186947
186960,13,186947
186962,3,186959
186964,5,186959
186966,7,186959
186968,79,186889
186970,11,186959
186972,13,186959
186974,97,186877
186976,17,186959
186978,19,186959
186980,97,186883
186982,23,186959
186984,37,186947
186986,97,186889
186988,29,186959
186990,31,186959
186992,103,186889
186994,47,186947
186996,37,186959
186998,109,186889
187000,41,186959
187002,43,186959
187004,127,186877
187006,3,187003
187008,5,187003
187010,7,187003
187012,3,187009
187014,5,187009
187016,7,187009
187018,59,186959
187020,11,187009
187022,13,187009
187024,107,186917
187026,17,187009
187028,19,187009
187030,3,187027
187032,5,187027
187034,7,187027
187036,89,186947
187038,11,187027
187040,13,187027
187042,83,186959
187044,17,187027
187046,3,187043
187048,5,187043
187050,7,187043
187052,3,187049
187054,5,187049
187056,7,187049
187058,31,187027
187060,11,187049
187062,13,187049
187064,37,187027
187066,17,187049
187068,19,187049
187070,3,187067
187072,3,187069
187074,5,187069
187076,3,187073
187078,5,187073
187080,7,187073
187082,13,187069
187084,3,187081
187086,5,187081
187088,7,187081
187090,17,187073
187092,11,187081
187094,3,187091
187096,5,187091
187098,7,187091
187100,19,187081
187102,11,187091
187104,13,187091
187106,37,187069
187108,17,187091
187110,19,187091
187112,31,187081
187114,3,187111
187116,5,187111
187118,7,187111
187120,29,187091
187122,11,187111
187124,13,187111
187126,3,187123
187128,5,187123
187130,3,187127
187132,3,187129
187134,5,187129
187136,3,187133
187138,5,187133
187140,7,187133
187142,3,187139
187144,3,187141
187146,5,187141
187148,7,187141
187150,11,187139
187152,11,187141
187154,13,187141
187156,17,187139
187158,17,187141
187160,19,187141
187162,23,187139
187164,23,187141
187166,3,187163
187168,5,187163
187170,7,187163
187172,31,187141
187174,3,187171
187176,5,187171
187178,7,187171
187180,3,187177
187182,5,187177
187184,3,187181
187186,5,187181
187188,7,187181
187190,13,187177
187192,3,187189
187194,5,187189
187196,3,187193
187198,5,187193
187200,7,187193
187202,13,187189
187204,11,187193
187206,13,187193
187208,19,187189
187210,17,187193
187212,19,187193
187214,3,187211
187216,5,187211
187218,7,187211
187220,3,187217
187222,3,187219
187224,5,187219
187226,3,187223
187228,5,187223
187230,7,187223
187232,13,187219
187234,11,187223
187236,13,187223
187238,19,187219
187240,3,187237
187242,5,187237
187244,7,187237
187246,23,187223
187248,11,187237
187250,13,187237
187252,29,187223
187254,17,187237
187256,19,187237
187258,41,187217
187260,23,187237
187262,43,187219
187264,41,187223
187266,29,187237
187268,31,187237
187270,47,187223
187272,53,187219
187274,37,187237
187276,3,187273
187278,5,187273
187280,3,187277
187282,5,187277
187284,7,187277
187286,13,187273
187288,11,187277
187290,13,187277
187292,19,187273
187294,17,187277
187296,19,187277
187298,61,187237
187300,23,187277
187302,29,187273
187304,31,187273
187306,3,187303
187308,5,187303
187310,7,187303
187312,89,187223
187314,11,187303
187316,13,187303
187318,41,187277
187320,17,187303
187322,19,187303
187324,47,187277
187326,23,187303
187328,109,187219
187330,53,187277
187332,29,187303
187334,31,187303
187336,59,187277
187338,61,187277
187340,3,187337
187342,3,187339
187344,5,187339
187346,7,187339
187348,11,187337
187350,11,187339
187352,3,187349
187354,5,187349
187356,7,187349
187358,19,187339
187360,11,187349
187362,13,187349
187364,3,187361
187366,5,187361
187368,7,187361
187370,3,187367
187372,5,187367
187374,7,187367
187376,3,187373
187378,5,187373
187380,7,187373
187382,3,187379
187384,5,187379
187386,7,187379
187388,151,187237
187390,3,187387
187392,5,187387
187394,7,187387
187396,3,187393
187398,5,187393
187400,7,187393
187402,23,187379
187404,11,187393
187406,13,187393
187408,29,187379
187410,17,187393
187412,3,187409
187414,5,187409
187416,7,187409
187418,31,187387
187420,3,187417
187422,5,187417
187424,7,187417
187426,3,187423
187428,5,187423
187430,7,187423
187432,23,187409
187434,11,187423
187436,3,187433
187438,5,187433
187440,7,187433
187442,19,187423
187444,3,187441
187446,5,187441
187448,7,187441
187450,17,187433
187452,11,187441
187454,13,187441
187456,23,187433
187458,17,187441
187460,19,187441
187462,29,187433
187464,23,187441
187466,3,187463
187468,5,187463
187470,7,187463
187472,3,187469
187474,3,187471
187476,5,187471
187478,7,187471
187480,3,187477
187482,5,187477
187484,7,187477
187486,17,187469
187488,11,187477
187490,13,187477
187492,23,187469
187494,17,187477
187496,19,187477
187498,29,187469
187500,23,187477
187502,31,187471
187504,41,187463
187506,29,187477
187508,31,187477
187510,3,187507
187512,5,187507
187514,7,187507
187516,3,187513
187518,5,187513
187520,7,187513
187522,53,187469
187524,11,187513
187526,13,187513
187528,59,187469
187530,17,187513
187532,19,187513
187534,3,187531
187536,5,187531
187538,7,187531
187540,71,187469
187542,11,187531
187544,13,187531
187546,83,187463
187548,17,187531
187550,3,187547
187552,5,187547
187554,7,187547
187556,43,187513
187558,11,187547
187560,13,187547
187562,3,187559
187564,5,187559
187566,7,187559
187568,37,187531
187570,11,187559
187572,13,187559
187574,43,187531
187576,3,187573
187578,5,187573
187580,7,187573
187582,23,187559
187584,11,187573
187586,13,187573
187588,29,187559
187590,17,187573
187592,19,187573
187594,47,187547
187596,23,187573
187598,67,187531
187600,3,187597
187602,5,187597
187604,7,187597
187606,47,187559
187608,11,187597
187610,13,187597
187612,53,187559
187614,17,187597
187616,19,187597
187618,59,187559
187620,23,187597
187622,109,187513
187624,191,187433
187626,29,187597
187628,31,187597
187630,71,187559
187632,59,187573
187634,3,187631
187636,3,187633
187638,5,187633
187640,3,187637
187642,3,187639
187644,5,187639
187646,7,187639
187648,11,187637
187650,11,187639
187652,13,187639
187654,3,187651
187656,5,187651
187658,7,187651
187660,23,187637
187662,11,187651
187664,3,187661
187666,5,187661
187668,7,187661
187670,19,187651
187672,3,187669
187674,5,187669
187676,7,187669
187678,17,187661
187680,11,187669
187682,13,187669
187684,23,187661
187686,17,187669
187688,19,187669
187690,3,187687
187692,5,187687
187694,7,187687
187696,59,187637
187698,11,187687
187700,13,187687
187702,3,187699
187704,5,187699
187706,7,187699
187708,47,187661
187710,11,187699
187712,13,187699
187714,3,187711
187716,5,187711
187718,7,187711
187720,59,187661
187722,11,187711
187724,3,187721
187726,5,187721
187728,7,187721
187730,19,187711
187732,11,187721
187734,13,187721
187736,37,187699
187738,17,187721
187740,19,187721
187742,31,187711
187744,23,187721
187746,47,187699
187748,37,187711
187750,29,187721
187752,31,187721
187754,3,187751
187756,5,187751
187758,7,187751
187760,61,187699
187762,11,187751
187764,13,187751
187766,3,187763
187768,5,187763
187770,7,187763
187772,61,187711
187774,11,187763
187776,13,187763
187778,67,187711
187780,17,187763
187782,19,187763
187784,73,187711
187786,23,187763
187788,37,187751
187790,3,187787
187792,5,187787
187794,7,187787
187796,3,187793
187798,5,187793
187800,7,187793
187802,103,187699
187804,11,187793
187806,13,187793
187808,97,187711
187810,17,187793
187812,19,187793
187814,103,187711
187816,23,187793
187818,31,187787
187820,109,187711
187822,29,187793
187824,31,187793
187826,3,187823
187828,5,187823
187830,7,187823
187832,163,187669
187834,11,187823
187836,13,187823
187838,127,187711
187840,17,187823
187842,19,187823
187844,157,187687
187846,3,187843
187848,5,187843
187850,7,187843
187852,29,187823
187854,11,187843
187856,13,187843
187858,71,187787
187860,17,187843
187862,19,187843
187864,3,187861
187866,5,187861
187868,7,187861
187870,47,187823
187872,11,187861
187874,3,187871
187876,5,187871
187878,7,187871
187880,3,187877
187882,5,187877
187884,7,187877
187886,3,187883
187888,5,187883
187890,7,187883
187892,31,187861
187894,11,187883
187896,13,187883
187898,37,187861
187900,3,187897
187902,5,187897
187904,7,187897
187906,23,187883
187908,11,187897
187910,3,187907
187912,3,187909
187914,5,187909
187916,7,187909
187918,11,187907
187920,11,187909
187922,13,187909
187924,3,187921
187926,5,187921
187928,7,187921
187930,3,187927
187932,5,187927
187934,3,187931
187936,5,187931
187938,7,187931
187940,13,187927
187942,11,187931
187944,13,187931
187946,19,187927
187948,17,187931
187950,19,187931
187952,31,187921
187954,3,187951
187956,5,187951
187958,7,187951
187960,29,187931
187962,11,187951
187964,13,187951
187966,3,187963
187968,5,187963
187970,7,187963
187972,41,187931
187974,11,187963
187976,3,187973
187978,5,187973
187980,7,187973
187982,19,187963
187984,11,187973
187986,13,187973
187988,37,187951
187990,3,187987
187992,5,187987
187994,7,187987
187996,23,187973
187998,11,187987
188000,13,187987
188002,29,187973
188004,17,187987
188006,19,187987
188008,101,187907
188010,23,187987
188012,61,187951
188014,3,188011
188016,5,188011
188018,7,188011
188020,3,188017
188022,5,188017
188024,3,188021
188026,5,188021
188028,7,188021
188030,13,188017
188032,3,188029
188034,5,188029
188036,7,188029
188038,17,188021
188040,11,188029
188042,13,188029
188044,23,188021
188046,17,188029
188048,19,188029
188050,29,188021
188052,23,188029
188054,37,188017
188056,83,187973
188058,29,188029
188060,31,188029
188062,41,188021
188064,43,188021
188066,37,188029
188068,47,188021
188070,41,188029
188072,43,188029
188074,53,188021
188076,47,188029
188078,61,188017
188080,59,188021
188082,53,188029
188084,67,188017
188086,113,187973
188088,59,188029
188090,61,188029
188092,71,188021
188094,73,188021
188096,67,188029
188098,167,187931
188100,71,188029
188102,73,188029
188104,83,188021
188106,89,188017
188108,79,188029
188110,3,188107
188112,5,188107
188114,7,188107
188116,233,187883
188118,11,188107
188120,13,188107
188122,101,188021
188124,17,188107
188126,19,188107
188128,107,188021
188130,23,188107
188132,103,188029
188134,113,188021
188136,29,188107
188138,31,188107
188140,3,188137
188142,5,188137
188144,7,188137
188146,3,188143
188148,5,188143
188150,3,188147
188152,5,188147
188154,7,188147
188156,13,188143
188158,11,188147
188160,13,188147
188162,3,188159
188164,5,188159
188166,7,188159
188168,31,188137
188170,11,188159
188172,13,188159
188174,3,188171
188176,5,188171
188178,7,188171
188180,37,188143
188182,3,188179
188184,5,188179
188186,7,188179
188188,17,188171
188190,11,188179
188192,3,188189
188194,5,188189
188196,7,188189
188198,19,188179
188200,3,188197
188202,5,188197
188204,7,188197
188206,17,188189
188208,11,188197
188210,13,188197
188212,23,188189
188214,17,188197
188216,19,188197
188218,29,188189
188220,23,188197
188222,43,188179
188224,53,188171
188226,29,188197
188228,31,188197
188230,41,188189
188232,43,188189
188234,37,188197
188236,47,188189
188238,41,188197
188240,43,188197
188242,53,188189
188244,47,188197
188246,67,188179
188248,59,188189
188250,53,188197
188252,3,188249
188254,5,188249
188256,7,188249
188258,61,188197
188260,11,188249
188262,13,188249
188264,3,188261
188266,5,188261
188268,7,188261
188270,73,188197
188272,11,188261
188274,13,188261
188276,3,188273
188278,5,188273
188280,7,188273
188282,103,188179
188284,3,188281
188286,5,188281
188288,7,188281
188290,17,188273
188292,11,188281
188294,3,188291
188296,5,188291
188298,7,188291
188300,19,188281
188302,3,188299
188304,5,188299
188306,3,188303
188308,5,188303
188310,7,188303
188312,13,188299
188314,3,188311
188316,5,188311
188318,7,188311
188320,3,188317
188322,5,188317
188324,7,188317
188326,3,188323
188328,5,188323
188330,7,188323
188332,29,188303
188334,11,188323
188336,3,188333
188338,5,188333
188340,7,188333
188342,19,188323
188344,11,188333
188346,13,188333
188348,31,188317
188350,17,188333
188352,19,188333
188354,3,188351
188356,5,188351
188358,7,188351
188360,37,188323
188362,3,188359
188364,5,188359
188366,7,188359
188368,17,188351
188370,11,188359
188372,3,188369
188374,5,188369
188376,7,188369
188378,19,188359
188380,11,188369
188382,13,188369
188384,61,188323
188386,17,188369
188388,19,188369
188390,31,188359
188392,3,188389
188394,5,188389
188396,7,188389
188398,29,188369
188400,11,188389
188402,13,188389
188404,3,188401
188406,5,188401
188408,7,188401
188410,3,188407
188412,5,188407
188414,7,188407
188416,47,188369
188418,11,188407
188420,3,188417
188422,5,188417
188424,7,188417
188426,19,188407
188428,11,188417
188430,13,188417
188432,31,188401
188434,3,188431
188436,5,188431
188438,7,188431
188440,3,188437
188442,5,188437
188444,7,188437
188446,3,188443
188448,5,188443
188450,7,188443
188452,83,188369
188454,11,188443
188456,13,188443
188458,41,188417
188460,17,188443
188462,3,188459
188464,5,188459
188466,7,188459
188468,31,188437
188470,11,188459
188472,13,188459
188474,31,188443
188476,3,188473
188478,5,188473
188480,7,188473
188482,23,188459
188484,11,188473
188486,3,188483
188488,5,188483
188490,7,188483
188492,19,188473
188494,3,188491
188496,5,188491
188498,7,188491
188500,17,188483
188502,11,188491
188504,13,188491
188506,23,188483
188508,17,188491
188510,19,188491
188512,29,188483
188514,23,188491
188516,43,188473
188518,59,188459
188520,29,188491
188522,3,188519
188524,5,188519
188526,7,188519
188528,37,188491
188530,3,188527
188532,5,188527
188534,7,188527
188536,3,188533
188538,5,188533
188540,7,188533
188542,23,188519
188544,11,188533
188546,13,188533
188548,29,188519
188550,17,188533
188552,19,188533
188554,71,188483
188556,23,188533
188558,31,188527
188560,41,188519
188562,29,188533
188564,31,188533
188566,3,188563
188568,5,188563
188570,7,188563
188572,53,188519
188574,11,188563
188576,13,188563
188578,59,188519
188580,17,188563
188582,3,188579
188584,5,188579
188586,7,188579
188588,61,188527
188590,11,188579
188592,13,188579
188594,31,188563
188596,17,188579
188598,19,188579
188600,37,188563
188602,23,188579
188604,41,188563
188606,3,188603
188608,5,188603
188610,7,188603
188612,3,188609
188614,5,188609
188616,7,188609
188618,127,188491
188620,11,188609
188622,13,188609
188624,3,188621
188626,5,188621
188628,7,188621
188630,67,188563
188632,11,188621
188634,13,188621
188636,3,188633
188638,5,188633
188640,7,188633
188642,79,188563
188644,11,188633
188646,13,188633
188648,157,188491
188650,17,188633
188652,19,188633
188654,127,188527
188656,3,188653
188658,5,188653
188660,7,188653
188662,29,188633
188664,11,188653
188666,13,188653
188668,47,188621
188670,17,188653
188672,19,188653
188674,41,188633
188676,23,188653
188678,151,188527
188680,3,188677
188682,5,188677
188684,3,188681
188686,5,188681
188688,7,188681
188690,3,188687
188692,5,188687
188694,7,188687
188696,3,188693
188698,5,188693
188700,7,188693
188702,139,188563
188704,3,188701
188706,5,188701
188708,7,188701
188710,3,188707
188712,5,188707
188714,3,188711
188716,5,188711
188718,7,188711
188720,13,188707
188722,3,188719
188724,5,188719
188726,7,188719
188728,17,188711
188730,11,188719
188732,3,188729
188734,5,188729
188736,7,188729
188738,19,188719
188740,11,188729
188742,13,188729
188744,37,188707
188746,17,188729
188748,19,188729
188750,31,188719
188752,23,188729
188754,43,188711
188756,3,188753
188758,5,188753
188760,7,188753
188762,43,188719
188764,11,188753
188766,13,188753
188768,61,188707
188770,3,188767
188772,5,188767
188774,7,188767
188776,23,188753
188778,11,188767
188780,13,188767
188782,3,188779
188784,5,188779
188786,7,188779
188788,59,188729
188790,11,188779
188792,13,188779
188794,3,188791
188796,5,188791
188798,7,188791
188800,47,188753
188802,11,188791
188804,3,188801
188806,5,188801
188808,7,188801
188810,19,188791
188812,11,188801
188814,13,188801
188816,37,188779
188818,17,188801
188820,19,188801
188822,31,188791
188824,23,188801
188826,47,188779
188828,37,188791
188830,3,188827
188832,5,188827
188834,3,188831
188836,3,188833
188838,5,188833
188840,7,188833
188842,11,188831
188844,11,188833
188846,3,188843
188848,5,188843
188850,7,188843
188852,19,188833
188854,11,188843
188856,13,188843
188858,31,188827
188860,3,188857
188862,5,188857
188864,3,188861
188866,3,188863
188868,5,188863
188870,7,188863
188872,3,188869
188874,5,188869
188876,7,188869
188878,17,188861
188880,11,188869
188882,13,188869
188884,23,188861
188886,17,188869
188888,19,188869
188890,29,188861
188892,23,188869
188894,3,188891
188896,5,188891
188898,7,188891
188900,31,188869
188902,11,188891
188904,13,188891
188906,37,188869
188908,17,188891
188910,19,188891
188912,43,188869
188914,3,188911
188916,5,188911
188918,7,188911
188920,29,188891
188922,11,188911
188924,13,188911
188926,83,188843
188928,17,188911
188930,3,188927
188932,5,188927
188934,7,188927
188936,3,188933
188938,5,188933
188940,7,188933
188942,3,188939
188944,3,188941
188946,5,188941
188948,7,188941
188950,11,188939
188952,11,188941
188954,13,188941
188956,3,188953
188958,5,188953
188960,3,188957
188962,5,188957
188964,7,188957
188966,13,188953
188968,11,188957
188970,13,188957
188972,19,188953
188974,17,188957
188976,19,188957
188978,37,188941
188980,23,188957
188982,29,188953
188984,31,188953
188986,3,188983
188988,5,188983
188990,7,188983
188992,53,188939
188994,11,188983
188996,13,188983
188998,41,188957
189000,17,188983
189002,3,188999
189004,5,188999
189006,7,188999
189008,67,188941
189010,11,188999
189012,13,188999
189014,3,189011
189016,5,189011
189018,7,189011
189020,3,189017
189022,3,189019
189024,5,189019
189026,7,189019
189028,11,189017
189030,11,189019
189032,13,189019
189034,17,189017
189036,17,189019
189038,19,189019
189040,23,189017
189042,23,189019
189044,3,189041
189046,3,189043
189048,5,189043
189050,7,189043
189052,11,189041
189054,11,189043
189056,13,189043
189058,17,189041
189060,17,189043
189062,19,189043
189064,3,189061
189066,5,189061
189068,7,189061
189070,3,189067
189072,5,189067
189074,7,189067
189076,59,189017
189078,11,189067
189080,13,189067
189082,41,189041
189084,17,189067
189086,19,189067
189088,47,189041
189090,23,189067
189092,31,189061
189094,53,189041
189096,29,189067
189098,31,189067
189100,59,189041
189102,41,189061
189104,37,189067
189106,89,189017
189108,41,189067
189110,43,189067
189112,71,189041
189114,47,189067
189116,73,189043
189118,101,189017
189120,53,189067
189122,61,189061
189124,83,189041
189126,59,189067
189128,61,189067
189130,3,189127
189132,5,189127
189134,7,189127
189136,137,188999
189138,11,189127
189140,13,189127
189142,3,189139
189144,5,189139
189146,7,189139
189148,107,189041
189150,11,189139
189152,3,189149
189154,3,189151
189156,5,189151
189158,7,189151
189160,11,189149
189162,11,189151
189164,13,189151
189166,17,189149
189168,17,189151
189170,19,189151
189172,3,189169
189174,5,189169
189176,7,189169
189178,29,189149
189180,11,189169
189182,13,189169
189184,167,189017
189186,17,189169
189188,19,189169
189190,3,189187
189192,5,189187
189194,7,189187
189196,47,189149
189198,11,189187
189200,13,189187
189202,3,189199
189204,5,189199
189206,7,189199
189208,59,189149
189210,11,189199
189212,13,189199
189214,173,189041
189216,17,189199
189218,19,189199
189220,71,189149
189222,23,189199
189224,37,189187
189226,3,189223
189228,5,189223
189230,7,189223
189232,3,189229
189234,5,189229
189236,7,189229
189238,89,189149
189240,11,189229
189242,3,189239
189244,5,189239
189246,7,189239
189248,19,189229
189250,11,189239
189252,13,189239
189254,3,189251
189256,3,189253
189258,5,189253
189260,3,189257
189262,5,189257
189264,7,189257
189266,13,189253
189268,11,189257
189270,13,189257
189272,19,189253
189274,3,189271
189276,5,189271
189278,7,189271
189280,23,189257
189282,11,189271
189284,13,189271
189286,29,189257
189288,17,189271
189290,19,189271
189292,41,189251
189294,23,189271
189296,43,189253
189298,41,189257
189300,29,189271
189302,31,189271
189304,47,189257
189306,53,189253
189308,37,189271
189310,3,189307
189312,5,189307
189314,3,189311
189316,5,189311
189318,7,189311
189320,13,189307
189322,11,189311
189324,13,189311
189326,19,189307
189328,17,189311
189330,19,189311
189332,61,189271
189334,23,189311
189336,29,189307
189338,31,189307
189340,3,189337
189342,5,189337
189344,7,189337
189346,89,189257
189348,11,189337
189350,3,189347
189352,3,189349
189354,5,189349
189356,3,189353
189358,5,189353
189360,7,189353
189362,13,189349
189364,3,189361
189366,5,189361
189368,7,189361
189370,17,189353
189372,11,189361
189374,13,189361
189376,23,189353
189378,17,189361
189380,3,189377
189382,5,189377
189384,7,189377
189386,37,189349
189388,11,189377
189390,13,189377
189392,3,189389
189394,3,189391
189396,5,189391
189398,7,189391
189400,11,189389
189402,11,189391
189404,3,189401
189406,5,189401
189408,7,189401
189410,3,189407
189412,5,189407
189414,7,189407
189416,67,189349
189418,11,189407
189420,13,189407
189422,31,189391
189424,3,189421
189426,5,189421
189428,7,189421
189430,23,189407
189432,11,189421
189434,13,189421
189436,3,189433
189438,5,189433
189440,3,189437
189442,3,189439
189444,5,189439
189446,7,189439
189448,11,189437
189450,11,189439
189452,13,189439
189454,17,189437
189456,17,189439
189458,19,189439
189460,23,189437
189462,23,189439
189464,31,189433
189466,3,189463
189468,5,189463
189470,3,189467
189472,5,189467
189474,7,189467
189476,3,189473
189478,5,189473
189480,7,189473
189482,3,189479
189484,5,189479
189486,7,189479
189488,67,189421
189490,11,189479
189492,13,189479
189494,3,189491
189496,3,189493
189498,5,189493
189500,7,189493
189502,11,189491
189504,11,189493
189506,13,189493
189508,17,189491
189510,17,189493
189512,3,189509
189514,5,189509
189516,7,189509
189518,79,189439
189520,3,189517
189522,5,189517
189524,7,189517
189526,3,189523
189528,5,189523
189530,7,189523
189532,3,189529
189534,5,189529
189536,7,189529
189538,29,189509
189540,11,189529
189542,13,189529
189544,53,189491
189546,17,189529
189548,19,189529
189550,3,189547
189552,5,189547
189554,7,189547
189556,47,189509
189558,11,189547
189560,13,189547
189562,3,189559
189564,5,189559
189566,7,189559
189568,59,189509
189570,11,189559
189572,13,189559
189574,83,189491
189576,17,189559
189578,19,189559
189580,71,189509
189582,23,189559
189584,37,189547
189586,3,189583
189588,5,189583
189590,7,189583
189592,83,189509
189594,11,189583
189596,3,189593
189598,5,189593
189600,7,189593
189602,3,189599
189604,5,189599
189606,7,189599
189608,61,189547
189610,11,189599
189612,13,189599
189614,31,189583
189616,3,189613
189618,5,189613
189620,3,189617
189622,3,189619
189624,5,189619
189626,7,189619
189628,11,189617
189630,11,189619
189632,13,189619
189634,17,189617
189636,17,189619
189638,19,189619
189640,23,189617
189642,23,189619
189644,31,189613
189646,3,189643
189648,5,189643
189650,7,189643
189652,53,189599
189654,11,189643
189656,3,189653
189658,5,189653
189660,7,189653
189662,19,189643
189664,3,189661
189666,5,189661
189668,7,189661
189670,17,189653
189672,11,189661
189674,3,189671
189676,5,189671
189678,7,189671
189680,19,189661
189682,11,189671
189684,13,189671
189686,43,189643
189688,17,189671
189690,19,189671
189692,31,189661
189694,3,189691
189696,5,189691
189698,7,189691
189700,3,189697
189702,5,189697
189704,3,189701
189706,5,189701
189708,7,189701
189710,13,189697
189712,11,189701
189714,13,189701
189716,3,189713
189718,5,189713
189720,7,189713
189722,31,189691
189724,11,189713
189726,13,189713
189728,31,189697
189730,17,189713
189732,19,189713
189734,37,189697
189736,3,189733
189738,5,189733
189740,7,189733
189742,29,189713
189744,11,189733
189746,3,189743
189748,5,189743
189750,7,189743
189752,19,189733
189754,11,189743
189756,13,189743
189758,61,189697
189760,3,189757
189762,5,189757
189764,7,189757
189766,23,189743
189768,11,189757
189770,3,189767
189772,5,189767
189774,7,189767
189776,19,189757
189778,11,189767
189780,13,189767
189782,139,189643
189784,17,189767
189786,19,189767
189788,31,189757
189790,23,189767
189792,59,189733
189794,37,189757
189796,29,189767
189798,31,189767
189800,3,189797
189802,3,189799
189804,5,189799
189806,7,189799
189808,11,189797
189810,11,189799
189812,13,189799
189814,17,189797
189816,17,189799
189818,19,189799
189820,3,189817
189822,5,189817
189824,7,189817
189826,3,189823
189828,5,189823
189830,7,189823
189832,89,189743
189834,11,189823
189836,13,189823
189838,41,189797
189840,17,189823
189842,19,189823
189844,47,189797
189846,23,189823
189848,31,189817
189850,53,189797
189852,29,189823
189854,3,189851
189856,3,189853
189858,5,189853
189860,7,189853
189862,3,189859
189864,5,189859
189866,7,189859
189868,17,189851
189870,11,189859
189872,13,189859
189874,23,189851
189876,17,189859
189878,19,189859
189880,3,189877
189882,5,189877
189884,3,189881
189886,5,189881
189888,7,189881
189890,3,189887
189892,5,189887
189894,7,189887
189896,19,189877
189898,11,189887
189900,13,189887
189902,43,189859
189904,3,189901
189906,5,189901
189908,7,189901
189910,23,189887
189912,11,189901
189914,13,189901
189916,3,189913
189918,5,189913
189920,7,189913
189922,41,189881
189924,11,189913
189926,13,189913
189928,41,189887
189930,17,189913
189932,3,189929
189934,5,189929
189936,7,189929
189938,37,189901
189940,11,189929
189942,13,189929
189944,31,189913
189946,17,189929
189948,19,189929
189950,3,189947
189952,3,189949
189954,5,189949
189956,7,189949
189958,11,189947
189960,11,189949
189962,13,189949
189964,3,189961
189966,5,189961
189968,7,189961
189970,3,189967
189972,5,189967
189974,7,189967
189976,29,189947
189978,11,189967
189980,3,189977
189982,5,189977
189984,7,189977
189986,3,189983
189988,5,189983
189990,7,189983
189992,3,189989
189994,5,189989
189996,7,189989
189998,31,189967
190000,3,189997
190002,5,189997
190004,7,189997
190006,17,189989
190008,11,189997
190010,13,189997
190012,23,189989
190014,17,189997
190016,19,189997
190018,29,189989
190020,23,189997
190022,61,189961
190024,41,189983
190026,29,189997
190028,31,189997
190030,3,190027
190032,5,190027
190034,3,190031
190036,5,190031
190038,7,190031
190040,13,190027
190042,11,190031
190044,13,190031
190046,19,190027
190048,17,190031
190050,19,190031
190052,103,189949
190054,3,190051
190056,5,190051
190058,7,190051
190060,29,190031
190062,11,190051
190064,13,190051
190066,3,190063
190068,5,190063
190070,7,190063
190072,41,190031
190074,11,190063
190076,13,190063
190078,47,190031
190080,17,190063
190082,19,190063
190084,53,190031
190086,23,190063
190088,37,190051
190090,59,190031
190092,29,190063
190094,31,190063
190096,3,190093
190098,5,190093
190100,3,190097
190102,5,190097
190104,7,190097
190106,13,190093
190108,11,190097
190110,13,190097
190112,19,190093
190114,17,190097
190116,19,190097
190118,67,190051
190120,23,190097
190122,29,190093
190124,3,190121
190126,5,190121
190128,7,190121
190130,37,190093
190132,3,190129
190134,5,190129
190136,7,190129
190138,17,190121
190140,11,190129
190142,13,190129
190144,23,190121
190146,17,190129
190148,19,190129
190150,3,190147
190152,5,190147
190154,7,190147
190156,59,190097
190158,11,190147
190160,13,190147
190162,3,190159
190164,5,190159
190166,7,190159
190168,47,190121
190170,11,190159
190172,13,190159
190174,53,190121
190176,17,190159
190178,19,190159
190180,59,190121
190182,23,190159
190184,3,190181
190186,5,190181
190188,7,190181
190190,31,190159
190192,11,190181
190194,13,190181
190196,37,190159
190198,17,190181
190200,19,190181
190202,43,190159
190204,23,190181
190206,47,190159
190208,61,190147
190210,3,190207
190212,5,190207
190214,7,190207
190216,227,189989
190218,11,190207
190220,13,190207
190222,41,190181
190224,17,190207
190226,19,190207
190228,47,190181
190230,23,190207
190232,73,190159
190234,53,190181
190236,29,190207
190238,31,190207
190240,59,190181
190242,61,190181
190244,37,190207
190246,3,190243
190248,5,190243
190250,7,190243
190252,3,190249
190254,5,190249
190256,7,190249
190258,137,190121
190260,11,190249
190262,13,190249
190264,3,190261
190266,5,190261
190268,7,190261
190270,89,190181
190272,11,190261
190274,3,190271
190276,5,190271
190278,7,190271
190280,19,190261
190282,11,190271
190284,13,190271
190286,3,190283
190288,5,190283
190290,7,190283
190292,31,190261
190294,11,190283
190296,13,190283
190298,37,190261
190300,3,190297
190302,5,190297
190304,3,190301
190306,5,190301
190308,7,190301
190310,13,190297
190312,11,190301
190314,13,190301
190316,3,190313
190318,5,190313
190320,7,190313
190322,61,190261
190324,3,190321
190326,5,190321
190328,7,190321
190330,17,190313
190332,11,190321
190334,3,190331
190336,5,190331
190338,7,190331
190340,19,190321
190342,3,190339
190344,5,190339
190346,7,190339
190348,17,190331
190350,11,190339
190352,13,190339
190354,23,190331
190356,17,190339
190358,19,190339
190360,3,190357
190362,5,190357
190364,7,190357
190366,53,190313
190368,11,190357
190370,3,190367
190372,3,190369
190374,5,190369
190376,7,190369
190378,11,190367
190380,11,190369
190382,13,190369
190384,17,190367
190386,17,190369
190388,19,190369
190390,3,190387
190392,5,190387
190394,3,190391
190396,5,190391
190398,7,190391
190400,13,190387
190402,11,190391
190404,13,190391
190406,3,190403
190408,5,190403
190410,7,190403
190412,3,190409
190414,5,190409
190416,7,190409
190418,31,190387
190420,11,190409
190422,13,190409
190424,37,190387
190426,17,190409
190428,19,190409
190430,43,190387
190432,23,190409
190434,31,190403
190436,67,190369
190438,29,190409
190440,31,190409
190442,73,190369
190444,41,190403
190446,37,190409
190448,61,190387
190450,41,190409
190452,43,190409
190454,67,190387
190456,47,190409
190458,67,190391
190460,73,190387
190462,53,190409
190464,61,190403
190466,79,190387
190468,59,190409
190470,61,190409
190472,103,190369
190474,3,190471
190476,5,190471
190478,7,190471
190480,71,190409
190482,11,190471
190484,13,190471
190486,83,190403
190488,17,190471
190490,19,190471
190492,83,190409
190494,23,190471
190496,109,190387
190498,89,190409
190500,29,190471
190502,31,190471
190504,101,190403
190506,97,190409
190508,37,190471
190510,3,190507
190512,5,190507
190514,7,190507
190516,107,190409
190518,11,190507
190520,13,190507
190522,113,190409
190524,17,190507
190526,3,190523
190528,5,190523
190530,7,190523
190532,3,190529
190534,5,190529
190536,7,190529
190538,31,190507
190540,3,190537
190542,5,190537
190544,7,190537
190546,3,190543
190548,5,190543
190550,7,190543
190552,23,190529
190554,11,190543
190556,13,190543
190558,29,190529
190560,17,190543
190562,19,190543
190564,41,190523
190566,23,190543
190568,31,190537
190570,41,190529
190572,29,190543
190574,31,190543
190576,3,190573
190578,5,190573
190580,3,190577
190582,3,190579
190584,5,190579
190586,3,190583
190588,5,190583
190590,7,190583
190592,13,190579
190594,3,190591
190596,5,190591
190598,7,190591
190600,17,190583
190602,11,190591
190604,13,190591
190606,23,190583
190608,17,190591
190610,3,190607
190612,5,190607
190614,7,190607
190616,3,190613
190618,5,190613
190620,7,190613
190622,31,190591
190624,11,190613
190626,13,190613
190628,37,190591
190630,17,190613
190632,19,190613
190634,43,190591
190636,3,190633
190638,5,190633
190640,7,190633
190642,3,190639
190644,5,190639
190646,7,190639
190648,41,190607
190650,11,190639
190652,3,190649
190654,5,190649
190656,7,190649
190658,19,190639
190660,3,190657
190662,5,190657
190664,7,190657
190666,17,190649
190668,11,190657
190670,3,190667
190672,3,190669
190674,5,190669
190676,7,190669
190678,11,190667
190680,11,190669
190682,13,190669
190684,17,190667
190686,17,190669
190688,19,190669
190690,23,190667
190692,23,190669
190694,37,190657
190696,29,190667
190698,29,190669
190700,31,190669
190702,3,190699
190704,5,190699
190706,7,190699
190708,41,190667
190710,11,190699
190712,3,190709
190714,3,190711
190716,5,190711
190718,7,190711
190720,3,190717
190722,5,190717
190724,7,190717
190726,17,190709
190728,11,190717
190730,13,190717
190732,23,190709
190734,17,190717
190736,19,190717
190738,29,190709
190740,23,190717
190742,31,190711
190744,131,190613
190746,29,190717
190748,31,190717
190750,41,190709
190752,41,190711
190754,37,190717
190756,3,190753
190758,5,190753
190760,7,190753
190762,3,190759
190764,5,190759
190766,3,190763
190768,5,190763
190770,7,190763
190772,3,190769
190774,5,190769
190776,7,190769
190778,19,190759
190780,11,190769
190782,13,190769
190784,31,190753
190786,3,190783
190788,5,190783
190790,3,190787
190792,5,190787
190794,7,190787
190796,3,190793
190798,5,190793
190800,7,190793
190802,19,190783
190804,11,190793
190806,13,190793
190808,97,190711
190810,3,190807
190812,5,190807
190814,3,190811
190816,5,190811
190818,7,190811
190820,13,190807
190822,11,190811
190824,13,190811
190826,3,190823
190828,5,190823
190830,7,190823
190832,3,190829
190834,5,190829
190836,7,190829
190838,31,190807
190840,3,190837
190842,5,190837
190844,7,190837
190846,3,190843
190848,5,190843
190850,7,190843
190852,23,190829
190854,11,190843
190856,13,190843
190858,29,190829
190860,17,190843
190862,19,190843
190864,41,190823
190866,23,190843
190868,31,190837
190870,41,190829
190872,29,190843
190874,3,190871
190876,5,190871
190878,7,190871
190880,37,190843
190882,11,190871
190884,13,190871
190886,43,190843
190888,17,190871
190890,19,190871
190892,3,190889
190894,3,190891
190896,5,190891
190898,7,190891
190900,11,190889
190902,11,190891
190904,3,190901
190906,5,190901
190908,7,190901
190910,19,190891
190912,3,190909
190914,5,190909
190916,3,190913
190918,5,190913
190920,7,190913
190922,13,190909
190924,3,190921
190926,5,190921
190928,7,190921
190930,17,190913
190932,11,190921
190934,13,190921
190936,23,190913
190938,17,190921
190940,19,190921
190942,29,190913
190944,23,190921
190946,37,190909
190948,47,190901
190950,29,190921
190952,31,190921
190954,41,190913
190956,43,190913
190958,37,190921
190960,47,190913
190962,41,190921
190964,43,190921
190966,53,190913
190968,47,190921
190970,61,190909
190972,59,190913
190974,53,190921
190976,67,190909
190978,89,190889
190980,59,190921
190982,3,190979
190984,5,190979
190986,7,190979
190988,67,190921
190990,11,190979
190992,13,190979
190994,73,190921
190996,17,190979
190998,19,190979
191000,3,190997
191002,5,190997
191004,7,190997
191006,97,190909
191008,11,190997
191010,13,190997
191012,103,190909
191014,17,190997
191016,19,190997
191018,97,190921
191020,23,190997
191022,43,190979
191024,3,191021
191026,5,191021
191028,7,191021
191030,3,191027
191032,5,191027
191034,7,191027
191036,3,191033
191038,5,191033
191040,7,191033
191042,3,191039
191044,5,191039
191046,7,191039
191048,127,190921
191050,3,191047
191052,5,191047
191054,7,191047
191056,17,191039
191058,11,191047
191060,3,191057
191062,5,191057
191064,7,191057
191066,19,191047
191068,11,191057
191070,13,191057
191072,151,190921
191074,3,191071
191076,5,191071
191078,7,191071
191080,23,191057
191082,11,191071
191084,13,191071
191086,29,191057
191088,17,191071
191090,19,191071
191092,3,191089
191094,5,191089
191096,7,191089
191098,41,191057
191100,11,191089
191102,3,191099
191104,5,191099
191106,7,191099
191108,19,191089
191110,11,191099
191112,13,191099
191114,43,191071
191116,17,191099
191118,19,191099
191120,31,191089
191122,3,191119
191124,5,191119
191126,3,191123
191128,5,191123
191130,7,191123
191132,13,191119
191134,11,191123
191136,13,191123
191138,19,191119
191140,3,191137
191142,5,191137
191144,3,191141
191146,3,191143
191148,5,191143
191150,7,191143
191152,11,191141
191154,11,191143
191156,13,191143
191158,17,191141
191160,17,191143
191162,19,191143
191164,3,191161
191166,5,191161
191168,7,191161
191170,29,191141
191172,11,191161
191174,13,191161
191176,3,191173
191178,5,191173
191180,7,191173
191182,41,191141
191184,11,191173
191186,13,191173
191188,47,191141
191190,17,191173
191192,3,191189
191194,5,191189
191196,7,191189
191198,37,191161
191200,11,191189
191202,13,191189
191204,31,191173
191206,17,191189
191208,19,191189
191210,37,191173
191212,23,191189
191214,41,191173
191216,43,191173
191218,29,191189
191220,31,191189
191222,61,191161
191224,83,191141
191226,37,191189
191228,67,191161
191230,3,191227
191232,5,191227
191234,3,191231
191236,5,191231
191238,7,191231
191240,3,191237
191242,5,191237
191244,7,191237
191246,19,191227
191248,11,191237
191250,13,191237
191252,3,191249
191254,3,191251
191256,5,191251
191258,7,191251
191260,11,191249
191262,11,191251
191264,13,191251
191266,17,191249
191268,17,191251
191270,19,191251
191272,23,191249
191274,23,191251
191276,103,191173
191278,29,191249
191280,29,191251
191282,31,191251
191284,3,191281
191286,5,191281
191288,7,191281
191290,41,191249
191292,11,191281
191294,13,191281
191296,47,191249
191298,17,191281
191300,3,191297
191302,3,191299
191304,5,191299
191306,7,191299
191308,11,191297
191310,11,191299
191312,13,191299
191314,17,191297
191316,17,191299
191318,19,191299
191320,23,191297
191322,23,191299
191324,43,191281
191326,29,191297
191328,29,191299
191330,31,191299
191332,83,191249
191334,37,191297
191336,37,191299
191338,41,191297
191340,41,191299
191342,3,191339
191344,3,191341
191346,5,191341
191348,7,191341
191350,11,191339
191352,11,191341
191354,13,191341
191356,3,191353
191358,5,191353
191360,7,191353
191362,23,191339
191364,11,191353
191366,13,191353
191368,29,191339
191370,17,191353
191372,19,191353
191374,137,191237
191376,23,191353
191378,37,191341
191380,41,191339
191382,29,191353
191384,31,191353
191386,47,191339
191388,47,191341
191390,37,191353
191392,53,191339
191394,41,191353
191396,43,191353
191398,59,191339
191400,47,191353
191402,61,191341
191404,107,191297
191406,53,191353
191408,67,191341
191410,71,191339
191412,59,191353
191414,61,191353
191416,3,191413
191418,5,191413
191420,7,191413
191422,83,191339
191424,11,191413
191426,13,191413
191428,89,191339
191430,17,191413
191432,19,191413
191434,137,191297
191436,23,191413
191438,97,191341
191440,101,191339
191442,29,191413
191444,3,191441
191446,5,191441
191448,7,191441
191450,3,191447
191452,3,191449
191454,5,191449
191456,3,191453
191458,5,191453
191460,7,191453
191462,3,191459
191464,3,191461
191466,5,191461
191468,7,191461
191470,3,191467
191472,5,191467
191474,7,191467
191476,3,191473
191478,5,191473
191480,7,191473
191482,23,191459
191484,11,191473
191486,13,191473
191488,29,191459
191490,17,191473
191492,19,191473
191494,3,191491
191496,5,191491
191498,7,191491
191500,3,191497
191502,5,191497
191504,7,191497
191506,47,191459
191508,11,191497
191510,3,191507
191512,3,191509
191514,5,191509
191516,7,191509
191518,11,191507
191520,11,191509
191522,3,191519
191524,5,191519
191526,7,191519
191528,19,191509
191530,11,191519
191532,13,191519
191534,3,191531
191536,3,191533
191538,5,191533
191540,3,191537
191542,5,191537
191544,7,191537
191546,13,191533
191548,11,191537
191550,13,191537
191552,19,191533
191554,3,191551
191556,5,191551
191558,7,191551
191560,23,191537
191562,11,191551
191564,3,191561
191566,3,191563
191568,5,191563
191570,7,191563
191572,11,191561
191574,11,191563
191576,13,191563
191578,17,191561
191580,17,191563
191582,3,191579
191584,5,191579
191586,7,191579
191588,37,191551
191590,11,191579
191592,13,191579
191594,31,191563
191596,17,191579
191598,19,191579
191600,37,191563
191602,3,191599
191604,5,191599
191606,7,191599
191608,29,191579
191610,11,191599
191612,13,191599
191614,53,191561
191616,17,191599
191618,19,191599
191620,41,191579
191622,23,191599
191624,3,191621
191626,5,191621
191628,7,191621
191630,3,191627
191632,5,191627
191634,7,191627
191636,37,191599
191638,11,191627
191640,13,191627
191642,43,191599
191644,17,191627
191646,19,191627
191648,97,191551
191650,23,191627
191652,31,191621
191654,103,191551
191656,29,191627
191658,31,191627
191660,3,191657
191662,5,191657
191664,7,191657
191666,67,191599
191668,11,191657
191670,13,191657
191672,3,191669
191674,3,191671
191676,5,191671
191678,7,191671
191680,3,191677
191682,5,191677
191684,7,191677
191686,17,191669
191688,11,191677
191690,13,191677
191692,3,191689
191694,5,191689
191696,3,191693
191698,5,191693
191700,7,191693
191702,3,191699
191704,5,191699
191706,7,191699
191708,19,191689
191710,3,191707
191712,5,191707
191714,7,191707
191716,17,191699
191718,11,191707
191720,3,191717
191722,5,191717
191724,7,191717
191726,19,191707
191728,11,191717
191730,13,191717
191732,43,191689
191734,17,191717
191736,19,191717
191738,31,191707
191740,23,191717
191742,43,191699
191744,37,191707
191746,29,191717
191748,31,191717
191750,3,191747
191752,3,191749
191754,5,191749
191756,7,191749
191758,11,191747
191760,11,191749
191762,13,191749
191764,17,191747
191766,17,191749
191768,19,191749
191770,23,191747
191772,23,191749
191774,67,191707
191776,3,191773
191778,5,191773
191780,7,191773
191782,83,191699
191784,11,191773
191786,3,191783
191788,5,191783
191790,7,191783
191792,19,191773
191794,3,191791
191796,5,191791
191798,7,191791
191800,17,191783
191802,11,191791
191804,3,191801
191806,3,191803
191808,5,191803
191810,7,191803
191812,11,191801
191814,11,191803
191816,13,191803
191818,17,191801
191820,17,191803
191822,19,191803
191824,23,191801
191826,23,191803
191828,37,191791
191830,3,191827
191832,5,191827
191834,3,191831
191836,3,191833
191838,5,191833
191840,3,191837
191842,5,191837
191844,7,191837
191846,13,191833
191848,11,191837
191850,13,191837
191852,19,191833
191854,17,191837
191856,19,191837
191858,31,191827
191860,23,191837
191862,29,191833
191864,3,191861
191866,5,191861
191868,7,191861
191870,37,191833
191872,11,191861
191874,13,191861
191876,43,191833
191878,17,191861
191880,19,191861
191882,79,191803
191884,23,191861
191886,53,191833
191888,61,191827
191890,29,191861
191892,31,191861
191894,61,191833
191896,59,191837
191898,37,191861
191900,67,191833
191902,3,191899
191904,5,191899
191906,3,191903
191908,5,191903
191910,7,191903
191912,13,191899
191914,3,191911
191916,5,191911
191918,7,191911
191920,17,191903
191922,11,191911
191924,13,191911
191926,23,191903
191928,17,191911
191930,19,191911
191932,3,191929
191934,5,191929
191936,7,191929
191938,101,191837
191940,11,191929
191942,13,191929
191944,41,191903
191946,17,191929
191948,19,191929
191950,47,191903
191952,23,191929
191954,43,191911
191956,3,191953
191958,5,191953
191960,7,191953
191962,59,191903
191964,11,191953
191966,13,191953
191968,107,191861
191970,17,191953
191972,3,191969
191974,5,191969
191976,7,191969
191978,67,191911
191980,3,191977
191982,5,191977
191984,7,191977
191986,17,191969
191988,11,191977
191990,13,191977
191992,23,191969
191994,17,191977
191996,19,191977
191998,29,191969
192000,23,191977
192002,3,191999
192004,5,191999
192006,7,191999
192008,31,191977
192010,3,192007
192012,5,192007
192014,7,192007
192016,3,192013
192018,5,192013
192020,7,192013
192022,23,191999
192024,11,192013
192026,13,192013
192028,29,191999
192030,17,192013
192032,3,192029
192034,5,192029
192036,7,192029
192038,31,192007
192040,3,192037
192042,5,192037
192044,7,192037
192046,3,192043
192048,5,192043
192050,3,192047
192052,5,192047
192054,7,192047
192056,3,192053
192058,5,192053
192060,7,192053
192062,19,192043
192064,11,192053
192066,13,192053
192068,31,192037
192070,17,192053
192072,19,192053
192074,31,192043
192076,23,192053
192078,31,192047
192080,37,192043
192082,29,192053
192084,31,192053
192086,43,192043
192088,41,192047
192090,37,192053
192092,79,192013
192094,3,192091
192096,5,192091
192098,7,192091
192100,3,192097
192102,5,192097
192104,7,192097
192106,3,192103
192108,5,192103
192110,7,192103
192112,59,192053
192114,11,192103
192116,3,192113
192118,5,192113
192120,7,192113
192122,19,192103
192124,3,192121
192126,5,192121
192128,7,192121
192130,17,192113
192132,11,192121
192134,13,192121
192136,3,192133
192138,5,192133
192140,7,192133
192142,29,192113
192144,11,192133
192146,13,192133
192148,101,192047
192150,17,192133
192152,3,192149
192154,5,192149
192156,7,192149
192158,37,192121
192160,11,192149
192162,13,192149
192164,3,192161
192166,5,192161
192168,7,192161
192170,37,192133
192172,11,192161
192174,13,192161
192176,3,192173
192178,5,192173
192180,7,192173
192182,61,192121
192184,11,192173
192186,13,192173
192188,67,192121
192190,3,192187
192192,5,192187
192194,3,192191
192196,3,192193
192198,5,192193
192200,7,192193
192202,11,192191
192204,11,192193
192206,13,192193
192208,17,192191
192210,17,192193
192212,19,192193
192214,23,192191
192216,23,192193
192218,31,192187
192220,29,192191
192222,29,192193
192224,31,192193
192226,53,192173
192228,37,192191
192230,37,192193
192232,3,192229
192234,5,192229
192236,3,192233
192238,5,192233
192240,7,192233
192242,3,192239
192244,5,192239
192246,7,192239
192248,19,192229
192250,11,192239
192252,13,192239
192254,3,192251
192256,5,192251
192258,7,192251
192260,31,192229
192262,3,192259
192264,5,192259
192266,3,192263
192268,5,192263
192270,7,192263
192272,13,192259
192274,3,192271
192276,5,192271
192278,7,192271
192280,17,192263
192282,11,192271
192284,13,192271
192286,23,192263
192288,17,192271
192290,19,192271
192292,29,192263
192294,23,192271
192296,37,192259
192298,47,192251
192300,29,192271
192302,31,192271
192304,41,192263
192306,43,192263
192308,37,192271
192310,3,192307
192312,5,192307
192314,7,192307
192316,53,192263
192318,11,192307
192320,3,192317
192322,3,192319
192324,5,192319
192326,3,192323
192328,5,192323
192330,7,192323
192332,13,192319
192334,11,192323
192336,13,192323
192338,19,192319
192340,17,192323
192342,19,192323
192344,3,192341
192346,3,192343
192348,5,192343
192350,3,192347
192352,5,192347
192354,7,192347
192356,13,192343
192358,11,192347
192360,13,192347
192362,19,192343
192364,17,192347
192366,19,192347
192368,61,192307
192370,23,192347
192372,29,192343
192374,31,192343
192376,3,192373
192378,5,192373
192380,3,192377
192382,5,192377
192384,7,192377
192386,3,192383
192388,5,192383
192390,7,192383
192392,19,192373
192394,3,192391
192396,5,192391
192398,7,192391
192400,17,192383
192402,11,192391
192404,13,192391
192406,23,192383
192408,17,192391
192410,3,192407
192412,5,192407
192414,7,192407
192416,43,192373
192418,11,192407
192420,13,192407
192422,31,192391
192424,17,192407
192426,19,192407
192428,37,192391
192430,23,192407
192432,41,192391
192434,3,192431
192436,5,192431
192438,7,192431
192440,67,192373
192442,11,192431
192444,13,192431
192446,73,192373
192448,17,192431
192450,19,192431
192452,61,192391
192454,23,192431
192456,73,192383
192458,67,192391
192460,29,192431
192462,31,192431
192464,3,192461
192466,3,192463
192468,5,192463
192470,7,192463
192472,11,192461
192474,11,192463
192476,13,192463
192478,17,192461
192480,17,192463
192482,19,192463
192484,23,192461
192486,23,192463
192488,97,192391
192490,29,192461
192492,29,192463
192494,31,192463
192496,89,192407
192498,37,192461
192500,3,192497
192502,3,192499
192504,5,192499
192506,7,192499
192508,11,192497
192510,11,192499
192512,13,192499
192514,17,192497
192516,17,192499
192518,19,192499
192520,23,192497
192522,23,192499
192524,61,192463
192526,29,192497
192528,29,192499
192530,31,192499
192532,3,192529
192534,5,192529
192536,7,192529
192538,41,192497
192540,11,192529
192542,3,192539
192544,5,192539
192546,7,192539
192548,19,192529
192550,3,192547
192552,5,192547
192554,7,192547
192556,3,192553
192558,5,192553
192560,3,192557
192562,5,192557
192564,7,192557
192566,13,192553
192568,11,192557
192570,13,192557
192572,19,192553
192574,3,192571
192576,5,192571
192578,7,192571
192580,23,192557
192582,11,192571
192584,3,192581
192586,3,192583
192588,5,192583
192590,3,192587
192592,5,192587
192594,7,192587
192596,13,192583
192598,11,192587
192600,13,192587
192602,19,192583
192604,3,192601
192606,5,192601
192608,7,192601
192610,23,192587
192612,11,192601
192614,3,192611
192616,3,192613
192618,5,192613
192620,3,192617
192622,5,192617
192624,7,192617
192626,13,192613
192628,11,192617
192630,13,192617
192632,3,192629
192634,3,192631
192636,5,192631
192638,7,192631
192640,3,192637
192642,5,192637
192644,7,192637
192646,17,192629
192648,11,192637
192650,13,192637
192652,23,192629
192654,17,192637
192656,19,192637
192658,29,192629
192660,23,192637
192662,31,192631
192664,47,192617
192666,29,192637
192668,31,192637
192670,3,192667
192672,5,192667
192674,7,192667
192676,47,192629
192678,11,192667
192680,3,192677
192682,5,192677
192684,7,192677
192686,19,192667
192688,11,192677
192690,13,192677
192692,61,192631
192694,17,192677
192696,19,192677
192698,31,192667
192700,3,192697
192702,5,192697
192704,7,192697
192706,29,192677
192708,11,192697
192710,13,192697
192712,83,192629
192714,17,192697
192716,19,192697
192718,41,192677
192720,23,192697
192722,109,192613
192724,47,192677
192726,29,192697
192728,31,192697
192730,53,192677
192732,101,192631
192734,37,192697
192736,59,192677
192738,41,192697
192740,3,192737
192742,5,192737
192744,7,192737
192746,3,192743
192748,5,192743
192750,7,192743
192752,3,192749
192754,5,192749
192756,7,192749
192758,61,192697
192760,3,192757
192762,5,192757
192764,7,192757
192766,17,192749
192768,11,192757
192770,3,192767
192772,5,192767
192774,7,192767
192776,19,192757
192778,11,192767
192780,13,192767
192782,151,192631
192784,3,192781
192786,5,192781
192788,7,192781
192790,23,192767
192792,11,192781
192794,3,192791
192796,5,192791
192798,7,192791
192800,19,192781
192802,3,192799
192804,5,192799
192806,7,192799
192808,17,192791
192810,11,192799
192812,13,192799
192814,3,192811
192816,5,192811
192818,7,192811
192820,3,192817
192822,5,192817
192824,7,192817
192826,59,192767
192828,11,192817
192830,13,192817
192832,41,192791
192834,17,192817
192836,3,192833
192838,5,192833
192840,7,192833
192842,31,192811
192844,11,192833
192846,13,192833
192848,31,192817
192850,3,192847
192852,5,192847
192854,7,192847
192856,3,192853
192858,5,192853
192860,7,192853
192862,3,192859
192864,5,192859
192866,7,192859
192868,101,192767
192870,11,192859
192872,13,192859
192874,41,192833
192876,17,192859
192878,19,192859
192880,3,192877
192882,5,192877
192884,7,192877
192886,3,192883
192888,5,192883
192890,3,192887
192892,3,192889
192894,5,192889
192896,7,192889
192898,11,192887
192900,11,192889
192902,13,192889
192904,17,192887
192906,17,192889
192908,19,192889
192910,23,192887
192912,23,192889
192914,31,192883
192916,29,192887
192918,29,192889
192920,3,192917
192922,5,192917
192924,7,192917
192926,3,192923
192928,5,192923
192930,7,192923
192932,43,192889
192934,3,192931
192936,5,192931
192938,7,192931
192940,17,192923
192942,11,192931
192944,13,192931
192946,23,192923
192948,17,192931
192950,19,192931
192952,3,192949
192954,5,192949
192956,7,192949
192958,41,192917
192960,11,192949
192962,13,192949
192964,3,192961
192966,5,192961
192968,7,192961
192970,47,192923
192972,11,192961
192974,3,192971
192976,5,192971
192978,7,192971
192980,3,192977
192982,3,192979
192984,5,192979
192986,7,192979
192988,11,192977
192990,11,192979
192992,13,192979
192994,3,192991
192996,5,192991
192998,7,192991
193000,23,192977
193002,11,192991
193004,13,192991
193006,3,193003
193008,5,193003
193010,7,193003
193012,3,193009
193014,5,193009
193016,3,193013
193018,5,193013
193020,7,193013
193022,13,193009
193024,11,193013
193026,13,193013
193028,19,193009
193030,17,193013
193032,19,193013
193034,3,193031
193036,5,193031
193038,7,193031
193040,31,193009
193042,11,193031
193044,13,193031
193046,3,193043
193048,5,193043
193050,7,193043
193052,43,193009
193054,3,193051
193056,5,193051
193058,7,193051
193060,3,193057
193062,5,193057
193064,7,193057
193066,23,193043
193068,11,193057
193070,13,193057
193072,29,193043
193074,17,193057
193076,3,193073
193078,5,193073
193080,7,193073
193082,31,193051
193084,11,193073
193086,13,193073
193088,31,193057
193090,17,193073
193092,19,193073
193094,37,193057
193096,3,193093
193098,5,193093
193100,7,193093
193102,29,193073
193104,11,193093
193106,13,193093
193108,131,192977
193110,17,193093
193112,19,193093
193114,41,193073
193116,23,193093
193118,61,193057
193120,47,193073
193122,29,193093
193124,31,193093
193126,53,193073
193128,71,193057
193130,37,193093
193132,59,193073
193134,41,193093
193136,3,193133
193138,5,193133
193140,7,193133
193142,3,193139
193144,5,193139
193146,7,193139
193148,97,193051
193150,3,193147
193152,5,193147
193154,7,193147
193156,3,193153
193158,5,193153
193160,7,193153
193162,23,193139
193164,11,193153
193166,3,193163
193168,5,193163
193170,7,193163
193172,19,193153
193174,11,193163
193176,13,193163
193178,31,193147
193180,17,193163
193182,19,193163
193184,3,193181
193186,3,193183
193188,5,193183
193190,7,193183
193192,3,193189
193194,5,193189
193196,7,193189
193198,17,193181
193200,11,193189
193202,13,193189
193204,3,193201
193206,5,193201
193208,7,193201
193210,29,193181
193212,11,193201
193214,13,193201
193216,53,193163
193218,17,193201
193220,19,193201
193222,41,193181
193224,23,193201
193226,37,193189
193228,47,193181
193230,29,193201
193232,31,193201
193234,53,193181
193236,47,193189
193238,37,193201
193240,59,193181
193242,41,193201
193244,43,193201
193246,3,193243
193248,5,193243
193250,3,193247
193252,5,193247
193254,7,193247
193256,13,193243
193258,11,193247
193260,13,193247
193262,19,193243
193264,3,193261
193266,5,193261
193268,7,193261
193270,23,193247
193272,11,193261
193274,13,193261
193276,29,193247
193278,17,193261
193280,19,193261
193282,101,193181
193284,23,193261
193286,3,193283
193288,5,193283
193290,7,193283
193292,31,193261
193294,11,193283
193296,13,193283
193298,37,193261
193300,17,193283
193302,19,193283
193304,3,193301
193306,5,193301
193308,7,193301
193310,67,193243
193312,11,193301
193314,13,193301
193316,73,193243
193318,17,193301
193320,19,193301
193322,61,193261
193324,23,193301
193326,43,193283
193328,67,193261
193330,3,193327
193332,5,193327
193334,7,193327
193336,53,193283
193338,11,193327
193340,3,193337
193342,5,193337
193344,7,193337
193346,19,193327
193348,11,193337
193350,13,193337
193352,109,193243
193354,17,193337
193356,19,193337
193358,31,193327
193360,3,193357
193362,5,193357
193364,7,193357
193366,29,193337
193368,11,193357
193370,3,193367
193372,5,193367
193374,7,193367
193376,3,193373
193378,5,193373
193380,7,193373
193382,3,193379
193384,3,193381
193386,5,193381
193388,7,193381
193390,3,193387
193392,5,193387
193394,7,193387
193396,3,193393
193398,5,193393
193400,7,193393
193402,23,193379
193404,11,193393
193406,13,193393
193408,29,193379
193410,17,193393
193412,19,193393
193414,41,193373
193416,23,193393
193418,31,193387
193420,41,193379
193422,29,193393
193424,31,193393
193426,3,193423
193428,5,193423
193430,7,193423
193432,53,193379
193434,11,193423
193436,3,193433
193438,5,193433
193440,7,193433
193442,19,193423
193444,3,193441
193446,5,193441
193448,7,193441
193450,3,193447
193452,5,193447
193454,3,193451
193456,5,193451
193458,7,193451
193460,13,193447
193462,11,193451
193464,13,193451
193466,3,193463
193468,5,193463
193470,7,193463
193472,3,193469
193474,5,193469
193476,7,193469
193478,31,193447
193480,11,193469
193482,13,193469
193484,37,193447
193486,17,193469
193488,19,193469
193490,43,193447
193492,23,193469
193494,31,193463
193496,3,193493
193498,5,193493
193500,7,193493
193502,61,193441
193504,11,193493
193506,13,193493
193508,61,193447
193510,3,193507
193512,5,193507
193514,7,193507
193516,3,193513
193518,5,193513
193520,7,193513
193522,29,193493
193524,11,193513
193526,13,193513
193528,59,193469
193530,17,193513
193532,19,193513
193534,41,193493
193536,23,193513
193538,31,193507
193540,47,193493
193542,29,193513
193544,3,193541
193546,5,193541
193548,7,193541
193550,37,193513
193552,3,193549
193554,5,193549
193556,7,193549
193558,17,193541
193560,11,193549
193562,3,193559
193564,5,193559
193566,7,193559
193568,19,193549
193570,11,193559
193572,13,193559
193574,61,193513
193576,3,193573
193578,5,193573
193580,3,193577
193582,5,193577
193584,7,193577
193586,13,193573
193588,11,193577
193590,13,193577
193592,19,193573
193594,17,193577
193596,19,193577
193598,151,193447
193600,3,193597
193602,5,193597
193604,3,193601
193606,3,193603
193608,5,193603
193610,3,193607
193612,5,193607
193614,7,193607
193616,13,193603
193618,11,193607
193620,13,193607
193622,3,193619
193624,5,193619
193626,7,193619
193628,31,193597
193630,11,193619
193632,13,193619
193634,31,193603
193636,17,193619
193638,19,193619
193640,37,193603
193642,23,193619
193644,37,193607
193646,43,193603
193648,29,193619
193650,31,193619
193652,3,193649
193654,5,193649
193656,7,193649
193658,61,193597
193660,11,193649
193662,13,193649
193664,61,193603
193666,3,193663
193668,5,193663
193670,7,193663
193672,23,193649
193674,11,193663
193676,13,193663
193678,29,193649
193680,17,193663
193682,3,193679
193684,5,193679
193686,7,193679
193688,139,193549
193690,11,193679
193692,13,193679
193694,31,193663
193696,17,193679
193698,19,193679
193700,37,193663
193702,23,193679
193704,41,193663
193706,3,193703
193708,5,193703
193710,7,193703
193712,109,193603
193714,11,193703
193716,13,193703
193718,211,193507
193720,17,193703
193722,19,193703
193724,61,193663
193726,3,193723
193728,5,193723
193730,3,193727
193732,5,193727
193734,7,193727
193736,13,193723
193738,11,193727
193740,13,193727
193742,19,193723
193744,3,193741
193746,5,193741
193748,7,193741
193750,23,193727
193752,11,193741
193754,3,193751
193756,5,193751
193758,7,193751
193760,3,193757
193762,5,193757
193764,7,193757
193766,3,193763
193768,5,193763
193770,7,193763
193772,31,193741
193774,3,193771
193776,5,193771
193778,7,193771
193780,17,193763
193782,11,193771
193784,13,193771
193786,23,193763
193788,17,193771
193790,19,193771
193792,3,193789
193794,5,193789
193796,3,193793
193798,5,193793
193800,7,193793
193802,3,193799
193804,5,193799
193806,7,193799
193808,19,193789
193810,11,193799
193812,13,193799
193814,3,193811
193816,3,193813
193818,5,193813
193820,7,193813
193822,11,193811
193824,11,193813
193826,13,193813
193828,17,193811
193830,17,193813
193832,19,193813
193834,23,193811
193836,23,193813
193838,67,193771
193840,29,193811
193842,29,193813
193844,3,193841
193846,5,193841
193848,7,193841
193850,3,193847
193852,5,193847
193854,7,193847
193856,43,193813
193858,11,193847
193860,13,193847
193862,3,193859
193864,3,193861
193866,5,193861
193868,7,193861
193870,11,193859
193872,11,193861
193874,3,193871
193876,3,193873
193878,5,193873
193880,3,193877
193882,5,193877
193884,7,193877
193886,3,193883
193888,5,193883
193890,7,193883
193892,19,193873
193894,3,193891
193896,5,193891
193898,7,193891
193900,17,193883
193902,11,193891
193904,13,193891
193906,23,193883
193908,17,193891
193910,19,193891
193912,29,193883
193914,23,193891
193916,43,193873
193918,41,193877
193920,29,193891
193922,31,193891
193924,41,193883
193926,43,193883
193928,37,193891
193930,47,193883
193932,41,193891
193934,43,193891
193936,53,193883
193938,47,193891
193940,3,193937
193942,3,193939
193944,5,193939
193946,3,193943
193948,5,193943
193950,7,193943
193952,13,193939
193954,3,193951
193956,5,193951
193958,7,193951
193960,3,193957
193962,5,193957
193964,7,193957
193966,23,193943
193968,11,193957
193970,13,193957
193972,29,193943
193974,17,193957
193976,19,193957
193978,41,193937
193980,23,193957
193982,3,193979
193984,5,193979
193986,7,193979
193988,31,193957
193990,11,193979
193992,13,193979
193994,37,193957
193996,3,193993
193998,5,193993
194000,7,193993
194002,23,193979
194004,11,193993
194006,3,194003
194008,5,194003
194010,7,194003
194012,19,193993
194014,11,194003
194016,13,194003
194018,61,193957
194020,3,194017
194022,5,194017
194024,7,194017
194026,23,194003
194028,11,194017
194030,3,194027
194032,5,194027
194034,7,194027
194036,19,194017
194038,11,194027
194040,13,194027
194042,103,193939
194044,17,194027
194046,19,194027
194048,31,194017
194050,23,194027
194052,59,193993
194054,37,194017
194056,29,194027
194058,31,194027
194060,3,194057
194062,5,194057
194064,7,194057
194066,73,193993
194068,11,194057
194070,13,194057
194072,3,194069
194074,3,194071
194076,5,194071
194078,7,194071
194080,11,194069
194082,11,194071
194084,13,194071
194086,3,194083
194088,5,194083
194090,3,194087
194092,5,194087
194094,7,194087
194096,3,194093
194098,5,194093
194100,7,194093
194102,19,194083
194104,3,194101
194106,5,194101
194108,7,194101
194110,17,194093
194112,11,194101
194114,13,194101
194116,3,194113
194118,5,194113
194120,7,194113
194122,3,194119
194124,5,194119
194126,7,194119
194128,41,194087
194130,11,194119
194132,13,194119
194134,41,194093
194136,17,194119
194138,19,194119
194140,47,194093
194142,23,194119
194144,3,194141
194146,5,194141
194148,7,194141
194150,31,194119
194152,3,194149
194154,5,194149
194156,7,194149
194158,17,194141
194160,11,194149
194162,13,194149
194164,23,194141
194166,17,194149
194168,19,194149
194170,3,194167
194172,5,194167
194174,7,194167
194176,83,194093
194178,11,194167
194180,13,194167
194182,3,194179
194184,5,194179
194186,7,194179
194188,47,194141
194190,11,194179
194192,13,194179
194194,53,194141
194196,17,194179
194198,19,194179
194200,3,194197
194202,5,194197
194204,7,194197
194206,3,194203
194208,5,194203
194210,7,194203
194212,71,194141
194214,11,194203
194216,13,194203
194218,131,194087
194220,17,194203
194222,19,194203
194224,83,194141
194226,23,194203
194228,31,194197
194230,89,194141
194232,29,194203
194234,31,194203
194236,149,194087
194238,41,194197
194240,37,194203
194242,3,194239
194244,5,194239
194246,7,194239
194248,107,194141
194250,11,194239
194252,13,194239
194254,113,194141
194256,17,194239
194258,19,194239
194260,167,194093
194262,23,194239
194264,61,194203
194266,3,194263
194268,5,194263
194270,3,194267
194272,3,194269
194274,5,194269
194276,7,194269
194278,11,194267
194280,11,194269
194282,13,194269
194284,17,194267
194286,17,194269
194288,19,194269
194290,23,194267
194292,23,194269
194294,31,194263
194296,29,194267
194298,29,194269
194300,31,194269
194302,233,194069
194304,37,194267
194306,37,194269
194308,41,194267
194310,41,194269
194312,3,194309
194314,5,194309
194316,7,194309
194318,79,194239
194320,11,194309
194322,13,194309
194324,61,194263
194326,3,194323
194328,5,194323
194330,7,194323
194332,23,194309
194334,11,194323
194336,13,194323
194338,29,194309
194340,17,194323
194342,19,194323
194344,251,194093
194346,23,194323
194348,79,194269
194350,41,194309
194352,29,194323
194354,31,194323
194356,3,194353
194358,5,194353
194360,7,194353
194362,53,194309
194364,11,194353
194366,13,194353
194368,59,194309
194370,17,194353
194372,19,194353
194374,3,194371
194376,5,194371
194378,7,194371
194380,3,194377
194382,5,194377
194384,7,194377
194386,293,194093
194388,11,194377
194390,13,194377
194392,83,194309
194394,17,194377
194396,19,194377
194398,89,194309
194400,23,194377
194402,31,194371
194404,137,194267
194406,29,194377
194408,31,194377
194410,101,194309
194412,41,194371
194414,37,194377
194416,3,194413
194418,5,194413
194420,7,194413
194422,113,194309
194424,11,194413
194426,13,194413
194428,359,194069
194430,17,194413
194432,19,194413
194434,3,194431
194436,5,194431
194438,7,194431
194440,131,194309
194442,11,194431
194444,13,194431
194446,3,194443
194448,5,194443
194450,7,194443
194452,311,194141
194454,11,194443
194456,13,194443
194458,149,194309
194460,17,194443
194462,19,194443
194464,197,194267
194466,23,194443
194468,37,194431
194470,383,194087
194472,29,194443
194474,3,194471
194476,5,194471
194478,7,194471
194480,37,194443
194482,3,194479
194484,5,194479
194486,3,194483
194488,5,194483
194490,7,194483
194492,13,194479
194494,11,194483
194496,13,194483
194498,19,194479
194500,17,194483
194502,19,194483
194504,61,194443
194506,23,194483
194508,29,194479
194510,3,194507
194512,5,194507
194514,7,194507
194516,37,194479
194518,11,194507
194520,13,194507
194522,43,194479
194524,3,194521
194526,5,194521
194528,7,194521
194530,3,194527
194532,5,194527
194534,7,194527
194536,29,194507
194538,11,194527
194540,13,194527
194542,59,194483
194544,17,194527
194546,3,194543
194548,5,194543
194550,7,194543
194552,31,194521
194554,11,194543
194556,13,194543
194558,31,194527
194560,17,194543
194562,19,194543
194564,37,194527
194566,23,194543
194568,41,194527
194570,43,194527
194572,3,194569
194574,5,194569
194576,7,194569
194578,71,194507
194580,11,194569
194582,13,194569
194584,3,194581
194586,5,194581
194588,7,194581
194590,47,194543
194592,11,194581
194594,3,194591
194596,5,194591
194598,7,194591
194600,19,194581
194602,11,194591
194604,13,194591
194606,37,194569
194608,17,194591
194610,19,194591
194612,3,194609
194614,5,194609
194616,7,194609
194618,37,194581
194620,11,194609
194622,13,194609
194624,43,194581
194626,17,194609
194628,19,194609
194630,61,194569
194632,23,194609
194634,43,194591
194636,67,194569
194638,29,194609
194640,31,194609
194642,61,194581
194644,53,194591
194646,37,194609
194648,67,194581
194650,3,194647
194652,5,194647
194654,7,194647
194656,3,194653
194658,5,194653
194660,7,194653
194662,3,194659
194664,5,194659
194666,7,194659
194668,59,194609
194670,11,194659
194672,13,194659
194674,3,194671
194676,5,194671
194678,7,194671
194680,71,194609
194682,11,194671
194684,3,194681
194686,3,194683
194688,5,194683
194690,3,194687
194692,5,194687
194694,7,194687
194696,13,194683
194698,11,194687
194700,13,194687
194702,19,194683
194704,17,194687
194706,19,194687
194708,37,194671
194710,3,194707
194712,5,194707
194714,7,194707
194716,3,194713
194718,5,194713
194720,3,194717
194722,5,194717
194724,7,194717
194726,3,194723
194728,5,194723
194730,7,194723
194732,3,194729
194734,5,194729
194736,7,194729
194738,31,194707
194740,11,194729
194742,13,194729
194744,31,194713
194746,17,194729
194748,19,194729
194750,37,194713
194752,3,194749
194754,5,194749
194756,7,194749
194758,29,194729
194760,11,194749
194762,13,194749
194764,41,194723
194766,17,194749
194768,19,194749
194770,3,194767
194772,5,194767
194774,3,194771
194776,5,194771
194778,7,194771
194780,13,194767
194782,11,194771
194784,13,194771
194786,19,194767
194788,17,194771
194790,19,194771
194792,43,194749
194794,23,194771
194796,29,194767
194798,31,194767
194800,29,194771
194802,31,194771
194804,37,194767
194806,83,194723
194808,37,194771
194810,43,194767
194812,3,194809
194814,5,194809
194816,3,194813
194818,5,194813
194820,7,194813
194822,3,194819
194824,5,194819
194826,7,194819
194828,19,194809
194830,3,194827
194832,5,194827
194834,7,194827
194836,17,194819
194838,11,194827
194840,13,194827
194842,3,194839
194844,5,194839
194846,7,194839
194848,29,194819
194850,11,194839
194852,13,194839
194854,41,194813
194856,17,194839
194858,19,194839
194860,41,194819
194862,23,194839
194864,3,194861
194866,3,194863
194868,5,194863
194870,3,194867
194872,3,194869
194874,5,194869
194876,7,194869
194878,11,194867
194880,11,194869
194882,13,194869
194884,17,194867
194886,17,194869
194888,19,194869
194890,23,194867
194892,23,194869
194894,3,194891
194896,5,194891
194898,7,194891
194900,31,194869
194902,3,194899
194904,5,194899
194906,7,194899
194908,17,194891
194910,11,194899
194912,13,194899
194914,3,194911
194916,5,194911
194918,7,194911
194920,3,194917
194922,5,194917
194924,7,194917
194926,59,194867
194928,11,194917
194930,13,194917
194932,41,194891
194934,17,194917
194936,3,194933
194938,5,194933
194940,7,194933
194942,31,194911
194944,11,194933
194946,13,194933
194948,31,194917
194950,17,194933
194952,19,194933
194954,37,194917
194956,23,194933
194958,41,194917
194960,43,194917
194962,29,194933
194964,31,194933
194966,3,194963
194968,5,194963
194970,7,194963
194972,61,194911
194974,11,194963
194976,13,194963
194978,61,194917
194980,3,194977
194982,5,194977
194984,3,194981
194986,5,194981
194988,7,194981
194990,13,194977
194992,3,194989
194994,5,194989
194996,7,194989
194998,17,194981
195000,11,194989
195002,13,194989
195004,23,194981
195006,17,194989
195008,19,194989
195010,29,194981
195012,23,194989
195014,37,194977
195016,53,194963
195018,29,194989
195020,31,194989
195022,41,194981
195024,43,194981
195026,3,195023
195028,5,195023
195030,7,195023
195032,3,195029
195034,5,195029
195036,7,195029
195038,61,194977
195040,11,195029
195042,13,195029
195044,67,194977
195046,3,195043
195048,5,195043
195050,3,195047
195052,3,195049
195054,5,195049
195056,3,195053
195058,5,195053
195060,7,195053
195062,13,195049
195064,11,195053
195066,13,195053
195068,19,195049
195070,17,195053
195072,19,195053
195074,3,195071
195076,5,195071
195078,7,195071
195080,3,195077
195082,5,195077
195084,7,195077
195086,37,195049
195088,11,195077
195090,13,195077
195092,3,195089
195094,5,195089
195096,7,195089
195098,109,194989
195100,11,195089
195102,13,195089
195104,61,195043
195106,3,195103
195108,5,195103
195110,7,195103
195112,23,195089
195114,11,195103
195116,13,195103
195118,29,195089
195120,17,195103
195122,19,195103
195124,3,195121
195126,5,195121
195128,7,195121
195130,3,195127
195132,5,195127
195134,3,195131
195136,5,195131
195138,7,195131
195140,3,195137
195142,5,195137
195144,7,195137
195146,19,195127
195148,11,195137
195150,13,195137
195152,31,195121
195154,17,195137
195156,19,195137
195158,31,195127
195160,3,195157
195162,5,195157
195164,3,195161
195166,3,195163
195168,5,195163
195170,7,195163
195172,11,195161
195174,11,195163
195176,13,195163
195178,17,195161
195180,17,195163
195182,19,195163
195184,23,195161
195186,23,195163
195188,31,195157
195190,29,195161
195192,29,195163
195194,31,195163
195196,3,195193
195198,5,195193
195200,3,195197
195202,5,195197
195204,7,195197
195206,3,195203
195208,5,195203
195210,7,195203
195212,19,195193
195214,11,195203
195216,13,195203
195218,61,195157
195220,17,195203
195222,19,195203
195224,31,195193
195226,23,195203
195228,31,195197
195230,37,195193
195232,3,195229
195234,5,195229
195236,7,195229
195238,41,195197
195240,11,195229
195242,13,195229
195244,3,195241
195246,5,195241
195248,7,195241
195250,47,195203
195252,11,195241
195254,13,195241
195256,3,195253
195258,5,195253
195260,7,195253
195262,3,195259
195264,5,195259
195266,7,195259
195268,71,195197
195270,11,195259
195272,13,195259
195274,3,195271
195276,5,195271
195278,7,195271
195280,3,195277
195282,5,195277
195284,3,195281
195286,5,195281
195288,7,195281
195290,13,195277
195292,11,195281
195294,13,195281
195296,19,195277
195298,17,195281
195300,19,195281
195302,31,195271
195304,23,195281
195306,29,195277
195308,31,195277
195310,29,195281
195312,31,195281
195314,3,195311
195316,5,195311
195318,7,195311
195320,43,195277
195322,3,195319
195324,5,195319
195326,7,195319
195328,17,195311
195330,11,195319
195332,3,195329
195334,5,195329
195336,7,195329
195338,19,195319
195340,11,195329
195342,13,195329
195344,3,195341
195346,3,195343
195348,5,195343
195350,7,195343
195352,11,195341
195354,11,195343
195356,3,195353
195358,5,195353
195360,7,195353
195362,3,195359
195364,5,195359
195366,7,195359
195368,97,195271
195370,11,195359
195372,13,195359
195374,31,195343
195376,17,195359
195378,19,195359
195380,37,195343
195382,23,195359
195384,31,195353
195386,43,195343
195388,29,195359
195390,31,195359
195392,3,195389
195394,5,195389
195396,7,195389
195398,79,195319
195400,11,195389
195402,13,195389
195404,3,195401
195406,5,195401
195408,7,195401
195410,3,195407
195412,5,195407
195414,7,195407
195416,3,195413
195418,5,195413
195420,7,195413
195422,79,195343
195424,11,195413
195426,13,195413
195428,109,195319
195430,3,195427
195432,5,195427
195434,7,195427
195436,23,195413
195438,11,195427
195440,13,195427
195442,29,195413
195444,17,195427
195446,3,195443
195448,5,195443
195450,7,195443
195452,109,195343
195454,11,195443
195456,13,195443
195458,31,195427
195460,3,195457
195462,5,195457
195464,7,195457
195466,23,195443
195468,11,195457
195470,13,195457
195472,3,195469
195474,5,195469
195476,7,195469
195478,71,195407
195480,11,195469
195482,3,195479
195484,5,195479
195486,7,195479
195488,19,195469
195490,11,195479
195492,13,195479
195494,37,195457
195496,3,195493
195498,5,195493
195500,3,195497
195502,5,195497
195504,7,195497
195506,13,195493
195508,11,195497
195510,13,195497
195512,19,195493
195514,3,195511
195516,5,195511
195518,7,195511
195520,23,195497
195522,11,195511
195524,13,195511
195526,29,195497
195528,17,195511
195530,3,195527
195532,5,195527
195534,7,195527
195536,43,195493
195538,11,195527
195540,13,195527
195542,3,195539
195544,3,195541
195546,5,195541
195548,7,195541
195550,11,195539
195552,11,195541
195554,13,195541
195556,17,195539
195558,17,195541
195560,19,195541
195562,23,195539
195564,23,195541
195566,73,195493
195568,29,195539
195570,29,195541
195572,31,195541
195574,47,195527
195576,37,195539
195578,37,195541
195580,41,195539
195582,41,195541
195584,3,195581
195586,5,195581
195588,7,195581
195590,79,195511
195592,11,195581
195594,13,195581
195596,3,195593
195598,5,195593
195600,7,195593
195602,3,195599
195604,5,195599
195606,7,195599
195608,67,195541
195610,11,195599
195612,13,195599
195614,73,195541
195616,17,195599
195618,19,195599
195620,79,195541
195622,23,195599
195624,31,195593
195626,157,195469
195628,29,195599
195630,31,195599
195632,139,195493
195634,41,195593
195636,37,195599
195638,97,195541
195640,41,195599
195642,43,195599
195644,103,195541
195646,47,195599
195648,67,195581
195650,109,195541
195652,53,195599
195654,61,195593
195656,163,195493
195658,59,195599
195660,61,195599
195662,3,195659
195664,5,195659
195666,7,195659
195668,127,195541
195670,11,195659
195672,13,195659
195674,163,195511
195676,17,195659
195678,19,195659
195680,3,195677
195682,5,195677
195684,7,195677
195686,193,195493
195688,11,195677
195690,13,195677
195692,151,195541
195694,3,195691
195696,5,195691
195698,7,195691
195700,3,195697
195702,5,195697
195704,7,195697
195706,29,195677
195708,11,195697
195710,13,195697
195712,3,195709
195714,5,195709
195716,7,195709
195718,41,195677
195720,11,195709
195722,13,195709
195724,47,195677
195726,17,195709
195728,19,195709
195730,53,195677
195732,23,195709
195734,3,195731
195736,3,195733
195738,5,195733
195740,3,195737
195742,3,195739
195744,5,195739
195746,3,195743
195748,5,195743
195750,7,195743
195752,13,195739
195754,3,195751
195756,5,195751
195758,7,195751
195760,17,195743
195762,11,195751
195764,3,195761
195766,5,195761
195768,7,195761
195770,19,195751
195772,11,195761
195774,13,195761
195776,37,195739
195778,17,195761
195780,19,195761
195782,31,195751
195784,3,195781
195786,5,195781
195788,7,195781
195790,3,195787
195792,5,195787
195794,3,195791
195796,5,195791
195798,7,195791
195800,13,195787
195802,11,195791
195804,13,195791
195806,19,195787
195808,17,195791
195810,19,195791
195812,3,195809
195814,5,195809
195816,7,195809
195818,31,195787
195820,3,195817
195822,5,195817
195824,7,195817
195826,17,195809
195828,11,195817
195830,13,195817
195832,23,195809
195834,17,195817
195836,19,195817
195838,29,195809
195840,23,195817
195842,61,195781
195844,53,195791
195846,29,195817
195848,31,195817
195850,41,195809
195852,43,195809
195854,37,195817
195856,47,195809
195858,41,195817
195860,43,195817
195862,53,195809
195864,47,195817
195866,3,195863
195868,5,195863
195870,7,195863
195872,3,195869
195874,5,195869
195876,7,195869
195878,61,195817
195880,11,195869
195882,13,195869
195884,67,195817
195886,3,195883
195888,5,195883
195890,3,195887
195892,5,195887
195894,7,195887
195896,3,195893
195898,5,195893
195900,7,195893
195902,19,195883
195904,11,195893
195906,13,195893
195908,127,195781
195910,3,195907
195912,5,195907
195914,7,195907
195916,3,195913
195918,5,195913
195920,7,195913
195922,3,195919
195924,5,195919
195926,7,195919
195928,41,195887
195930,11,195919
195932,3,195929
195934,3,195931
195936,5,195931
195938,7,195931
195940,11,195929
195942,11,195931
195944,13,195931
195946,17,195929
195948,17,195931
195950,19,195931
195952,23,195929
195954,23,195931
195956,37,195919
195958,29,195929
195960,29,195931
195962,31,195931
195964,71,195893
195966,37,195929
195968,37,195931
195970,3,195967
195972,5,195967
195974,3,195971
195976,3,195973
195978,5,195973
195980,3,195977
195982,5,195977
195984,7,195977
195986,13,195973
195988,11,195977
195990,13,195977
195992,19,195973
195994,3,195991
195996,5,195991
195998,7,195991
196000,3,195997
196002,5,195997
196004,7,195997
196006,3,196003
196008,5,196003
196010,7,196003
196012,41,195971
196014,11,196003
196016,13,196003
196018,41,195977
196020,17,196003
196022,19,196003
196024,47,195977
196026,23,196003
196028,31,195997
196030,53,195977
196032,29,196003
196034,31,196003
196036,3,196033
196038,5,196033
196040,7,196033
196042,3,196039
196044,5,196039
196046,3,196043
196048,5,196043
196050,7,196043
196052,13,196039
196054,3,196051
196056,5,196051
196058,7,196051
196060,17,196043
196062,11,196051
196064,13,196051
196066,23,196043
196068,17,196051
196070,19,196051
196072,29,196043
196074,23,196051
196076,3,196073
196078,5,196073
196080,7,196073
196082,31,196051
196084,3,196081
196086,5,196081
196088,7,196081
196090,3,196087
196092,5,196087
196094,7,196087
196096,23,196073
196098,11,196087
196100,13,196087
196102,29,196073
196104,17,196087
196106,19,196087
196108,131,195977
196110,23,196087
196112,31,196081
196114,3,196111
196116,5,196111
196118,7,196111
196120,3,196117
196122,5,196117
196124,7,196117
196126,53,196073
196128,11,196117
196130,13,196117
196132,59,196073
196134,17,196117
196136,19,196117
196138,167,195971
196140,23,196117
196142,3,196139
196144,5,196139
196146,7,196139
196148,31,196117
196150,11,196139
196152,13,196139
196154,37,196117
196156,17,196139
196158,19,196139
196160,43,196117
196162,3,196159
196164,5,196159
196166,7,196159
196168,29,196139
196170,11,196159
196172,3,196169
196174,3,196171
196176,5,196171
196178,7,196171
196180,3,196177
196182,5,196177
196184,3,196181
196186,5,196181
196188,7,196181
196190,3,196187
196192,5,196187
196194,7,196187
196196,3,196193
196198,5,196193
196200,7,196193
196202,31,196171
196204,3,196201
196206,5,196201
196208,7,196201
196210,17,196193
196212,11,196201
196214,13,196201
196216,23,196193
196218,17,196201
196220,19,196201
196222,29,196193
196224,23,196201
196226,67,196159
196228,41,196187
196230,29,196201
196232,31,196201
196234,41,196193
196236,43,196193
196238,37,196201
196240,47,196193
196242,41,196201
196244,43,196201
196246,53,196193
196248,47,196201
196250,3,196247
196252,5,196247
196254,7,196247
196256,79,196177
196258,11,196247
196260,13,196247
196262,61,196201
196264,17,196247
196266,19,196247
196268,67,196201
196270,23,196247
196272,71,196201
196274,3,196271
196276,5,196271
196278,7,196271
196280,3,196277
196282,3,196279
196284,5,196279
196286,7,196279
196288,11,196277
196290,11,196279
196292,13,196279
196294,3,196291
196296,5,196291
196298,7,196291
196300,23,196277
196302,11,196291
196304,13,196291
196306,3,196303
196308,5,196303
196310,3,196307
196312,5,196307
196314,7,196307
196316,13,196303
196318,11,196307
196320,13,196307
196322,19,196303
196324,17,196307
196326,19,196307
196328,37,196291
196330,23,196307
196332,29,196303
196334,3,196331
196336,5,196331
196338,7,196331
196340,3,196337
196342,5,196337
196344,7,196337
196346,43,196303
196348,11,196337
196350,13,196337
196352,61,196291
196354,17,196337
196356,19,196337
196358,67,196291
196360,23,196337
196362,31,196331
196364,61,196303
196366,29,196337
196368,31,196337
196370,67,196303
196372,41,196331
196374,37,196337
196376,73,196303
196378,41,196337
196380,43,196337
196382,3,196379
196384,5,196379
196386,7,196379
196388,97,196291
196390,3,196387
196392,5,196387
196394,7,196387
196396,17,196379
196398,11,196387
196400,13,196387
196402,23,196379
196404,17,196387
196406,19,196387
196408,29,196379
196410,23,196387
196412,109,196303
196414,83,196331
196416,29,196387
196418,31,196387
196420,41,196379
196422,43,196379
196424,37,196387
196426,47,196379
196428,41,196387
196430,43,196387
196432,3,196429
196434,5,196429
196436,7,196429
196438,59,196379
196440,11,196429
196442,3,196439
196444,5,196439
196446,7,196439
196448,19,196429
196450,11,196439
196452,13,196439
196454,67,196387
196456,3,196453
196458,5,196453
196460,7,196453
196462,3,196459
196464,5,196459
196466,7,196459
196468,29,196439
196470,11,196459
196472,13,196459
196474,137,196337
196476,17,196459
196478,19,196459
196480,3,196477
196482,5,196477
196484,7,196477
196486,47,196439
196488,11,196477
196490,13,196477
196492,53,196439
196494,17,196477
196496,19,196477
196498,59,196439
196500,23,196477
196502,3,196499
196504,3,196501
196506,5,196501
196508,7,196501
196510,11,196499
196512,11,196501
196514,13,196501
196516,17,196499
196518,17,196501
196520,19,196501
196522,3,196519
196524,5,196519
196526,3,196523
196528,5,196523
196530,7,196523
196532,13,196519
196534,11,196523
196536,13,196523
196538,19,196519
196540,17,196523
196542,19,196523
196544,3,196541
196546,3,196543
196548,5,196543
196550,7,196543
196552,3,196549
196554,5,196549
196556,7,196549
196558,17,196541
196560,11,196549
196562,13,196549
196564,3,196561
196566,5,196561
196568,7,196561
196570,29,196541
196572,11,196561
196574,13,196561
196576,53,196523
196578,17,196561
196580,19,196561
196582,3,196579
196584,5,196579
196586,3,196583
196588,5,196583
196590,7,196583
196592,13,196579
196594,11,196583
196596,13,196583
196598,19,196579
196600,3,196597
196602,5,196597
196604,7,196597
196606,23,196583
196608,11,196597
196610,13,196597
196612,29,196583
196614,17,196597
196616,3,196613
196618,5,196613
196620,7,196613
196622,43,196579
196624,11,196613
196626,13,196613
196628,31,196597
196630,17,196613
196632,19,196613
196634,37,196597
196636,23,196613
196638,41,196597
196640,43,196597
196642,29,196613
196644,31,196613
196646,3,196643
196648,5,196643
196650,7,196643
196652,73,196579
196654,11,196643
196656,13,196643
196658,61,196597
196660,3,196657
196662,5,196657
196664,3,196661
196666,3,196663
196668,5,196663
196670,7,196663
196672,11,196661
196674,11,196663
196676,13,196663
196678,17,196661
196680,17,196663
196682,19,196663
196684,3,196681
196686,5,196681
196688,7,196681
196690,3,196687
196692,5,196687
196694,7,196687
196696,53,196643
196698,11,196687
196700,13,196687
196702,3,196699
196704,5,196699
196706,7,196699
196708,47,196661
196710,11,196699
196712,3,196709
196714,5,196709
196716,7,196709
196718,19,196699
196720,3,196717
196722,5,196717
196724,7,196717
196726,17,196709
196728,11,196717
196730,3,196727
196732,5,196727
196734,7,196727
196736,19,196717
196738,11,196727
196740,13,196727
196742,3,196739
196744,5,196739
196746,7,196739
196748,31,196717
196750,11,196739
196752,13,196739
196754,3,196751
196756,5,196751
196758,7,196751
196760,43,196717
196762,11,196751
196764,13,196751
196766,67,196699
196768,17,196751
196770,19,196751
196772,3,196769
196774,3,196771
196776,5,196771
196778,7,196771
196780,11,196769
196782,11,196771
196784,13,196771
196786,17,196769
196788,17,196771
196790,19,196771
196792,23,196769
196794,23,196771
196796,79,196717
196798,29,196769
196800,29,196771
196802,3,196799
196804,5,196799
196806,7,196799
196808,37,196771
196810,11,196799
196812,13,196799
196814,43,196771
196816,17,196799
196818,19,196799
196820,3,196817
196822,5,196817
196824,7,196817
196826,109,196717
196828,11,196817
196830,13,196817
196832,61,196771
196834,3,196831
196836,5,196831
196838,7,196831
196840,3,196837
196842,5,196837
196844,7,196837
196846,29,196817
196848,11,196837
196850,13,196837
196852,53,196799
196854,17,196837
196856,3,196853
196858,5,196853
196860,7,196853
196862,31,196831
196864,11,196853
196866,13,196853
196868,31,196837
196870,17,196853
196872,19,196853
196874,3,196871
196876,3,196873
196878,5,196873
196880,7,196873
196882,3,196879
196884,5,196879
196886,7,196879
196888,17,196871
196890,11,196879
196892,13,196879
196894,23,196871
196896,17,196879
196898,19,196879
196900,29,196871
196902,23,196879
196904,3,196901
196906,5,196901
196908,7,196901
196910,3,196907
196912,5,196907
196914,7,196907
196916,37,196879
196918,11,196907
196920,13,196907
196922,3,196919
196924,5,196919
196926,7,196919
196928,97,196831
196930,3,196927
196932,5,196927
196934,7,196927
196936,17,196919
196938,11,196927
196940,13,196927
196942,23,196919
196944,17,196927
196946,19,196927
196948,29,196919
196950,23,196927
196952,73,196879
196954,47,196907
196956,29,196927
196958,31,196927
196960,41,196919
196962,43,196919
196964,3,196961
196966,5,196961
196968,7,196961
196970,43,196927
196972,11,196961
196974,13,196961
196976,97,196879
196978,17,196961
196980,19,196961
196982,103,196879
196984,23,196961
196986,59,196927
196988,61,196927
196990,29,196961
196992,31,196961
196994,3,196991
196996,3,196993
196998,5,196993
197000,7,196993
197002,11,196991
197004,11,196993
197006,3,197003
197008,5,197003
197010,7,197003
197012,3,197009
197014,5,197009
197016,7,197009
197018,139,196879
197020,11,197009
197022,13,197009
197024,31,196993
197026,3,197023
197028,5,197023
197030,7,197023
197032,23,197009
197034,11,197023
197036,3,197033
197038,5,197033
197040,7,197033
197042,19,197023
197044,11,197033
197046,13,197033
197048,211,196837
197050,17,197033
197052,19,197033
197054,31,197023
197056,23,197033
197058,67,196991
197060,37,197023
197062,3,197059
197064,5,197059
197066,3,197063
197068,5,197063
197070,7,197063
197072,13,197059
197074,11,197063
197076,13,197063
197078,19,197059
197080,3,197077
197082,5,197077
197084,7,197077
197086,3,197083
197088,5,197083
197090,7,197083
197092,3,197089
197094,5,197089
197096,7,197089
197098,89,197009
197100,11,197089
197102,13,197089
197104,3,197101
197106,5,197101
197108,7,197101
197110,47,197063
197112,11,197101
197114,13,197101
197116,53,197063
197118,17,197101
197120,3,197117
197122,5,197117
197124,7,197117
197126,3,197123
197128,5,197123
197130,7,197123
197132,31,197101
197134,11,197123
197136,13,197123
197138,37,197101
197140,3,197137
197142,5,197137
197144,7,197137
197146,23,197123
197148,11,197137
197150,3,197147
197152,5,197147
197154,7,197147
197156,19,197137
197158,11,197147
197160,13,197147
197162,3,197159
197164,3,197161
197166,5,197161
197168,7,197161
197170,11,197159
197172,11,197161
197174,13,197161
197176,17,197159
197178,17,197161
197180,19,197161
197182,23,197159
197184,23,197161
197186,97,197089
197188,29,197159
197190,29,197161
197192,31,197161
197194,47,197147
197196,37,197159
197198,37,197161
197200,41,197159
197202,41,197161
197204,43,197161
197206,3,197203
197208,5,197203
197210,3,197207
197212,5,197207
197214,7,197207
197216,13,197203
197218,11,197207
197220,13,197207
197222,19,197203
197224,3,197221
197226,5,197221
197228,7,197221
197230,23,197207
197232,11,197221
197234,13,197221
197236,3,197233
197238,5,197233
197240,7,197233
197242,83,197159
197244,11,197233
197246,3,197243
197248,5,197243
197250,7,197243
197252,19,197233
197254,11,197243
197256,13,197243
197258,37,197221
197260,3,197257
197262,5,197257
197264,3,197261
197266,5,197261
197268,7,197261
197270,13,197257
197272,3,197269
197274,5,197269
197276,3,197273
197278,5,197273
197280,7,197273
197282,3,197279
197284,5,197279
197286,7,197279
197288,19,197269
197290,11,197279
197292,13,197279
197294,37,197257
197296,3,197293
197298,5,197293
197300,3,197297
197302,3,197299
197304,5,197299
197306,7,197299
197308,11,197297
197310,11,197299
197312,13,197299
197314,3,197311
197316,5,197311
197318,7,197311
197320,23,197297
197322,11,197311
197324,13,197311
197326,29,197297
197328,17,197311
197330,19,197311
197332,53,197279
197334,23,197311
197336,37,197299
197338,41,197297
197340,29,197311
197342,3,197339
197344,3,197341
197346,5,197341
197348,7,197341
197350,3,197347
197352,5,197347
197354,7,197347
197356,17,197339
197358,11,197347
197360,13,197347
197362,3,197359
197364,5,197359
197366,7,197359
197368,29,197339
197370,11,197359
197372,3,197369
197374,3,197371
197376,5,197371
197378,7,197371
197380,11,197369
197382,11,197371
197384,3,197381
197386,3,197383
197388,5,197383
197390,7,197383
197392,3,197389
197394,5,197389
197396,7,197389
197398,17,197381
197400,11,197389
197402,13,197389
197404,23,197381
197406,17,197389
197408,19,197389
197410,29,197381
197412,23,197389
197414,31,197383
197416,47,197369
197418,29,197389
197420,31,197389
197422,3,197419
197424,5,197419
197426,3,197423
197428,5,197423
197430,7,197423
197432,13,197419
197434,11,197423
197436,13,197423
197438,19,197419
197440,17,197423
197442,19,197423
197444,3,197441
197446,5,197441
197448,7,197441
197450,31,197419
197452,11,197441
197454,13,197441
197456,3,197453
197458,5,197453
197460,7,197453
197462,43,197419
197464,11,197453
197466,13,197453
197468,79,197389
197470,17,197453
197472,19,197453
197474,103,197371
197476,23,197453
197478,37,197441
197480,61,197419
197482,3,197479
197484,5,197479
197486,7,197479
197488,47,197441
197490,11,197479
197492,13,197479
197494,41,197453
197496,17,197479
197498,19,197479
197500,47,197453
197502,23,197479
197504,157,197347
197506,53,197453
197508,29,197479
197510,3,197507
197512,5,197507
197514,7,197507
197516,37,197479
197518,11,197507
197520,13,197507
197522,43,197479
197524,3,197521
197526,5,197521
197528,7,197521
197530,23,197507
197532,11,197521
197534,13,197521
197536,29,197507
197538,17,197521
197540,19,197521
197542,3,197539
197544,5,197539
197546,7,197539
197548,41,197507
197550,11,197539
197552,13,197539
197554,3,197551
197556,5,197551
197558,7,197551
197560,53,197507
197562,11,197551
197564,13,197551
197566,59,197507
197568,17,197551
197570,3,197567
197572,3,197569
197574,5,197569
197576,3,197573
197578,5,197573
197580,7,197573
197582,13,197569
197584,11,197573
197586,13,197573
197588,19,197569
197590,17,197573
197592,19,197573
197594,43,197551
197596,23,197573
197598,29,197569
197600,3,197597
197602,3,197599
197604,5,197599
197606,7,197599
197608,11,197597
197610,11,197599
197612,3,197609
197614,5,197609
197616,7,197609
197618,19,197599
197620,11,197609
197622,13,197609
197624,3,197621
197626,5,197621
197628,7,197621
197630,31,197599
197632,11,197621
197634,13,197621
197636,37,197599
197638,17,197621
197640,19,197621
197642,43,197599
197644,3,197641
197646,5,197641
197648,7,197641
197650,3,197647
197652,5,197647
197654,3,197651
197656,5,197651
197658,7,197651
197660,13,197647
197662,11,197651
197664,13,197651
197666,19,197647
197668,17,197651
197670,19,197651
197672,31,197641
197674,23,197651
197676,29,197647
197678,31,197647
197680,3,197677
197682,5,197677
197684,7,197677
197686,3,197683
197688,5,197683
197690,7,197683
197692,3,197689
197694,5,197689
197696,7,197689
197698,47,197651
197700,11,197689
197702,3,197699
197704,5,197699
197706,7,197699
197708,19,197689
197710,11,197699
197712,13,197699
197714,3,197711
197716,3,197713
197718,5,197713
197720,7,197713
197722,11,197711
197724,11,197713
197726,13,197713
197728,17,197711
197730,17,197713
197732,19,197713
197734,23,197711
197736,23,197713
197738,61,197677
197740,29,197711
197742,29,197713
197744,3,197741
197746,5,197741
197748,7,197741
197750,37,197713
197752,11,197741
197754,13,197741
197756,3,197753
197758,5,197753
197760,7,197753
197762,3,197759
197764,5,197759
197766,7,197759
197768,79,197689
197770,3,197767
197772,5,197767
197774,7,197767
197776,3,197773
197778,5,197773
197780,7,197773
197782,3,197779
197784,5,197779
197786,7,197779
197788,29,197759
197790,11,197779
197792,13,197779
197794,41,197753
197796,17,197779
197798,19,197779
197800,41,197759
197802,23,197779
197804,31,197773
197806,3,197803
197808,5,197803
197810,3,197807
197812,5,197807
197814,7,197807
197816,13,197803
197818,11,197807
197820,13,197807
197822,19,197803
197824,17,197807
197826,19,197807
197828,61,197767
197830,23,197807
197832,29,197803
197834,3,197831
197836,5,197831
197838,7,197831
197840,3,197837
197842,5,197837
197844,7,197837
197846,43,197803
197848,11,197837
197850,13,197837
197852,73,197779
197854,17,197837
197856,19,197837
197858,79,197779
197860,23,197837
197862,31,197831
197864,61,197803
197866,29,197837
197868,31,197837
197870,67,197803
197872,41,197831
197874,37,197837
197876,73,197803
197878,41,197837
197880,43,197837
197882,79,197803
197884,47,197837
197886,79,197807
197888,109,197779
197890,3,197887
197892,5,197887
197894,3,197891
197896,3,197893
197898,5,197893
197900,7,197893
197902,11,197891
197904,11,197893
197906,13,197893
197908,17,197891
197910,17,197893
197912,3,197909
197914,5,197909
197916,7,197909
197918,31,197887
197920,11,197909
197922,13,197909
197924,3,197921
197926,5,197921
197928,7,197921
197930,3,197927
197932,5,197927
197934,7,197927
197936,3,197933
197938,5,197933
197940,7,197933
197942,139,197803
197944,11,197933
197946,13,197933
197948,61,197887
197950,3,197947
197952,5,197947
197954,7,197947
197956,23,197933
197958,11,197947
197960,3,197957
197962,3,197959
197964,5,197959
197966,3,197963
197968,5,197963
197970,7,197963
197972,3,197969
197974,3,197971
197976,5,197971
197978,7,197971
197980,11,197969
197982,11,197971
197984,13,197971
197986,17,197969
197988,17,197971
197990,19,197971
197992,23,197969
197994,23,197971
197996,37,197959
197998,29,197969
198000,29,197971
198002,31,197971
198004,41,197963
198006,37,197969
198008,37,197971
198010,41,197969
198012,41,197971
198014,43,197971
198016,3,198013
198018,5,198013
198020,3,198017
198022,5,198017
198024,7,198017
198026,13,198013
198028,11,198017
198030,13,198017
198032,19,198013
198034,3,198031
198036,5,198031
198038,7,198031
198040,23,198017
198042,11,198031
198044,13,198031
198046,3,198043
198048,5,198043
198050,3,198047
198052,5,198047
198054,7,198047
198056,13,198043
198058,11,198047
198060,13,198047
198062,19,198043
198064,17,198047
198066,19,198047
198068,37,198031
198070,23,198047
198072,29,198043
198074,31,198043
198076,3,198073
198078,5,198073
198080,7,198073
198082,113,197969
198084,11,198073
198086,3,198083
198088,5,198083
198090,7,198083
198092,19,198073
198094,3,198091
198096,5,198091
198098,7,198091
198100,3,198097
198102,5,198097
198104,7,198097
198106,23,198083
198108,11,198097
198110,13,198097
198112,3,198109
198114,5,198109
198116,7,198109
198118,71,198047
198120,11,198109
198122,13,198109
198124,41,198083
198126,17,198109
198128,19,198109
198130,3,198127
198132,5,198127
198134,7,198127
198136,53,198083
198138,11,198127
198140,13,198127
198142,3,198139
198144,5,198139
198146,7,198139
198148,101,198047
198150,11,198139
198152,13,198139
198154,71,198083
198156,17,198139
198158,19,198139
198160,113,198047
198162,23,198139
198164,37,198127
198166,83,198083
198168,29,198139
198170,31,198139
198172,89,198083
198174,47,198127
198176,3,198173
198178,5,198173
198180,7,198173
198182,3,198179
198184,5,198179
198186,7,198179
198188,61,198127
198190,11,198179
198192,13,198179
198194,67,198127
198196,3,198193
198198,5,198193
198200,3,198197
198202,5,198197
198204,7,198197
198206,13,198193
198208,11,198197
198210,13,198197
198212,19,198193
198214,17,198197
198216,19,198197
198218,79,198139
198220,23,198197
198222,29,198193
198224,3,198221
198226,3,198223
198228,5,198223
198230,7,198223
198232,11,198221
198234,11,198223
198236,13,198223
198238,17,198221
198240,17,198223
198242,19,198223
198244,3,198241
198246,5,198241
198248,7,198241
198250,29,198221
198252,11,198241
198254,3,198251
198256,5,198251
198258,7,198251
198260,3,198257
198262,3,198259
198264,5,198259
198266,7,198259
198268,11,198257
198270,11,198259
198272,13,198259
198274,17,198257
198276,17,198259
198278,19,198259
198280,3,198277
198282,5,198277
198284,3,198281
198286,5,198281
198288,7,198281
198290,13,198277
198292,11,198281
198294,13,198281
198296,19,198277
198298,17,198281
198300,19,198281
198302,43,198259
198304,3,198301
198306,5,198301
198308,7,198301
198310,29,198281
198312,11,198301
198314,13,198301
198316,3,198313
198318,5,198313
198320,7,198313
198322,41,198281
198324,11,198313
198326,3,198323
198328,5,198323
198330,7,198323
198332,19,198313
198334,11,198323
198336,13,198323
198338,37,198301
198340,3,198337
198342,5,198337
198344,7,198337
198346,23,198323
198348,11,198337
198350,3,198347
198352,3,198349
198354,5,198349
198356,7,198349
198358,11,198347
198360,11,198349
198362,13,198349
198364,17,198347
198366,17,198349
198368,19,198349
198370,23,198347
198372,23,198349
198374,37,198337
198376,29,198347
198378,29,198349
198380,3,198377
198382,5,198377
198384,7,198377
198386,37,198349
198388,11,198377
198390,13,198377
198392,43,198349
198394,3,198391
198396,5,198391
198398,7,198391
198400,3,198397
198402,5,198397
198404,7,198397
198406,29,198377
198408,11,198397
198410,13,198397
198412,3,198409
198414,5,198409
198416,3,198413
198418,5,198413
198420,7,198413
198422,13,198409
198424,11,198413
198426,13,198413
198428,19,198409
198430,3,198427
198432,5,198427
198434,7,198427
198436,23,198413
198438,11,198427
198440,3,198437
198442,3,198439
198444,5,198439
198446,7,198439
198448,11,198437
198450,11,198439
198452,13,198439
198454,17,198437
198456,17,198439
198458,19,198439
198460,23,198437
198462,23,198439
198464,3,198461
198466,3,198463
198468,5,198463
198470,7,198463
198472,3,198469
198474,5,198469
198476,7,198469
198478,17,198461
198480,11,198469
198482,3,198479
198484,5,198479
198486,7,198479
198488,19,198469
198490,11,198479
198492,13,198479
198494,3,198491
198496,5,198491
198498,7,198491
198500,31,198469
198502,11,198491
198504,13,198491
198506,3,198503
198508,5,198503
198510,7,198503
198512,43,198469
198514,11,198503
198516,13,198503
198518,79,198439
198520,17,198503
198522,19,198503
198524,61,198463
198526,23,198503
198528,37,198491
198530,61,198469
198532,3,198529
198534,5,198529
198536,3,198533
198538,5,198533
198540,7,198533
198542,13,198529
198544,11,198533
198546,13,198533
198548,19,198529
198550,17,198533
198552,19,198533
198554,127,198427
198556,3,198553
198558,5,198553
198560,7,198553
198562,29,198533
198564,11,198553
198566,13,198553
198568,89,198479
198570,17,198553
198572,19,198553
198574,3,198571
198576,5,198571
198578,7,198571
198580,47,198533
198582,11,198571
198584,13,198571
198586,53,198533
198588,17,198571
198590,19,198571
198592,3,198589
198594,5,198589
198596,3,198593
198598,5,198593
198600,7,198593
198602,3,198599
198604,5,198599
198606,7,198599
198608,19,198589
198610,11,198599
198612,13,198599
198614,43,198571
198616,3,198613
198618,5,198613
198620,7,198613
198622,23,198599
198624,11,198613
198626,3,198623
198628,5,198623
198630,7,198623
198632,19,198613
198634,11,198623
198636,13,198623
198638,67,198571
198640,3,198637
198642,5,198637
198644,3,198641
198646,5,198641
198648,7,198641
198650,3,198647
198652,5,198647
198654,7,198647
198656,19,198637
198658,11,198647
198660,13,198647
198662,3,198659
198664,5,198659
198666,7,198659
198668,31,198637
198670,11,198659
198672,13,198659
198674,37,198637
198676,3,198673
198678,5,198673
198680,7,198673
198682,23,198659
198684,11,198673
198686,13,198673
198688,29,198659
198690,17,198673
198692,3,198689
198694,5,198689
198696,7,198689
198698,61,198637
198700,11,198689
198702,13,198689
198704,3,198701
198706,5,198701
198708,7,198701
198710,37,198673
198712,11,198701
198714,13,198701
198716,43,198673
198718,17,198701
198720,19,198701
198722,3,198719
198724,5,198719
198726,7,198719
198728,139,198589
198730,11,198719
198732,13,198719
198734,61,198673
198736,3,198733
198738,5,198733
198740,7,198733
198742,23,198719
198744,11,198733
198746,13,198733
198748,29,198719
198750,17,198733
198752,19,198733
198754,53,198701
198756,23,198733
198758,229,198529
198760,41,198719
198762,29,198733
198764,3,198761
198766,5,198761
198768,7,198761
198770,37,198733
198772,3,198769
198774,5,198769
198776,7,198769
198778,17,198761
198780,11,198769
198782,13,198769
198784,23,198761
198786,17,198769
198788,19,198769
198790,29,198761
198792,23,198769
198794,61,198733
198796,107,198689
198798,29,198769
198800,31,198769
198802,41,198761
198804,43,198761
198806,37,198769
198808,47,198761
198810,41,198769
198812,43,198769
198814,3,198811
198816,5,198811
198818,7,198811
198820,3,198817
198822,5,198817
198824,7,198817
198826,3,198823
198828,5,198823
198830,3,198827
198832,3,198829
198834,5,198829
198836,3,198833
198838,5,198833
198840,7,198833
198842,3,198839
198844,3,198841
198846,5,198841
198848,7,198841
198850,11,198839
198852,11,198841
198854,3,198851
198856,5,198851
198858,7,198851
198860,19,198841
198862,3,198859
198864,5,198859
198866,7,198859
198868,17,198851
198870,11,198859
198872,13,198859
198874,23,198851
198876,17,198859
198878,19,198859
198880,29,198851
198882,23,198859
198884,43,198841
198886,47,198839
198888,29,198859
198890,31,198859
198892,41,198851
198894,43,198851
198896,37,198859
198898,47,198851
198900,41,198859
198902,3,198899
198904,3,198901
198906,5,198901
198908,7,198901
198910,11,198899
198912,11,198901
198914,13,198901
198916,17,198899
198918,17,198901
198920,19,198901
198922,23,198899
198924,23,198901
198926,67,198859
198928,29,198899
198930,29,198901
198932,3,198929
198934,5,198929
198936,7,198929
198938,37,198901
198940,3,198937
198942,5,198937
198944,3,198941
198946,3,198943
198948,5,198943
198950,7,198943
198952,11,198941
198954,11,198943
198956,3,198953
198958,5,198953
198960,7,198953
198962,3,198959
198964,5,198959
198966,7,198959
198968,31,198937
198970,3,198967
198972,5,198967
198974,3,198971
198976,5,198971
198978,7,198971
198980,3,198977
198982,5,198977
198984,7,198977
198986,19,198967
198988,11,198977
198990,13,198977
198992,151,198841
198994,17,198977
198996,19,198977
198998,31,198967
199000,3,198997
199002,5,198997
199004,7,198997
199006,29,198977
199008,11,198997
199010,13,198997
199012,41,198971
199014,17,198997
199016,19,198997
199018,41,198977
199020,23,198997
199022,79,198943
199024,3,199021
199026,5,199021
199028,7,199021
199030,53,198977
199032,11,199021
199034,13,199021
199036,3,199033
199038,5,199033
199040,3,199037
199042,3,199039
199044,5,199039
199046,7,199039
199048,11,199037
199050,11,199039
199052,3,199049
199054,5,199049
199056,7,199049
199058,19,199039
199060,11,199049
199062,13,199049
199064,31,199033
199066,17,199049
199068,19,199049
199070,31,199039
199072,23,199049
199074,37,199037
199076,37,199039
199078,29,199049
199080,31,199049
199082,43,199039
199084,3,199081
199086,5,199081
199088,7,199081
199090,41,199049
199092,11,199081
199094,13,199081
199096,47,199049
199098,17,199081
199100,19,199081
199102,53,199049
199104,23,199081
199106,3,199103
199108,5,199103
199110,7,199103
199112,3,199109
199114,5,199109
199116,7,199109
199118,37,199081
199120,11,199109
199122,13,199109
199124,43,199081
199126,17,199109
199128,19,199109
199130,97,199033
199132,23,199109
199134,31,199103
199136,97,199039
199138,29,199109
199140,31,199109
199142,61,199081
199144,41,199103
199146,37,199109
199148,67,199081
199150,41,199109
199152,43,199109
199154,3,199151
199156,3,199153
199158,5,199153
199160,7,199153
199162,11,199151
199164,11,199153
199166,13,199153
199168,17,199151
199170,17,199153
199172,19,199153
199174,23,199151
199176,23,199153
199178,97,199081
199180,29,199151
199182,29,199153
199184,3,199181
199186,5,199181
199188,7,199181
199190,37,199153
199192,11,199181
199194,13,199181
199196,3,199193
199198,5,199193
199200,7,199193
199202,163,199039
199204,11,199193
199206,13,199193
199208,127,199081
199210,3,199207
199212,5,199207
199214,3,199211
199216,5,199211
199218,7,199211
199220,13,199207
199222,11,199211
199224,13,199211
199226,19,199207
199228,17,199211
199230,19,199211
199232,79,199153
199234,23,199211
199236,29,199207
199238,31,199207
199240,29,199211
199242,31,199211
199244,37,199207
199246,53,199193
199248,37,199211
199250,3,199247
199252,5,199247
199254,7,199247
199256,103,199153
199258,11,199247
199260,13,199247
199262,109,199153
199264,3,199261
199266,5,199261
199268,7,199261
199270,3,199267
199272,5,199267
199274,7,199267
199276,29,199247
199278,11,199267
199280,13,199267
199282,71,199211
199284,17,199267
199286,19,199267
199288,41,199247
199290,23,199267
199292,3,199289
199294,5,199289
199296,7,199289
199298,31,199267
199300,11,199289
199302,13,199289
199304,37,199267
199306,17,199289
199308,19,199289
199310,43,199267
199312,23,199289
199314,47,199267
199316,3,199313
199318,5,199313
199320,7,199313
199322,61,199261
199324,3,199321
199326,5,199321
199328,7,199321
199330,17,199313
199332,11,199321
199334,13,199321
199336,23,199313
199338,17,199321
199340,3,199337
199342,5,199337
199344,7,199337
199346,3,199343
199348,5,199343
199350,7,199343
199352,31,199321
199354,11,199343
199356,13,199343
199358,37,199321
199360,3,199357
199362,5,199357
199364,7,199357
199366,23,199343
199368,11,199357
199370,13,199357
199372,29,199343
199374,17,199357
199376,3,199373
199378,5,199373
199380,7,199373
199382,3,199379
199384,5,199379
199386,7,199379
199388,31,199357
199390,11,199379
199392,13,199379
199394,37,199357
199396,17,199379
199398,19,199379
199400,43,199357
199402,3,199399
199404,5,199399
199406,3,199403
199408,5,199403
199410,7,199403
199412,13,199399
199414,3,199411
199416,5,199411
199418,7,199411
199420,3,199417
199422,5,199417
199424,7,199417
199426,23,199403
199428,11,199417
199430,13,199417
199432,3,199429
199434,5,199429
199436,7,199429
199438,59,199379
199440,11,199429
199442,13,199429
199444,41,199403
199446,17,199429
199448,19,199429
199450,3,199447
199452,5,199447
199454,7,199447
199456,3,199453
199458,5,199453
199460,3,199457
199462,5,199457
199464,7,199457
199466,13,199453
199468,11,199457
199470,13,199457
199472,19,199453
199474,17,199457
199476,19,199457
199478,31,199447
199480,23,199457
199482,29,199453
199484,31,199453
199486,3,199483
199488,5,199483
199490,3,199487
199492,3,199489
199494,5,199489
199496,7,199489
199498,11,199487
199500,11,199489
199502,3,199499
199504,3,199501
199506,5,199501
199508,7,199501
199510,11,199499
199512,11,199501
199514,13,199501
199516,17,199499
199518,17,199501
199520,19,199501
199522,23,199499
199524,23,199501
199526,3,199523
199528,5,199523
199530,7,199523
199532,31,199501
199534,11,199523
199536,13,199523
199538,37,199501
199540,17,199523
199542,19,199523
199544,43,199501
199546,23,199523
199548,47,199501
199550,61,199489
199552,29,199523
199554,31,199523
199556,67,199489
199558,59,199499
199560,37,199523
199562,3,199559
199564,5,199559
199566,7,199559
199568,67,199501
199570,3,199567
199572,5,199567
199574,7,199567
199576,17,199559
199578,11,199567
199580,13,199567
199582,23,199559
199584,17,199567
199586,3,199583
199588,5,199583
199590,7,199583
199592,103,199489
199594,11,199583
199596,13,199583
199598,31,199567
199600,17,199583
199602,19,199583
199604,3,199601
199606,3,199603
199608,5,199603
199610,7,199603
199612,11,199601
199614,11,199603
199616,13,199603
199618,17,199601
199620,17,199603
199622,19,199603
199624,3,199621
199626,5,199621
199628,7,199621
199630,29,199601
199632,11,199621
199634,13,199621
199636,53,199583
199638,17,199621
199640,3,199637
199642,5,199637
199644,7,199637
199646,43,199603
199648,11,199637
199650,13,199637
199652,31,199621
199654,17,199637
199656,19,199637
199658,37,199621
199660,3,199657
199662,5,199657
199664,7,199657
199666,29,199637
199668,11,199657
199670,13,199657
199672,3,199669
199674,5,199669
199676,3,199673
199678,5,199673
199680,7,199673
199682,3,199679
199684,5,199679
199686,7,199679
199688,19,199669
199690,3,199687
199692,5,199687
199694,7,199687
199696,17,199679
199698,11,199687
199700,3,199697
199702,5,199697
199704,7,199697
199706,19,199687
199708,11,199697
199710,13,199697
199712,43,199669
199714,17,199697
199716,19,199697
199718,31,199687
199720,23,199697
199722,43,199679
199724,3,199721
199726,5,199721
199728,7,199721
199730,43,199687
199732,3,199729
199734,5,199729
199736,7,199729
199738,17,199721
199740,11,199729
199742,3,199739
199744,3,199741
199746,5,199741
199748,7,199741
199750,11,199739
199752,11,199741
199754,3,199751
199756,3,199753
199758,5,199753
199760,7,199753
199762,11,199751
199764,11,199753
199766,13,199753
199768,17,199751
199770,17,199753
199772,19,199753
199774,23,199751
199776,23,199753
199778,37,199741
199780,3,199777
199782,5,199777
199784,7,199777
199786,3,199783
199788,5,199783
199790,7,199783
199792,41,199751
199794,11,199783
199796,13,199783
199798,47,199751
199800,17,199783
199802,3,199799
199804,5,199799
199806,7,199799
199808,31,199777
199810,3,199807
199812,5,199807
199814,3,199811
199816,3,199813
199818,5,199813
199820,7,199813
199822,3,199819
199824,5,199819
199826,7,199819
199828,17,199811
199830,11,199819
199832,13,199819
199834,3,199831
199836,5,199831
199838,7,199831
199840,29,199811
199842,11,199831
199844,13,199831
199846,47,199799
199848,17,199831
199850,19,199831
199852,41,199811
199854,23,199831
199856,3,199853
199858,5,199853
199860,7,199853
199862,31,199831
199864,11,199853
199866,13,199853
199868,37,199831
199870,17,199853
199872,19,199853
199874,43,199831
199876,3,199873
199878,5,199873
199880,3,199877
199882,5,199877
199884,7,199877
199886,13,199873
199888,11,199877
199890,13,199877
199892,3,199889
199894,5,199889
199896,7,199889
199898,67,199831
199900,11,199889
199902,13,199889
199904,31,199873
199906,17,199889
199908,19,199889
199910,37,199873
199912,3,199909
199914,5,199909
199916,7,199909
199918,29,199889
199920,11,199909
199922,13,199909
199924,3,199921
199926,5,199921
199928,7,199921
199930,41,199889
199932,11,199921
199934,3,199931
199936,3,199933
199938,5,199933
199940,7,199933
199942,11,199931
199944,11,199933
199946,13,199933
199948,17,199931
199950,17,199933
199952,19,199933
199954,23,199931
199956,23,199933
199958,37,199921
199960,29,199931
199962,29,199933
199964,3,199961
199966,5,199961
199968,7,199961
199970,3,199967
199972,5,199967
199974,7,199967
199976,43,199933
199978,11,199967
199980,13,199967
199982,61,199921
199984,17,199967
199986,19,199967
199988,67,199921
199990,23,199967
199992,31,199961
199994,61,199933
199996,29,199967
199998,31,199967
200000,67,199933
